# https://github.com/mikedh/trimesh
v 9.94172683 110.04642535 -12.18940535
v 9.94172683 110.04642535 -13.99440535
v 8.74629067 109.14037216 -13.99440535
v 8.74629067 109.14037216 -12.18940535
v 11.56752001 111.27865768 -12.18950535
v 12.30669804 111.83890057 -12.18950535
v 12.30669804 111.83890057 -13.99450535
v 10.86818986 110.74861657 -13.99450535
v 10.86818986 110.74861657 -12.18950535
v 11.94408241 111.56406444 -10.98950535
v 11.94408241 111.56406444 -11.41450535
v 11.94408241 111.56406444 -11.88950535
v 11.60537549 111.30734937 -11.88950535
v 11.56552762 111.27714760 -11.88950535
v 11.22682071 111.02043253 -11.88950535
v 11.22682071 111.02043253 -10.98950535
v -1.96952963 122.18607326 -14.11171934
v -1.96952963 122.18607326 -12.30671934
v -0.87924562 120.74756507 -12.30671934
v -0.87924562 120.74756507 -14.11171934
v -3.07944478 123.65048256 -13.12471934
v -3.10964655 123.69033043 -13.12471934
v -3.21535276 123.82979798 -13.12471934
v -3.21535276 123.82979798 -12.72471934
v -2.97373857 123.51101501 -12.72471934
v -2.97373857 123.51101501 -13.12471934
v 0.51758637 118.90460099 -13.12471934
v 0.48738460 118.94444886 -13.12471934
v 0.38167839 119.08391641 -13.12471934
v 0.38167839 119.08391641 -12.72471934
v 0.62329258 118.76513344 -12.72471934
v 0.62329258 118.76513344 -13.12471934
v 2.13338122 116.77273983 -13.12471934
v 2.13338122 116.77273983 -12.72471934
v 2.37499540 116.45395685 -12.72471934
v 2.37499540 116.45395685 -13.12471934
v 4.14179912 114.12285633 -13.12471934
v 4.11159735 114.16270420 -13.12471934
v 4.00589114 114.30217176 -13.12471934
v 4.00589114 114.30217176 -12.72471934
v 4.24750532 113.98338878 -12.72471934
v 4.24750532 113.98338878 -13.12471934
v 7.21458790 110.06865412 -13.12471934
v 7.18438612 110.10850199 -13.12471934
v 7.07867992 110.24796955 -13.12471934
v 7.07867992 110.24796955 -12.72471934
v 7.32029410 109.92918657 -12.72471934
v 7.32029410 109.92918657 -13.12471934
v 5.54014120 112.27789985 -13.12471934
v 5.54014120 112.27789985 -12.72471934
v 5.78175539 111.95911687 -12.72471934
v 5.78175539 111.95911687 -13.12471934
v 13.16733158 114.37701810 -12.24468321
v 13.16733158 114.37701810 -14.44468321
v 13.12748371 114.34681633 -14.44468321
v 12.47955731 113.85573550 -14.44468321
v 12.43970943 113.82553373 -14.44468321
v 12.43970943 113.82553373 -12.24468321
v 13.89535220 114.92880449 -12.30668321
v 13.89535220 114.92880449 -14.11168321
v 13.32552763 114.49691914 -14.11168321
v 13.32552763 114.49691914 -12.30668321
v 6.96815995 124.39960444 -12.63966804
v 6.60573868 124.87777890 -12.63966804
v 6.60573868 124.87777890 -14.44466804
v 6.96815995 124.39960444 -14.44466804
v 13.03696460 116.39249331 -12.30666804
v 13.03696460 116.39249331 -14.11166804
v 13.40723834 115.90395840 -14.11166804
v 13.94301779 115.19705715 -14.11166804
v 13.94301779 115.19705715 -12.30666804
v 10.97285464 119.11585629 -12.30666804
v 10.97285464 119.11585629 -14.11166804
v 11.52814443 118.38321331 -14.11166804
v 11.87890782 117.92042012 -14.11166804
v 11.87890782 117.92042012 -12.30666804
v 12.34111575 117.31058829 -12.30666804
v 12.00104379 117.75927533 -12.30666804
v 12.00104379 117.75927533 -14.11166804
v 12.90709698 116.56383916 -14.11166804
v 12.90709698 116.56383916 -12.30666804
v 7.08890664 124.24029264 -12.91466804
v 7.08890664 124.24029264 -14.11466804
v 7.43622703 123.78204212 -14.11466804
v 7.46642880 123.74219424 -14.11466804
v 7.81374919 123.28394371 -14.11466804
v 7.81374919 123.28394371 -12.91466804
v 16.89831182 124.30998936 -14.11174908
v 16.52290416 124.80529870 -14.11174908
v 15.99225954 125.50542622 -14.11174908
v 15.99225954 125.50542622 -12.30674908
v 16.55310590 124.76545080 -12.30674908
v 16.89831182 124.30998936 -12.30674908
v 16.89831182 124.30998936 -13.23424908
v 17.92819124 122.95117614 -14.11174908
v 17.36794892 123.69035459 -14.11174908
v 17.02213897 124.14661299 -14.11174908
v 17.02213897 124.14661299 -12.30674908
v 17.39815066 123.65050670 -12.30674908
v 17.92819124 122.95117614 -12.30674908
v 17.92819124 122.95117614 -13.23424908
v 14.63505364 127.29611093 -13.50674908
v 14.28773360 127.75436172 -13.50674908
v 14.28773360 127.75436172 -12.30674908
v 15.01257542 126.79801224 -12.30674908
v 15.01257542 126.79801224 -13.50674908
v 29.34965653 129.94768436 -14.11169710
v 29.34965653 129.94768436 -13.23419710
v 29.34965653 129.94768436 -13.18419710
v 29.34965653 129.94768436 -12.30669710
v 30.53421648 129.02745735 -12.30669710
v 30.53421648 129.02745735 -14.11169710
v 30.68426074 128.91089526 -14.11169710
v 30.68426074 128.91089526 -12.30669710
v 31.86882068 127.99066826 -12.30669710
v 31.86882068 127.99066826 -14.11169710
v 27.94003020 131.04275450 -14.11169710
v 27.90054487 131.07342873 -14.11169710
v 27.44646356 131.42618242 -14.11169710
v 27.44646356 131.42618242 -12.91169710
v 28.39411152 130.69000081 -12.91169710
v 28.39411152 130.69000081 -14.11169710
v 26.81185532 131.91917870 -14.11169710
v 26.81185532 131.91917870 -12.30669710
v 27.28567929 131.55108790 -12.30669710
v 27.28567929 131.55108790 -14.11169710
v 32.61971799 128.56977457 -12.24474088
v 33.06425273 129.35612039 -12.24474088
v 33.06425273 129.35612039 -14.44474088
v 33.03241237 129.29979738 -14.44474088
v 32.63654859 128.59954654 -14.44474088
v 32.60898970 128.55079711 -14.44474088
v 32.60898970 128.55079711 -12.24474088
v 32.27286967 127.95622808 -12.30674088
v 32.56499390 128.47297211 -12.30674088
v 32.56499390 128.47297211 -14.11174088
v 32.55785812 128.46034949 -14.11174088
v 32.26573389 127.94360546 -14.11174088
v 32.26573389 127.94360546 -12.30674088
v 35.34815679 129.66829240 -12.19151045
v 35.37883094 129.70777779 -12.19151045
v 35.91716240 130.40074640 -12.19151045
v 35.91716240 130.40074640 -13.99651045
v 34.80982533 128.97532379 -13.99651045
v 34.80982533 128.97532379 -13.11901045
v 34.80982533 128.97532379 -12.19151045
v 35.63956128 130.04340361 -10.98941045
v 35.63956128 130.04340361 -11.88941045
v 35.37883094 129.70777779 -11.88941045
v 35.34815679 129.66829240 -11.88941045
v 35.08742645 129.33266658 -11.88941045
v 35.08742645 129.33266658 -10.98941045
v 11.93540946 137.09890605 -13.35860917
v 11.93540946 137.09890605 -12.35860917
v 11.93459963 137.09831938 -12.35860917
v 10.96296324 136.39444243 -12.35860917
v 10.96207242 136.39379710 -12.35860917
v 10.96207242 136.39379710 -13.35860917
v 14.16634854 138.74172693 -13.12470531
v 14.16634854 138.74172693 -12.72470531
v 13.84756556 138.50011274 -12.72470531
v 13.84756556 138.50011274 -13.12470531
v 17.34405695 141.15019751 -13.12470531
v 17.34405695 141.15019751 -12.72470531
v 17.02527397 140.90858332 -12.72470531
v 17.02527397 140.90858332 -13.12470531
v 22.79724727 145.28331696 -14.11175662
v 22.79724727 145.28331696 -12.30675662
v 22.09791711 144.75327585 -12.30675662
v 22.05806924 144.72307407 -12.30675662
v 21.35873908 144.19303296 -12.30675662
v 21.35873908 144.19303296 -14.11175662
v 20.93037446 143.86836390 -13.12475662
v 20.93037446 143.86836390 -12.72475662
v 20.61159148 143.62674972 -12.72475662
v 20.61159148 143.62674972 -13.12475662
v 19.09737234 142.47908235 -13.12475662
v 19.09737234 142.47908235 -12.72475662
v 18.77858936 142.23746816 -12.72475662
v 18.77858936 142.23746816 -13.12475662
v 25.02798470 130.78422972 -12.24472525
v 25.02798470 130.78422972 -14.44472525
v 23.65323311 129.74226855 -14.44472525
v 23.65323311 129.74226855 -12.24472525
v 25.39765701 143.57919125 -12.33674741
v 25.39646541 143.58092044 -12.33674741
v 25.39629518 143.58116746 -12.33674741
v 24.86932215 144.34587859 -12.33674741
v 24.37191226 145.06768949 -12.33674741
v 24.37191226 145.06768949 -13.26424741
v 24.37191226 145.06768949 -14.14174741
v 24.37310387 145.06596030 -14.14174741
v 24.37446570 145.06398409 -14.14174741
v 24.90024713 144.30100215 -14.14174741
v 25.39765701 143.57919125 -14.14174741
v 22.02488651 125.22368271 -12.24474411
v 22.02488651 125.22368271 -14.44474411
v 21.98503864 125.19348093 -14.44474411
v 21.33711224 124.70240011 -14.44474411
v 21.29726437 124.67219833 -14.44474411
v 21.29726437 124.67219833 -12.24474411
v 21.30244459 124.67612456 -12.30674411
v 21.30244459 124.67612456 -14.11174411
v 20.82427013 124.31370329 -14.11174411
v 20.82427013 124.31370329 -12.30674411
v 25.87529824 142.29411735 -12.33675150
v 25.87529824 142.29411735 -14.44475150
v 26.47389738 141.50433252 -14.44475150
v 26.51980408 141.44376376 -14.44475150
v 26.51980408 141.44376376 -12.33675150
v 0.03242276 128.02924484 -14.11171430
v 0.03242276 128.02924484 -12.30671430
v -1.40608543 126.93896084 -12.30671430
v -1.40608543 126.93896084 -14.11171430
v 3.90563593 130.96485717 -14.04471430
v 3.90563593 130.96485717 -13.64471430
v 3.58685295 130.72324299 -13.64471430
v 3.58685295 130.72324299 -14.04471430
v 3.58685295 130.72324299 -13.12471430
v 3.58685295 130.72324299 -12.72471430
v 3.26806998 130.48162880 -12.72471430
v 3.26806998 130.48162880 -13.12471430
v 4.22441891 131.20647135 -13.12471430
v 4.22441891 131.20647135 -12.72471430
v 3.90563593 130.96485717 -12.72471430
v 3.90563593 130.96485717 -13.12471430
v 1.59047456 129.21013416 -13.12471430
v 1.59047456 129.21013416 -12.72471430
v 1.27169158 128.96851998 -12.72471430
v 1.27169158 128.96851998 -13.12471430
v -2.63339989 126.00874624 -13.12471430
v -2.63339989 126.00874624 -12.72471430
v -2.95218287 125.76713205 -12.72471430
v -2.95218287 125.76713205 -13.12471430
v 10.21261786 127.83115567 -12.30672968
v 10.21261778 127.83115571 -14.11172968
v 9.45949297 127.26034224 -14.11172966
v 9.45949305 127.26034220 -12.30672966
v 9.30209394 127.14104521 -12.30672966
v 9.30209387 127.14104525 -14.11172966
v 8.82391938 126.77862400 -14.11172964
v 8.82391946 126.77862396 -12.30672964
v 7.92774077 126.09938614 -12.30672962
v 8.66054317 126.65479670 -12.30672964
v 8.66054313 126.65479672 -13.23422964
v 8.66054310 126.65479674 -14.11172964
v 7.46510688 125.74874363 -14.11172961
v 7.46510692 125.74874361 -13.18422961
v 7.46510696 125.74874359 -12.30672961
v 30.21871379 138.23656462 -12.94970110
v 30.21871391 138.23656468 -12.72470110
v 29.90283083 138.48195800 -12.72470100
v 29.90283074 138.48195796 -12.89970100
v 29.90283062 138.48195790 -13.12470100
v 30.04102947 138.37459832 -13.12470104
v 30.21871370 138.23656458 -13.12470110
v 31.00960604 137.62216110 -12.94970135
v 31.00960616 137.62216115 -12.72470135
v 30.69372308 137.86755447 -12.72470125
v 30.69372299 137.86755443 -12.89970125
v 30.69372288 137.86755437 -13.12470125
v 30.83192172 137.76019480 -13.12470130
v 31.00960595 137.62216105 -13.12470135
v 34.85319235 134.63627652 -12.94970258
v 34.85319247 134.63627658 -12.72470258
v 34.53730939 134.88166990 -12.72470248
v 34.53730930 134.88166985 -12.89970248
v 34.53730919 134.88166980 -13.12470248
v 34.71499342 134.74363605 -13.12470253
v 34.85319226 134.63627648 -13.12470258
v 35.64290016 134.02279328 -12.72470283
v 35.32701708 134.26818660 -12.72470273
v 35.32701699 134.26818655 -12.89970273
v 35.32701688 134.26818650 -13.12470273
v 35.46521572 134.16082692 -13.12470277
v 35.64289995 134.02279317 -13.12470283
v 35.24804592 134.32953473 -13.49440270
v 34.93216284 134.57492805 -13.49440260
v 34.93216263 134.57492795 -13.89440260
v 35.24804571 134.32953463 -13.89440270
v 30.61475184 137.92890257 -13.65020123
v 30.29886876 138.17429589 -13.65020113
v 30.29886855 138.17429579 -14.05020113
v 30.61475163 137.92890247 -14.05020123
v 23.54243724 125.91161978 -12.33645935
v 23.54696951 125.91523897 -12.33646106
v 24.47756896 126.65835912 -12.33651280
v 24.47734160 126.65866852 -12.96151272
v 24.47714493 126.65896315 -13.53651264
v 24.46753334 126.65128799 -13.53660901
v 24.02157392 126.29517188 -13.53654045
v 23.98281523 126.26422153 -13.53652580
v 23.53693395 125.90816782 -13.53645727
v 23.53716131 125.90785842 -12.91145735
v 23.53735798 125.90756378 -12.33645743
v 42.52919961 117.00017134 -14.44466599
v 42.52919961 117.00017134 -12.23466599
v 41.63547677 116.63618715 -12.23466599
v 41.63547677 116.63618715 -14.44466599
v 41.32105304 116.50813261 -13.18366599
v 41.32105304 116.50813261 -12.59766599
v 40.91725702 116.34367965 -12.59766599
v 40.91725702 116.34367965 -13.18366599
v 38.94409249 115.54007405 -14.44466599
v 39.76742886 115.87539212 -14.44466599
v 39.76742886 115.87539212 -12.23466599
v 38.87370602 115.51140793 -12.23466599
v 38.87370602 115.51140793 -14.44466599
v 38.55928229 115.38335340 -13.18366599
v 38.55928229 115.38335340 -12.59766599
v 38.15548627 115.21890044 -12.59766599
v 38.15548627 115.21890044 -13.18366599
v 28.65574290 121.90477525 -14.44466599
v 28.65574290 121.90477525 -12.23466599
v 27.88667896 121.32188103 -12.23466599
v 27.88667896 121.32188103 -14.44466599
v 27.61611191 121.11681099 -13.18366599
v 27.61611191 121.11681099 -12.59766599
v 27.26863847 120.85345153 -12.59766599
v 27.26863847 120.85345153 -13.18366599
v 13.18534362 112.50484966 -12.18950535
v 13.11361745 112.45048647 -12.18950535
v 13.11361745 112.45048647 -14.44470535
v 8.44344684 108.91083869 -14.44470535
v 8.44344684 108.91083869 -10.79310535
v 11.51962287 111.24235515 -7.83960535
v 16.14181665 114.74564000 -12.18950535
v -3.68952059 124.45540958 -11.57541934
v -3.68952059 124.45540958 -11.37541934
v -3.81032768 124.61480107 -11.37541934
v -3.93113477 124.77419255 -11.37541934
v -4.05194187 124.93358404 -11.37541934
v -4.05194187 124.93358404 -10.96471934
v 8.37608768 108.53618466 -10.96471934
v 8.37608768 108.53618466 -14.44471934
v -4.05194187 124.93358404 -14.44471934
v -4.05194187 124.93358404 -11.57541934
v -3.93113477 124.77419255 -11.57541934
v -3.81032768 124.61480107 -11.57541934
v 8.42386372 108.57240652 -10.96469582
v 8.55201447 108.66953542 -10.96469582
v 8.59919435 108.70529432 -10.92029582
v 8.59919435 108.70529432 -14.44469582
v 8.42386372 108.57240652 -14.44469582
v 13.07061861 112.65625206 -14.44471106
v 13.07061861 112.65625206 -11.60471106
v 12.27752006 113.70265718 -11.60471106
v 12.24127793 113.75047463 -11.60471106
v 12.24127793 113.75047463 -14.44471106
v 12.27752006 113.70265718 -14.44471106
v 12.43970943 113.82553373 -12.24468321
v 12.43970943 113.82553373 -14.44468321
v 12.27752859 113.70261251 -14.44468321
v 12.27752859 113.70261251 -11.60468321
v 14.05474369 115.04961158 -11.60468321
v 14.05474369 115.04961158 -14.44468321
v 13.16733158 114.37701810 -14.44468321
v 13.16733158 114.37701810 -12.24468321
v 14.01852222 115.09743747 -14.44466804
v 14.01852222 115.09743747 -11.60466804
v 6.46379035 125.06506390 -11.60466804
v 6.46379035 125.06506390 -14.44466804
v 6.60573868 124.87777890 -14.44466804
v 6.60573868 124.87777890 -12.63966804
v 6.96815995 124.39960444 -12.63966804
v 6.96815995 124.39960444 -14.44466804
v 12.75185418 129.78078658 -11.28474908
v 18.30160559 122.45849676 -11.28474908
v 18.30160559 122.45849676 -11.72454908
v 18.37620389 122.36007246 -11.72454908
v 18.37620389 122.36007246 -14.44474908
v 12.75185418 129.78078658 -14.44474908
v 23.83746575 128.79984872 -14.44471106
v 23.30446303 129.50308257 -14.44471106
v 23.30446303 129.50308257 -11.72451106
v 23.30446303 129.50308257 -11.60471106
v 23.30446303 129.50308257 -11.28471106
v 24.89622274 127.40294447 -11.28471106
v 24.89622274 127.40294447 -11.60471106
v 24.89622274 127.40294447 -11.72451106
v 24.89622274 127.40294447 -12.40461106
v 24.89622274 127.40294447 -13.08461106
v 24.89622274 127.40294447 -13.86231106
v 24.89622274 127.40294447 -14.44471106
v 23.89182913 128.72812269 -14.44471106
v 32.03742304 127.85968928 -14.44469710
v 26.67041886 132.02905380 -14.44469710
v 26.67041886 132.02905380 -11.03689710
v 32.03742304 127.85968928 -11.03679710
v 33.11319413 129.53786281 -14.44466976
v 33.11714267 129.53479538 -14.44466976
v 33.11714267 129.53479538 -12.24466976
v 33.20795893 129.46424465 -12.24466976
v 33.20795893 129.46424465 -9.55126976
v 33.11319413 129.53786281 -9.55126976
v 33.18170880 129.33265227 -9.64099944
v 33.18170880 129.33265227 -14.44469944
v 33.14275252 129.28250590 -14.44469944
v 33.14275252 129.28250590 -12.24469944
v 32.58264102 128.56150375 -12.24469944
v 32.58264102 128.56150375 -14.44469944
v 32.07424627 127.90707387 -14.44469944
v 32.07424627 127.90707387 -14.11169944
v 32.14786443 128.00183866 -14.11169944
v 32.14798713 128.00199661 -14.11169944
v 32.51607793 128.47582058 -14.11169944
v 32.51607793 128.47582058 -12.30669944
v 32.51595523 128.47566264 -12.30669944
v 32.14786443 128.00183866 -12.30669944
v 32.07424627 127.90707387 -12.30669944
v 32.07424627 127.90707387 -12.18949944
v 32.14786443 128.00183866 -12.18949944
v 32.14786443 128.00183866 -10.90209944
v 34.22013989 128.52595659 -9.64104942
v 34.29375787 128.62072153 -9.55124942
v 34.29375787 128.62072153 -14.44474942
v 34.22013989 128.52595659 -14.44474942
v 33.14489496 129.28530323 -14.44471923
v 33.14489496 129.28530323 -9.68591923
v 34.18335917 128.47857089 -9.68591923
v 34.18335917 128.47857089 -12.18941923
v 34.18335917 128.47857089 -14.44471923
v 37.56875827 132.52669433 -11.33413955
v 37.56480973 132.52976175 -11.33413955
v 37.41871379 132.64325613 -11.33413955
v 37.41871379 132.64325613 -12.13673955
v 37.52927288 132.55736849 -12.13673955
v 37.53543260 132.55258332 -12.13673955
v 37.53543260 132.55258332 -12.33673955
v 37.52927288 132.55736849 -12.33673955
v 37.41871379 132.64325613 -12.33673955
v 37.41871379 132.64325613 -13.15923955
v 37.52927288 132.55736849 -13.15923955
v 37.53543260 132.55258332 -13.15923955
v 37.53543260 132.55258332 -13.35923955
v 37.52927288 132.55736849 -13.35923955
v 37.41871379 132.64325613 -13.35923955
v 37.41871379 132.64325613 -14.44473955
v 37.56875827 132.52669433 -14.44473955
v 37.56872036 132.52671881 -11.33411045
v 37.56872036 132.52671881 -14.44471045
v 34.38860781 128.43311041 -14.44471045
v 34.38860781 128.43311041 -12.18941045
v 34.33339432 128.36203670 -12.18941045
v 32.28902310 125.73041437 -12.18941045
v 35.41521049 129.75460747 -8.30871045
v 37.56872036 132.52671881 -11.01201045
v 37.56872036 132.52671881 -11.13411045
v 37.53172733 132.47909943 -11.13411045
v 37.53172733 132.47909943 -11.33411045
v 8.95424686 134.79133503 -13.15860531
v 9.08558545 134.89088008 -13.15860531
v 9.24497694 135.01168717 -13.15860531
v 9.40436842 135.13249426 -13.15860531
v 9.56375991 135.25330135 -13.15860531
v 9.72315140 135.37410844 -13.15860531
v 9.88254289 135.49491553 -13.15860531
v 10.04193438 135.61572263 -13.15860531
v 10.20132587 135.73652972 -13.15860531
v 10.36071736 135.85733681 -13.15860531
v 10.52010884 135.97814390 -13.15860531
v 10.67950033 136.09895099 -13.15860531
v 10.83889182 136.21975808 -13.15860531
v 10.99828331 136.34056518 -13.15860531
v 10.99828331 136.34056518 -12.35860531
v 11.95463224 137.06540772 -12.35860531
v 11.95463224 137.06540772 -13.15860531
v 12.11402373 137.18621482 -13.15860531
v 12.27341522 137.30702191 -13.15860531
v 12.27341522 137.30702191 -13.35860531
v 12.11402373 137.18621482 -13.35860531
v 11.95463224 137.06540772 -13.35860531
v 10.99828331 136.34056518 -13.35860531
v 10.83889182 136.21975808 -13.35860531
v 10.67950033 136.09895099 -13.35860531
v 10.52010884 135.97814390 -13.35860531
v 10.36071736 135.85733681 -13.35860531
v 10.20132587 135.73652972 -13.35860531
v 10.04193438 135.61572263 -13.35860531
v 9.88254289 135.49491553 -13.35860531
v 9.72315140 135.37410844 -13.35860531
v 9.56375991 135.25330135 -13.35860531
v 9.40436842 135.13249426 -13.35860531
v 9.24497694 135.01168717 -13.35860531
v 9.08558545 134.89088008 -13.35860531
v 8.95424686 134.79133503 -13.35860531
v 8.95424686 134.79133503 -14.44470531
v 17.69471822 141.41597311 -14.44470531
v 17.69471822 141.41597311 -11.28470531
v 8.95424686 134.79133503 -11.28470531
v 17.86388177 141.19285050 -11.28471106
v 17.73099397 141.36818114 -11.28471106
v 17.73099397 141.36818114 -14.44471106
v 17.86388177 141.19285050 -14.44471106
v 23.62047935 145.83198035 -14.44471106
v 23.75336716 145.65664971 -14.44471106
v 23.75336716 145.65664971 -11.60471106
v 23.62047935 145.83198035 -11.60471106
v 23.58424274 145.87980197 -13.15855662
v 23.63206019 145.91604410 -13.15855662
v 23.63206019 145.91604410 -11.60475662
v 17.69472724 141.41597994 -11.60475662
v 17.69472724 141.41597994 -14.44475662
v 23.63206019 145.91604410 -14.44475662
v 23.63206019 145.91604410 -13.35855662
v 23.58424274 145.87980197 -13.35855662
v 27.62775948 140.64415291 -12.13666134
v 27.74856657 140.48476142 -12.13666134
v 27.74856657 140.48476142 -12.33666134
v 27.62775948 140.64415291 -12.33666134
v 27.51299274 140.79557483 -12.33666134
v 27.51299274 140.79557483 -13.15856134
v 27.63669920 140.63235794 -13.15856134
v 27.75750629 140.47296645 -13.15856134
v 27.87831339 140.31357497 -13.15856134
v 27.99912048 140.15418348 -13.15856134
v 28.11992757 139.99479199 -13.15856134
v 28.24073466 139.83540050 -13.15856134
v 28.36154175 139.67600901 -13.15856134
v 28.36154175 139.67600901 -13.35856134
v 28.24073466 139.83540050 -13.35856134
v 28.11992757 139.99479199 -13.35856134
v 27.99912048 140.15418348 -13.35856134
v 27.87831339 140.31357497 -13.35856134
v 27.75750629 140.47296645 -13.35856134
v 27.63669920 140.63235794 -13.35856134
v 27.51299274 140.79557483 -13.35856134
v 27.51299274 140.79557483 -14.44466134
v 28.36740090 139.66827852 -14.44466134
v 28.36740090 139.66827852 -11.13396134
v 27.51299274 140.79557483 -11.13396134
v 27.51299274 140.79557483 -12.13666134
v 28.31957764 139.63204407 -14.44471776
v 28.12830785 139.48707556 -14.44471776
v 28.12830785 139.48707556 -11.13391776
v 28.31957764 139.63204407 -11.13391776
v 21.06565992 123.96216036 -14.15351106
v 21.06565992 123.96216036 -13.86231106
v 21.06565992 123.96216036 -13.57121106
v 21.06565992 123.96216036 -13.28001106
v 21.06565992 123.96216036 -13.08551106
v 21.06565992 123.96216036 -12.89111106
v 21.06565992 123.96216036 -12.69671106
v 21.06565992 123.96216036 -12.50231106
v 21.06565992 123.96216036 -12.25901106
v 21.06565992 123.96216036 -12.01571106
v 21.06565992 123.96216036 -11.72451106
v 21.06565992 123.96216036 -11.60471106
v 20.80834082 124.30166423 -11.60471106
v 20.77209869 124.34948167 -11.60471106
v 20.77209869 124.34948167 -11.72451106
v 20.77209869 124.34948167 -14.44471106
v 20.80834082 124.30166423 -14.44471106
v 21.06565992 123.96216036 -14.44471106
v 26.67043429 132.02908639 -11.28472525
v 26.67043429 132.02908639 -14.44472525
v 25.02798470 130.78422972 -14.44472525
v 25.02798470 130.78422972 -12.24472525
v 23.65323311 129.74226855 -12.24472525
v 23.65323311 129.74226855 -14.44472525
v 23.46005062 129.59585036 -14.44472525
v 23.46005062 129.59585036 -11.28472525
v 25.39586322 143.58889119 -12.33666803
v 25.39586322 143.58889119 -13.21856803
v 25.49552907 143.45739321 -13.21856803
v 25.49552907 143.45739321 -13.41856803
v 25.39586322 143.58889119 -13.41856803
v 25.39586322 143.58889119 -14.14166803
v 24.86582211 144.28822135 -14.14166803
v 24.30557922 145.02739937 -14.14166803
v 24.30557922 145.02739937 -13.35856803
v 24.19498033 145.17332228 -13.35856803
v 24.07417324 145.33271377 -13.35856803
v 23.95336614 145.49210526 -13.35856803
v 23.83255905 145.65149675 -13.35856803
v 23.80120961 145.69285884 -13.35856803
v 23.80120961 145.69285884 -14.44466803
v 26.04520134 142.73216194 -14.44466803
v 26.04520134 142.73216194 -12.33666803
v 25.98781797 142.80787290 -12.33666803
v 25.98781797 142.80787290 -12.27476803
v 26.15296126 142.58998473 -12.23666803
v 26.22943215 142.48908992 -12.27476803
v 26.22943215 142.48908992 -12.33666803
v 27.47676537 140.84337280 -12.33666803
v 27.47676537 140.84337280 -11.13396803
v 23.80120961 145.69285884 -11.13396803
v 23.80120961 145.69285884 -11.18736803
v 23.88480812 145.58255993 -11.18736803
v 24.00561521 145.42316844 -11.18736803
v 24.00561521 145.42316844 -11.38736803
v 23.88480812 145.58255993 -11.38736803
v 23.80120961 145.69285884 -11.38736803
v 23.80120961 145.69285884 -13.15856803
v 23.83255905 145.65149675 -13.15856803
v 23.95336614 145.49210526 -13.15856803
v 24.07417324 145.33271377 -13.15856803
v 24.19498033 145.17332228 -13.15856803
v 24.30557922 145.02739937 -13.15856803
v 24.30557922 145.02739937 -12.33666803
v 24.24517567 145.10709512 -12.33666803
v 24.12436858 145.26648661 -12.33666803
v 24.12436858 145.26648661 -12.13666803
v 24.24517567 145.10709512 -12.13666803
v 24.36598277 144.94770363 -12.13666803
v 24.36598277 144.94770363 -12.33666803
v 24.60759695 144.62892065 -12.33666803
v 24.60759695 144.62892065 -12.13666803
v 24.72840404 144.46952916 -12.13666803
v 24.72840404 144.46952916 -12.33666803
v 25.33243950 143.67257172 -12.33666803
v 25.33243950 143.67257172 -12.13666803
v 25.45324659 143.51318023 -12.13666803
v 25.45324659 143.51318023 -12.33666803
v 25.80608909 142.55098430 -12.33671106
v 25.88578484 142.61138785 -12.33671106
v 25.88578484 142.61138785 -14.14171106
v 25.96548058 142.67179139 -14.14171106
v 25.96548058 142.67179139 -12.33671106
v 25.99735888 142.69595281 -12.33671106
v 25.99735888 142.69595281 -14.44471106
v 25.80608909 142.55098430 -14.44471106
v 22.52540433 125.67836066 -14.44471106
v 22.52540433 125.67836066 -11.72451106
v 22.52540433 125.67836066 -11.60471106
v 22.56164645 125.63054321 -11.60471106
v 22.81896556 125.29103934 -11.60471106
v 22.81896556 125.29103934 -11.72451106
v 22.81896556 125.29103934 -12.06451106
v 22.81896556 125.29103934 -12.40461106
v 22.81896556 125.29103934 -12.74461106
v 22.81896556 125.29103934 -13.08461106
v 22.81896556 125.29103934 -13.42461106
v 22.81896556 125.29103934 -13.76471106
v 22.81896556 125.29103934 -13.95911106
v 22.81896556 125.29103934 -14.15351106
v 22.81896556 125.29103934 -14.44471106
v 22.56164645 125.63054321 -14.44471106
v 22.02488651 125.22368271 -12.24474411
v 21.29726437 124.67219833 -12.24474411
v 21.29726437 124.67219833 -12.30674411
v 20.82427013 124.31370329 -12.30674411
v 20.82427013 124.31370329 -14.11174411
v 21.29726437 124.67219833 -14.11174411
v 21.29726437 124.67219833 -14.44474411
v 20.80833098 124.30162258 -14.44474411
v 20.80833098 124.30162258 -11.60474411
v 22.56163735 125.63050059 -11.60474411
v 22.56163735 125.63050059 -14.44474411
v 22.02488651 125.22368271 -14.44474411
v 27.46516504 140.75934622 -11.13391776
v 27.46516504 140.75934622 -14.44471776
v 27.59805284 140.58401559 -14.44471776
v 27.59805284 140.58401559 -11.13391776
v 27.47674036 140.84340580 -11.13391776
v 27.15795739 140.60179162 -11.13391776
v 27.00653547 140.48702488 -11.13391776
v 27.00653547 140.48702488 -14.44471776
v 27.15795739 140.60179162 -14.44471776
v 27.47674036 140.84340580 -14.44471776
v 26.51980408 141.44376376 -12.33675150
v 26.51980408 141.44376376 -14.44475150
v 27.15796754 140.60177822 -14.44475150
v 27.15796754 140.60177822 -12.31075150
v 25.89553343 142.26741928 -12.31075150
v 25.89553343 142.26741928 -12.33675150
v 25.90349285 142.27347303 -14.44471106
v 25.90349285 142.27347303 -12.33671106
v 26.16648881 142.47280473 -12.33671106
v 26.16648881 142.47280473 -14.44471106
v 6.56348900 132.97931542 -13.15861430
v 6.56348900 132.97931542 -12.33671430
v 6.42800624 132.87662939 -12.33671430
v 6.42800624 132.87662939 -12.13671430
v 6.56348900 132.97931542 -12.13671430
v 6.56348900 132.97931542 -11.28471430
v -4.00416669 124.96980525 -11.28471430
v -4.00416669 124.96980525 -11.37541430
v -3.88860786 125.05739039 -11.37541430
v -3.72921637 125.17819748 -11.37541430
v -3.56982488 125.29900457 -11.37541430
v -3.56982488 125.29900457 -11.57541430
v -3.72921637 125.17819748 -11.57541430
v -3.88860786 125.05739039 -11.57541430
v -4.00416669 124.96980525 -11.57541430
v -4.00416669 124.96980525 -12.13671430
v -3.93244052 125.02416844 -12.13671430
v -3.77304903 125.14497553 -12.13671430
v -3.61365754 125.26578262 -12.13671430
v -3.45426606 125.38658972 -12.13671430
v -3.29487457 125.50739681 -12.13671430
v -3.13548308 125.62820390 -12.13671430
v -2.97609159 125.74901099 -12.13671430
v -2.81670010 125.86981808 -12.13671430
v -2.65730861 125.99062517 -12.13671430
v -2.65730861 125.99062517 -12.33671430
v -2.81670010 125.86981808 -12.33671430
v -2.97609159 125.74901099 -12.33671430
v -3.13548308 125.62820390 -12.33671430
v -3.29487457 125.50739681 -12.33671430
v -3.45426606 125.38658972 -12.33671430
v -3.61365754 125.26578262 -12.33671430
v -3.77304903 125.14497553 -12.33671430
v -3.93244052 125.02416844 -12.33671430
v -4.00416669 124.96980525 -12.33671430
v -4.00416669 124.96980525 -13.15861430
v -3.89259265 125.05437021 -13.15861430
v -3.73320116 125.17517731 -13.15861430
v -3.57380967 125.29598440 -13.15861430
v -3.41441818 125.41679149 -13.15861430
v -3.25502669 125.53759858 -13.15861430
v -3.09563521 125.65840567 -13.15861430
v -2.93624372 125.77921276 -13.15861430
v -2.77685223 125.90001985 -13.15861430
v -2.61746074 126.02082695 -13.15861430
v -2.61746074 126.02082695 -13.35861430
v -2.77685223 125.90001985 -13.35861430
v -2.93624372 125.77921276 -13.35861430
v -3.09563521 125.65840567 -13.35861430
v -3.25502669 125.53759858 -13.35861430
v -3.41441818 125.41679149 -13.35861430
v -3.57380967 125.29598440 -13.35861430
v -3.73320116 125.17517731 -13.35861430
v -3.89259265 125.05437021 -13.35861430
v -4.00416669 124.96980525 -13.35861430
v -4.00416669 124.96980525 -14.44471430
v 6.56348900 132.97931542 -14.44471430
v 6.56348900 132.97931542 -13.35861430
v 6.46785411 132.90683116 -13.35861430
v 6.46785411 132.90683116 -13.15861430
v 6.73265585 132.75619532 -14.44471106
v 6.73265585 132.75619532 -11.28471106
v 6.59976805 132.93152596 -11.28471106
v 6.59976805 132.93152596 -14.44471106
v 9.08373424 134.62045385 -11.60467772
v 6.69302130 132.80846828 -11.60467772
v 6.69302130 132.80846828 -12.02337772
v 6.74809106 132.85020713 -12.00167772
v 6.80339990 132.89212719 -11.98097772
v 6.85894784 132.93422846 -11.96127772
v 6.91473486 132.97651094 -11.94267772
v 6.97076097 133.01897464 -11.92507772
v 7.02694647 133.06155914 -11.90847772
v 7.08329136 133.10426444 -11.89297772
v 7.13987534 133.14715096 -11.87847772
v 7.19653901 133.19009788 -11.86507772
v 7.25344177 133.23322601 -11.85267772
v 7.31042423 133.27641455 -11.84137772
v 7.36756608 133.31972389 -11.83107772
v 7.42486732 133.36315404 -11.82187772
v 7.48216856 133.40658419 -11.81377772
v 7.53962919 133.45013515 -11.80667772
v 7.59716952 133.49374651 -11.80067772
v 7.65478954 133.53741827 -11.79567772
v 7.71240956 133.58109003 -11.79177772
v 7.77010928 133.62482220 -11.78897772
v 7.82780900 133.66855437 -11.78727772
v 7.88550872 133.71228653 -11.78657772
v 7.94352722 133.75626032 -11.78727772
v 8.00146603 133.80017369 -11.78907772
v 8.05948453 133.84414748 -11.79187772
v 8.11742334 133.88806085 -11.79577772
v 8.17528245 133.93191383 -11.80077772
v 8.23306186 133.97570640 -11.80687772
v 8.29076158 134.01943857 -11.81397772
v 8.34846130 134.06317073 -11.82227772
v 8.40600163 134.10678209 -11.83157772
v 8.46338256 134.15027265 -11.84187772
v 8.52068380 134.19370279 -11.85337772
v 8.57782565 134.23701214 -11.86587772
v 8.63480811 134.28020067 -11.87937772
v 8.69163117 134.32326840 -11.89407772
v 8.74829485 134.36621532 -11.90967772
v 8.80471943 134.40898103 -11.92647772
v 8.86098463 134.45162594 -11.94417772
v 8.91701074 134.49408963 -11.96307772
v 8.97287745 134.53643251 -11.98287772
v 9.02842539 134.57853378 -12.00377772
v 9.08373424 134.62045385 -12.02577772
v 12.89529709 129.88952535 -11.28471106
v 12.78657087 130.03297781 -11.28471106
v 12.78657087 130.03297781 -14.44471106
v 12.89529709 129.88952535 -14.44471106
v 12.76391775 129.76485427 -14.44472975
v 7.30611385 125.62823857 -14.44472960
v 7.30611394 125.62823852 -12.24472960
v 6.58765677 125.08370060 -12.24472958
v 6.58765682 125.08370058 -11.28472958
v 12.76391788 129.76485421 -11.28472975
v 37.41871667 132.64325378 -11.13390340
v 28.29933018 139.72763624 -11.13390049
v 28.29932848 139.72763541 -14.44470049
v 37.41871496 132.64325294 -14.44470340
v 28.26246373 139.68023890 -11.08892200
v 28.11522777 139.49070903 -10.90892200
v 28.11522777 139.49070903 -14.44472200
v 28.26246373 139.68023890 -14.44472200
v 24.84393537 127.06926513 -11.72448960
v 25.13367988 127.39103698 -11.72456538
v 25.13153928 127.39295872 -14.44476408
v 24.60457887 126.80775015 -14.44474439
v 24.07761846 126.22254159 -14.44472469
v 23.55152785 125.63829912 -14.44480552
v 23.94160253 126.07005587 -13.53664217
v 24.09617759 126.24171704 -13.53663595
v 24.48060774 126.66864063 -13.53666917
v 24.48108198 126.66825858 -12.96166946
v 24.48154219 126.66778191 -12.33666974
v 24.48027090 126.66636994 -12.33656897
v 24.48013707 126.66622132 -12.33656889
v 24.47886567 126.66480938 -12.33656812
v 24.47772810 126.66354608 -12.33656743
v 24.47772821 126.66354604 -12.33646743
v 24.21006573 126.36629726 -12.33650504
v 23.94260400 126.06927142 -12.33654278
v 23.97443386 126.10365246 -11.72456209
v 24.26411156 126.42534996 -11.72453783
v 24.55405692 126.74734470 -11.72451373
v 23.03610983 125.24572260 -12.10608780
v 23.23540260 125.42669508 -12.10608079
v 23.43469538 125.60766756 -12.10607378
v 23.22466878 125.41674697 -11.91537579
v 23.01471628 125.22589359 -11.72457782
v 23.33542074 125.51711674 -11.72452746
v 23.49577297 125.66272832 -11.72450228
v 23.65612512 125.80833994 -11.72457710
v 23.97660749 126.09936141 -11.72452664
v 23.94163129 126.06824548 -12.33651032
v 23.64565342 125.79947579 -12.33647222
v 23.64565334 125.79947582 -12.33657222
v 23.64387659 125.79786240 -12.33657139
v 23.64180371 125.79598007 -12.33657042
v 23.64150758 125.79571116 -12.33657028
v 23.63943462 125.79382887 -12.33666932
v 23.63913403 125.79416195 -12.91166918
v 23.63879449 125.79451226 -13.53656902
v 23.94091697 126.06886171 -13.53660999
v 23.50897497 125.67758376 -14.44470844
v 22.92582889 125.14804430 -14.44473635
v 22.92703128 125.14671200 -12.14473691
v 22.76416198 124.99881474 -12.14476091
v 22.60136679 124.85098467 -12.14468495
v 22.27607238 124.55559349 -12.14473317
v 22.35376314 124.62569956 -11.72456942
v 22.61724120 124.86495702 -11.72459236
v 22.82660144 125.05527260 -11.91539005
v 20.85622618 123.61367523 -12.10609808
v 21.06256477 123.74465519 -12.10603671
v 21.26904261 123.87565861 -11.91537537
v 21.36066393 123.93389627 -12.14469253
v 21.17492542 123.81599287 -12.14475775
v 21.17451725 123.81651724 -14.44475767
v 20.79476649 123.57545834 -14.44468657
v 20.47876910 123.37475554 -14.11172740
v 20.47903492 123.37430942 -12.30672745
v 20.64980319 123.48264166 -12.10605942
v 20.99506683 123.76368164 -11.75780946
v 20.95850280 123.74161319 -11.79119966
v 20.95846034 123.74173715 -12.10609965
v 20.44675807 123.43276932 -12.30666248
v 20.12567905 123.23884077 -12.30667641
v 19.94770024 123.13106676 -11.72452870
v 20.30901043 123.34929455 -11.72452555
v 20.67032063 123.56752233 -11.72452241
v 20.90759893 123.71083611 -11.72458601
v 20.96965769 123.74831895 -11.72450265
v 21.03163082 123.78575011 -11.72451926
v 18.80486303 122.49124625 -11.72458692
v 19.19483512 122.67453994 -11.72457188
v 19.58471670 122.85779110 -11.72455685
v 19.50003905 122.81795577 -12.30676011
v 19.16065744 122.65844049 -12.30667320
v 19.16075665 122.65837750 -14.11167319
v 19.50004776 122.81785024 -14.11176011
v 19.22901329 122.69043908 -14.44467056
v 18.82193636 122.49910581 -14.44468626
v 18.41494994 122.30781508 -14.44470195
v 18.41489093 122.30795255 -11.72450196
v 24.03890073 123.92312757 -12.10604008
v 22.06260566 122.42524044 -12.10604008
v 22.97830977 123.11927718 -11.20844008
v 8.21587072 136.42768766 -11.60475611
v 9.35755813 134.92135840 -11.60475611
v 9.35755813 134.92135840 -11.30475611
v 9.56202414 134.65158831 -11.30475611
v 9.56202414 134.65158831 -11.02595611
v 9.30947691 134.98479621 -10.42895611
v 6.59420203 132.27678876 -11.16872866
v 6.53378414 132.35647533 -11.02591193
v 6.61348493 132.41686725 -11.02592952
v 9.48231980 134.59124818 -11.02591368
v 9.56202059 134.65164010 -11.02593127
v 9.62243847 134.57195353 -11.16874800
v 9.62237283 134.57191312 -11.30472421
v 6.59425333 132.27681999 -11.30472421
v 6.59425333 132.27681999 -11.16872421
v 9.62237283 134.57191312 -11.16872421
v 6.53385475 132.35645737 -11.30475611
v 6.32938875 132.62622746 -11.30475611
v 6.32938875 132.62622746 -11.60475611
v 5.18770133 134.13255673 -11.60475611
v 6.28130753 132.68966528 -10.42895611
v 6.53385475 132.35645737 -11.02595611
v 26.42363349 132.44867855 -11.60469115
v 26.42363349 132.44867855 -10.90219115
v 26.31320624 132.30653136 -11.03689115
v 26.31320624 132.30653136 -14.44469115
v 26.42363349 132.44867855 -14.44469115
v 26.31319475 132.30656384 -11.03682480
v 26.67037906 132.02908472 -11.03682480
v 26.67037906 132.02908472 -11.21532480
v 26.58730192 132.09362331 -11.18472480
v 26.40472175 132.23546097 -11.22282480
v 26.40472175 132.23546097 -11.28472480
v 26.53139069 132.13705802 -11.28472480
v 26.67037906 132.02908472 -11.28472480
v 26.67037906 132.02908472 -14.44472480
v 26.53139069 132.13705802 -14.44472480
v 26.31319475 132.30656384 -14.44472480
v 27.46080345 140.83132214 -10.59647326
v 25.89176095 142.90149879 -8.44437326
v 23.82529524 145.62796990 -11.13397326
v 27.46080345 140.83132214 -11.13397326
v 8.58055114 108.72996686 -11.56075768
v 8.58055114 108.72996686 -14.44475768
v 8.83557752 108.92325820 -14.44475768
v 8.83557752 108.92325820 -11.56075768
v 8.37608233 108.53619172 -11.56075768
v 8.37608233 108.53619172 -14.44475768
v 8.59923041 108.70532165 -14.44475768
v 8.59923041 108.70532165 -11.56075768
v 8.70268972 109.09858884 -11.23795518
v 8.70268972 109.09858884 -14.44475518
v 8.83557752 108.92325820 -14.44475518
v 8.83557752 108.92325820 -11.23795518
v 9.77531036 107.15361527 -14.44476106
v 9.77531036 107.15361527 -13.35856106
v 8.61375018 108.68616443 -13.35856106
v 8.61375018 108.68616443 -14.44476106
v 15.99544439 114.87307509 -12.18944215
v 15.99544439 114.87307509 -11.88304215
v 8.46288061 124.81145318 -11.88304215
v 8.46288061 124.81145318 -12.18944215
v 25.48029668 131.15211360 -12.18944215
v 25.48029668 131.15211360 -11.88304215
v 32.20307932 125.92953161 -11.88304215
v 32.20307932 125.92953161 -12.18944215
v 23.63204869 145.91603539 -11.18927943
v 20.77304356 143.74911859 -8.44777943
v 17.69471574 141.41597123 -11.39347943
v 17.69471574 141.41597123 -11.60467943
v 23.63204869 145.91603539 -11.60467943
v 2.79749108 130.12496442 -11.23798615
v -0.68090937 127.48859126 -7.96458615
v -3.82881158 125.10271160 -10.92038615
v -3.82881158 125.10271160 -11.23798615
v 23.66827829 126.07829579 -11.72454451
v 23.99205741 126.39339948 -11.72453014
v 24.31554987 126.70822418 -11.72451570
v 23.99218319 126.39324638 -11.28473018
v 24.15128973 126.54787318 -10.93897226
v 23.94492785 126.34699711 -10.86951768
v 23.73734454 126.14493671 -10.80706278
v 23.52875474 125.94190125 -10.75170761
v 23.31923007 125.73796048 -10.70355220
v 23.02106087 125.44814454 -11.28467334
v 23.34449917 125.76319211 -11.72455888
v 25.10047612 127.33763396 -11.72456803
v 24.46803839 126.65537133 -11.72446120
v 23.83539595 125.97288899 -11.72455392
v 23.79018405 125.92162076 -11.28475335
v 24.05282348 126.20261553 -10.87293758
v 24.24890175 126.41451509 -10.93887374
v 24.44268342 126.62401536 -11.01860480
v 24.63639672 126.83344245 -11.09843571
v 24.82720351 127.03980944 -11.19156015
v 25.01807790 127.24624992 -11.28478474
v 23.14335578 125.35005593 -11.72451137
v 22.44470363 124.73531761 -11.72461083
v 22.43529822 124.72536981 -11.28469467
v 22.54210214 124.81668360 -10.58427820
v 22.76381107 125.01184866 -10.60665917
v 22.98544493 125.20694766 -10.62904002
v 23.20606029 125.40120713 -10.66631912
v 23.42667594 125.59546647 -10.70349822
v 23.79131040 125.91851469 -11.28472479
v 23.84178214 125.96459634 -11.72461152
v 21.69709862 124.17973350 -11.72456941
v 21.70840457 124.18741621 -11.28468073
v 21.59707891 124.10162760 -10.58426927
v 21.83306972 124.28047720 -10.57670554
v 22.06914006 124.45938728 -10.56924189
v 22.30510662 124.63824892 -10.57677814
v 22.54115304 124.81717089 -10.58421447
v 22.42837456 124.73310410 -11.28470155
v 22.43890532 124.74197196 -11.72451210
v 20.92127958 123.66586797 -11.72455353
v 20.14075799 123.15947638 -11.72461129
v 20.19880740 123.19564178 -11.28471855
v 20.60834379 123.45936635 -10.70347529
v 20.85500558 123.61927048 -10.66623107
v 21.10166708 123.77917476 -10.62908684
v 21.34946111 123.93986382 -10.60664472
v 21.59725513 124.10055287 -10.58420259
v 21.71404580 124.17870783 -11.28471839
v 21.70188478 124.17231415 -11.72459592
v 19.30644399 122.74323897 -11.72452067
v 18.47863836 122.31873785 -11.72462892
v 18.58889336 122.37337076 -11.28472083
v 18.83920463 122.50132766 -11.19158358
v 19.08951590 122.62928456 -11.09844632
v 19.34351312 122.75918929 -11.01861882
v 19.59759894 122.88913990 -10.93889155
v 19.85465693 123.02067448 -10.87297215
v 20.19609704 123.19755059 -11.28477617
v 20.13451580 123.16787745 -11.72461313
v 44.03247959 114.80522401 -12.15393323
v 43.05187225 117.21299669 -12.15393323
v 43.05187225 117.21299669 -14.44473323
v 44.03247959 114.80522401 -14.44473323
v 41.62599758 113.82510013 -14.44469294
v 41.62599758 113.82510013 -12.15349294
v 42.82858732 114.31487575 -11.75399294
v 43.93985990 114.76746085 -12.12319294
v 43.93985990 114.76746085 -14.44469294
v 41.68088374 113.95547097 -12.12271400
v 40.77571353 116.17801612 -12.12271400
v 40.73799497 116.27062988 -12.12271400
v 40.73799497 116.27062988 -14.44471400
v 40.77571353 116.17801612 -14.44471400
v 41.68088374 113.95547097 -14.44471400
v 41.84793275 116.72271355 -11.75396599
v 40.73795677 116.27065651 -12.12276599
v 40.73795677 116.27065651 -14.44466599
v 41.63547677 116.63618715 -14.44466599
v 41.63547677 116.63618715 -12.23466599
v 42.52919961 117.00017134 -12.23466599
v 42.52919961 117.00017134 -14.44466599
v 42.95920532 117.17529865 -14.44466599
v 42.95920532 117.17529865 -12.12316599
v 41.14037651 113.73533999 -14.44474861
v 40.23520630 115.95788514 -14.44474861
v 40.19748773 116.05049890 -14.44474861
v 40.19748773 116.05049890 -12.12314861
v 40.23520630 115.95788514 -12.12314861
v 41.14037651 113.73533999 -12.12314861
v 41.17809507 113.64272622 -12.12314861
v 41.17809507 113.64272622 -14.44474861
v 38.86422683 112.70032092 -14.44469294
v 38.86422683 112.70032092 -12.15349294
v 40.06681658 113.19009653 -11.75399294
v 41.17808915 113.64268163 -12.12319294
v 41.17808915 113.64268163 -14.44469294
v 37.88361045 115.10813210 -14.44469861
v 37.88361045 115.10813210 -12.15349861
v 38.82649923 112.79297318 -12.15349861
v 38.82649923 112.79297318 -14.44469861
v 39.08616200 115.59793433 -11.75396599
v 37.97618602 115.14587729 -12.12276599
v 37.97618602 115.14587729 -14.44466599
v 38.87370602 115.51140793 -14.44466599
v 38.87370602 115.51140793 -12.23466599
v 39.76742886 115.87539212 -12.23466599
v 39.76742886 115.87539212 -14.44466599
v 40.19743458 116.05051943 -14.44466599
v 40.19743458 116.05051943 -12.12316599
v 30.67589402 120.17369642 -12.15393323
v 29.10552264 122.24562638 -12.15393323
v 29.10552264 122.24562638 -14.44473323
v 30.67589402 120.17369642 -14.44473323
v 28.60508562 118.60412608 -14.44469294
v 28.60508562 118.60412608 -12.15349294
v 29.63993486 119.38846612 -11.75399294
v 30.59620410 120.11324827 -12.12319294
v 30.59620410 120.11324827 -14.44469294
v 27.03469555 120.67609089 -14.44469861
v 27.03469555 120.67609089 -12.15349861
v 28.54466339 118.68385668 -12.15349861
v 28.54466339 118.68385668 -14.44469861
v 28.06950100 121.46044676 -11.75396599
v 27.11434751 120.73651027 -12.12276599
v 27.11434751 120.73651027 -14.44466599
v 27.88667896 121.32188103 -14.44466599
v 27.88667896 121.32188103 -12.23466599
v 28.65574290 121.90477525 -12.23466599
v 28.65574290 121.90477525 -14.44466599
v 29.02577024 122.18522891 -14.44466599
v 29.02577024 122.18522891 -12.12316599
v 25.71428695 142.76486928 -8.05401002
v 25.38236442 142.51098210 -8.05579581
v 25.05052025 142.25706702 -8.05752609
v 24.71859773 142.00317984 -8.05931188
v 24.38675355 141.74926476 -8.06104215
v 24.05483103 141.49537758 -8.06282795
v 23.72298685 141.24146250 -8.06455822
v 23.39106433 140.98757532 -8.06634402
v 23.05922015 140.73366024 -8.06807429
v 23.05610424 140.74946995 -8.07950556
v 23.14569266 141.33446341 -8.40305998
v 23.23520273 141.91948478 -8.72666994
v 23.32453614 142.50436906 -9.05027961
v 23.41355616 143.08936494 -9.37411140
v 23.50232119 143.67425165 -9.69799843
v 23.59051782 144.25914079 -10.02216282
v 23.67801855 144.84397777 -10.34663219
v 23.76449005 145.42868131 -10.67151731
v 23.84972645 146.01322472 -10.99690134
v 23.83700159 146.03155663 -11.01457813
v 23.82427672 146.04988853 -11.03225492
v 23.86541022 146.08273901 -11.03290415
v 23.90654372 146.11558949 -11.03355338
v 24.02541515 145.94355392 -10.86793017
v 24.14428658 145.77151836 -10.70230696
v 24.38202943 145.42744723 -10.37106053
v 24.61977229 145.08337611 -10.03981411
v 24.85746599 144.73922249 -9.70853978
v 25.09520885 144.39515136 -9.37729335
v 25.33295171 144.05108024 -9.04604693
v 25.57069456 143.70700911 -8.71480050
v 25.80843742 143.36293799 -8.38355408
v 26.04618028 143.01886686 -8.05230765
v 27.97777814 140.22411820 -10.88543637
v 28.03277810 140.14452189 -10.96645792
v 27.98253468 140.10874563 -10.96540052
v 27.93241945 140.07302160 -10.96437207
v 27.90106813 140.11860501 -10.91804554
v 27.86971680 140.16418841 -10.87171900
v 27.83844213 140.20974325 -10.82544999
v 27.80709081 140.25532665 -10.77912345
v 27.54478154 140.28597897 -10.62738320
v 27.28254892 140.31660274 -10.47570047
v 26.75697213 140.37536449 -10.17345100
v 26.23054149 140.43204444 -9.87217468
v 25.70348830 140.48685640 -9.57184335
v 25.17573725 140.54012841 -9.27219874
v 24.64754472 140.59196495 -8.97329879
v 24.11886051 140.64258472 -8.67497130
v 23.58981280 140.69203995 -8.37724524
v 23.06040294 140.74063014 -8.07991987
v 23.04914499 140.74692554 -8.07005851
v 23.38296442 140.99832420 -8.06787112
v 23.71673230 141.24964206 -8.06571228
v 24.05062838 141.50101215 -8.06358241
v 24.38439626 141.75233001 -8.06142358
v 24.71821569 142.00372867 -8.05923618
v 25.05203512 142.25512732 -8.05704878
v 25.38587966 142.50641662 -8.05494747
v 25.71969909 142.75781528 -8.05276008
v 26.05346697 143.00913314 -8.05060124
v 26.27344168 142.69085724 -8.37460136
v 26.49333974 142.37260990 -8.69854396
v 26.71326290 142.05425320 -9.02257264
v 26.93316095 141.73600586 -9.34651524
v 27.15308411 141.41764917 -9.67054392
v 27.37298217 141.09940183 -9.99448652
v 27.59295688 140.78112592 -10.31848664
v 27.81288004 140.46276923 -10.64251532
v 27.92285484 140.30368596 -10.80447234
v 32.18378625 125.13049355 -12.19924837
v 24.96926351 130.74358647 -12.20807313
v 25.97889548 131.50880497 -11.29184694
v 23.16861390 133.69521375 -11.29532337
v 23.11708812 133.72802738 -11.29967879
v 23.06556234 133.76084101 -11.30403422
v 23.01408380 133.79357095 -11.30841728
v 23.46280255 134.07396579 -10.93643512
v 23.75699119 134.45271782 -10.57754687
v 24.05122708 134.83138617 -10.21868627
v 24.34541572 135.21013821 -9.85979802
v 24.63968443 135.58891788 -9.50085661
v 24.93392032 135.96758623 -9.14199600
v 25.22810897 136.34633827 -8.78310775
v 25.18372315 137.79641657 -7.94794033
v 25.81653350 137.10375865 -8.06535890
v 35.58255254 129.50562592 -8.05335829
v 25.81682876 137.10412702 -8.05175556
v 25.18464804 137.79764792 -8.17003122
v 26.06939677 137.42917356 -8.36048308
v 26.32183747 137.75427612 -8.66918499
v 26.57440548 138.07932265 -8.97791251
v 26.82692619 138.40445284 -9.28666767
v 27.07949419 138.72949938 -9.59539519
v 27.33206220 139.05454591 -9.90412272
v 27.58450291 139.37964847 -10.21282462
v 27.36233189 140.25030220 -10.62503650
v 27.83707091 139.70469500 -10.52155215
v 27.93284927 140.21828046 -10.86938999
v 27.97203850 140.17111791 -10.85959219
v 28.01126044 140.12406665 -10.84987528
v 28.05044968 140.07690409 -10.84007747
v 28.08963892 140.02974153 -10.83027967
v 28.28487681 139.74528408 -10.75220450
v 37.79066260 132.34794168 -10.76558714
v 35.58200513 129.50488793 -8.06547938
v 24.93303901 135.96539882 -9.13897518
v 24.63788902 135.58591310 -9.49632136
v 24.34270210 135.20651821 -9.85364783
v 24.04755210 134.82703249 -10.21099401
v 23.75236519 134.44763760 -10.56832048
v 23.45721519 134.06815188 -10.92566666
v 23.01810985 133.80057329 -11.31896813
v 22.39683395 134.62150005 -11.31672526
v 21.77555804 135.44242681 -11.31448239
v 21.15451996 136.26341269 -11.31206646
v 20.53352422 137.08450911 -11.30957314
v 19.91265010 137.90573577 -11.30694475
v 19.29201380 138.72702156 -11.30414330
v 18.67138292 139.54850869 -11.30124475
v 18.05106914 140.37007467 -11.29811547
v 17.43087697 141.19177089 -11.29485110
v 17.78358170 141.49946694 -10.93572818
v 18.13640262 141.80709188 -10.57656728
v 18.48910735 142.11478793 -10.21744435
v 18.84184900 142.42239316 -9.85834113
v 19.19455373 142.73008921 -9.49921821
v 19.54729538 143.03769444 -9.14011499
v 19.90007937 143.34541020 -8.78093438
v 20.25278410 143.65310625 -8.42181145
v 20.60552575 143.96071148 -8.06270824
v 21.18473038 143.19882417 -8.06319307
v 21.76393500 142.43693687 -8.06367790
v 22.34321890 141.67506927 -8.06410505
v 22.92242352 140.91318197 -8.06458988
v 22.99482017 140.81798257 -8.06463588
v 23.03105541 140.77029206 -8.06467859
v 23.04911493 140.74648236 -8.06471893
v 23.06725373 140.72269236 -8.06470159
v 23.21200466 140.53218305 -8.06487099
v 23.50162815 140.15129466 -8.06507471
v 24.08083277 139.38940736 -8.06555954
v 24.66003740 138.62752005 -8.06604437
v 25.23924203 137.86563274 -8.06652921
v 25.22822593 136.34479372 -8.78164871
v 27.33168157 139.05256773 -9.90643830
v 27.07810888 138.72674459 -9.59929263
v 26.82461541 138.40094109 -9.29220473
v 26.57112194 138.07513758 -8.98511684
v 26.31754925 137.74931444 -8.67797117
v 26.06405578 137.42351093 -8.37088327
v 25.23304378 137.86082606 -8.06391295
v 24.65556764 138.62405520 -8.06410793
v 24.07809151 139.38728434 -8.06430291
v 23.50061537 140.15051349 -8.06449788
v 23.21189572 140.53208262 -8.06458556
v 23.06751747 140.72291262 -8.06463921
v 23.04948930 140.74674611 -8.06464823
v 23.03138191 140.77055997 -8.06459948
v 22.99528874 140.81831781 -8.06463715
v 22.92313923 140.91374263 -8.06469286
v 22.34566310 141.67697177 -8.06488783
v 21.76814456 142.44009041 -8.06500541
v 21.19066842 143.20331955 -8.06520039
v 20.61319229 143.96654869 -8.06539536
v 20.97184144 144.20110473 -8.39463524
v 21.33056983 144.43568040 -8.72393289
v 21.68921898 144.67023644 -9.05317277
v 22.04790497 144.90470160 -9.38239302
v 22.40655412 145.13925764 -9.71163290
v 22.76520328 145.37381368 -10.04087278
v 23.12393166 145.60838935 -10.37017043
v 23.48258082 145.84294539 -10.69941030
v 23.84122997 146.07750143 -11.02865018
v 23.84455998 146.07272645 -11.02847529
v 23.84781075 146.06793183 -11.02824262
v 23.76601402 145.47506653 -10.70244031
v 23.68161050 144.88325539 -10.37552741
v 23.59518048 144.29214218 -10.04769465
v 23.50707768 143.70171454 -9.71915347
v 23.41772952 143.11177835 -9.39007607
v 23.32736811 142.52219113 -9.06053873
v 23.23615190 141.93299214 -8.73065700
v 23.14431301 141.34403887 -8.40050716
v 23.05185143 140.75533133 -8.07008921
v 23.05894223 140.74428809 -8.06930982
v 23.06611225 140.73326448 -8.06858819
v 23.33689004 140.70985021 -8.22396354
v 23.60770467 140.68634507 -8.37931925
v 24.14941653 140.63805526 -8.68948664
v 24.69147437 140.58805117 -8.99906963
v 25.23371974 140.53629353 -9.30795267
v 25.77614148 140.48237959 -9.61594169
v 26.31896614 140.42596548 -9.92301597
v 26.86214016 140.36653792 -10.22890403
v 27.40557317 140.30367452 -10.53335405
v 27.58517504 139.37837124 -10.21352620
v -0.89699756 127.77396280 -7.58973047
v 11.76170943 111.07204027 -7.58974616
v 8.16750691 108.34786103 -10.96468689
v -4.49120008 125.04978356 -10.96467121
v 22.96799102 123.11146706 -10.83781781
v 21.92805068 124.48348822 -10.83779167
v 22.97578863 125.27758895 -11.72454613
v 23.42655707 125.61920960 -12.10604427
v 23.43859377 125.60332194 -12.10604159
v 24.46649741 124.24718845 -12.10607042
v 21.67427186 122.13093545 -12.10604864
v 20.65010386 123.48223117 -12.10603909
v 20.63441509 123.50291721 -12.10604548
v 21.02353969 123.79789406 -11.72454979
v 21.92806732 124.48345106 -10.83781344
v 22.96792409 123.11146930 -10.83781660
v 6.01056794 132.38454433 -10.01952854
v 4.37941455 134.53678989 -11.77326842
v 8.04518019 137.31522643 -11.77329651
v 9.67633358 135.16298088 -10.01955663
v 10.21994679 134.44581193 -11.30472670
v 6.55415345 131.66739023 -11.30474770
v 6.01057248 132.38459078 -10.01952804
v 9.67636581 135.16301248 -10.01950704
v 7.08017230 125.45698946 -11.30816281
v 7.10081069 125.47264957 -11.32759314
v 9.20067019 124.59259289 -12.18403154
v 8.74615399 125.19225466 -12.18401952
v 7.44846805 125.73608817 -11.65473806
v 8.01661986 126.16678756 -12.18944953
v 16.64950161 114.77659653 -12.18946140
v 11.76179006 111.07202797 -7.58973195
v 3.12890831 122.46221900 -7.58972008
v 7.44844187 125.73608123 -11.65472187
v 8.74618235 125.19222774 -12.18402313
v 8.34769086 124.89018208 -12.18402939
v 7.11972420 125.40486637 -11.68316158
v 7.08015684 125.45699964 -11.65470395
v 3.05428119 130.76870790 -11.30814512
v 7.08020636 125.45698377 -11.30818059
v 3.12894237 122.46221332 -7.58973786
v -0.89698281 127.77393744 -7.58970239
v 13.95371307 128.19507791 -12.18403965
v 9.20063149 124.59264991 -12.18401810
v 8.80214000 124.29060424 -12.18402437
v 8.26995120 123.88719867 -12.18404002
v 7.57414152 124.80519667 -11.68318014
v 7.08014926 125.45700890 -11.32756652
v 12.76391113 129.76488814 -11.32756615
v 7.08012590 125.45702413 -11.32757873
v 6.62572590 126.05662413 -11.32757873
v 12.30952590 130.36442413 -11.32757873
v 12.76392590 129.76482413 -11.32757873
v 18.62349714 122.60210757 -11.32471106
v 18.38639714 122.49560757 -11.32471106
v 12.83569714 129.81920757 -11.32471106
v 18.85903415 122.71207236 -11.32471106
v 18.62353415 122.60207236 -11.32471106
v 12.83563415 129.81927236 -11.32471106
v 19.09290079 122.82552945 -11.32471106
v 18.85900079 122.71212945 -11.32471106
v 12.83560079 129.81922945 -11.32471106
v 19.32516370 122.94226297 -11.32471106
v 19.09296370 122.82546297 -11.32471106
v 12.83566370 129.81926297 -11.32471106
v 19.55558977 123.06245657 -11.32471106
v 19.32508977 122.94225657 -11.32471106
v 12.83568977 129.81925657 -11.32471106
v 19.78424611 123.18599341 -11.32471106
v 19.55564611 123.06249341 -11.32471106
v 12.83564611 129.81919341 -11.32471106
v 20.01120010 123.31285617 -11.32471106
v 19.78430010 123.18595617 -11.32471106
v 12.83570010 129.81925617 -11.32471106
v 20.23611938 123.44302706 -11.32471106
v 20.01111938 123.31282706 -11.32471106
v 12.83561938 129.81922706 -11.32471106
v 20.45917183 123.57638782 -11.32471106
v 20.23617183 123.44298782 -11.32471106
v 12.83567183 129.81918782 -11.32471106
v 20.68032562 123.71311971 -11.32471106
v 20.45922562 123.57641971 -11.32471106
v 12.83562562 129.81921971 -11.32471106
v 20.89934919 123.85300356 -11.32471106
v 20.68034919 123.71310356 -11.32471106
v 12.83564919 129.81920356 -11.32471106
v 21.11641127 123.99601970 -11.32471106
v 20.89941127 123.85301970 -11.32471106
v 12.83561127 129.81921970 -11.32471106
v 23.33693439 129.60916144 -11.32471106
v 21.11643439 123.99606144 -11.32471106
v 12.83563439 129.81926144 -11.32471106
v 7.08230539 125.45859322 -11.32471106
v 3.35720539 130.37349322 -11.32471106
v 6.32940539 132.62619322 -11.32471106
v 7.08230314 125.45854086 -11.32471106
v 6.32940314 132.62624086 -11.32471106
v 12.83560314 129.81924086 -11.32471106
v 6.40913588 132.68659895 -11.32471106
v 9.27783588 134.86089895 -11.32471106
v 12.83563588 129.81919895 -11.32471106
v 23.21313237 134.13518757 -11.32471106
v 23.33693237 129.60918757 -11.32471106
v 12.83563237 129.81918757 -11.32471106
v 23.21305984 134.13527785 -11.32471106
v 26.22325984 131.79677785 -11.32471106
v 23.33695984 129.60917785 -11.32471106
v 21.40179464 136.52494484 -11.32471106
v 23.21309464 134.13524484 -11.32471106
v 12.83569464 129.81924484 -11.32471106
v 9.35753778 134.92136782 -11.32471106
v 19.59063778 138.91476782 -11.32471106
v 12.83563778 129.81926782 -11.32471106
v 19.59059758 138.91471105 -11.32471106
v 21.40179758 136.52501105 -11.32471106
v 12.83569758 129.81921105 -11.32471106
v 9.35754280 134.92137990 -11.32471106
v 17.77934280 141.30447990 -11.32471106
v 19.59064280 138.91467990 -11.32471106
v 7.08229018 125.45853895 -11.30471106
v 3.35719018 130.37343895 -11.30471106
v 6.32939018 132.62623895 -11.30471106
v 6.40909018 132.68663895 -11.30471106
v 9.27789018 134.86093895 -11.30471106
v 9.35759018 134.92133895 -11.30471106
v 17.77939018 141.30443895 -11.30471106
v 19.59059018 138.91473895 -11.30471106
v 21.40189018 136.52493895 -11.30471106
v 23.21309018 134.13523895 -11.30471106
v 26.22319018 131.79683895 -11.30471106
v 23.33699018 129.60923895 -11.30471106
v 24.95509018 127.47423895 -11.30471106
v 24.78849018 127.27473895 -11.30471106
v 24.61899018 127.07773895 -11.30471106
v 24.44659018 126.88313895 -11.30471106
v 24.27139018 126.69113895 -11.30471106
v 24.09339018 126.50173895 -11.30471106
v 23.91259018 126.31493895 -11.30471106
v 23.72919018 126.13083895 -11.30471106
v 23.54299018 125.94943895 -11.30471106
v 23.35429018 125.77073895 -11.30471106
v 23.16299018 125.59473895 -11.30471106
v 22.96909018 125.42163895 -11.30471106
v 22.77269018 125.25133895 -11.30471106
v 22.57379018 125.08403895 -11.30471106
v 22.37249018 124.91953895 -11.30471106
v 22.16889018 124.75803895 -11.30471106
v 21.96289018 124.59953895 -11.30471106
v 21.75459018 124.44403895 -11.30471106
v 21.54399018 124.29163895 -11.30471106
v 21.33129018 124.14223895 -11.30471106
v 21.11639018 123.99603895 -11.30471106
v 20.89939018 123.85293895 -11.30471106
v 20.68029018 123.71313895 -11.30471106
v 20.45919018 123.57643895 -11.30471106
v 20.23619018 123.44303895 -11.30471106
v 20.01119018 123.31283895 -11.30471106
v 19.78429018 123.18603895 -11.30471106
v 19.55559018 123.06243895 -11.30471106
v 19.32509018 122.94223895 -11.30471106
v 19.09289018 122.82543895 -11.30471106
v 18.85899018 122.71203895 -11.30471106
v 18.62349018 122.60213895 -11.30471106
v 18.38639018 122.49553895 -11.30471106
v 12.83569018 129.81923895 -11.30471106
v 42.86532045 114.22455460 -11.54471117
v 41.80660156 116.82405525 -11.54470348
v 43.18751370 117.38644347 -12.00348487
v 44.24623258 114.78694282 -12.00349256
v 41.48443507 113.66216499 -12.00348487
v 40.42571619 116.26166564 -12.00349256
v 41.80662832 116.82405387 -11.54471117
v 42.86534721 114.22455321 -11.54470348
v 40.10354970 113.09977538 -11.54471117
v 39.04483081 115.69927603 -11.54470348
v 40.42574295 116.26166426 -12.00348487
v 41.48446184 113.66216360 -12.00349256
v 38.72266433 112.53738577 -12.00348487
v 37.66394544 115.13688642 -12.00349256
v 39.04485758 115.69927465 -11.54471117
v 40.10357646 113.09977399 -11.54470348
v 29.69884405 119.31069841 -11.54471781
v 28.00339456 121.54760692 -11.54470888
v 29.19160000 122.44830111 -12.00347823
v 30.88704950 120.21139261 -12.00348717
v 28.51056835 118.41007233 -12.00347823
v 26.81511886 120.64698084 -12.00348717
v 28.00332430 121.54767503 -11.54471781
v 29.69877379 119.31076653 -11.54470888
v 12.92712366 112.54754784 -14.84471106
v 12.02532366 113.73734784 -14.84471106
v 13.80262366 115.08434784 -14.84471106
v 6.24782366 125.05204784 -14.84471106
v 12.79862366 130.01704784 -14.84471106
v 18.45852366 122.54944784 -14.84471106
v 18.68352366 122.65174784 -14.84471106
v 18.90702366 122.75714784 -14.84471106
v 19.12902366 122.86574784 -14.84471106
v 19.34962366 122.97734784 -14.84471106
v 19.56852366 123.09194784 -14.84471106
v 19.78582366 123.20964784 -14.84471106
v 20.00152366 123.33034784 -14.84471106
v 20.21542366 123.45404784 -14.84471106
v 20.42772366 123.58064784 -14.84471106
v 20.63812366 123.71024784 -14.84471106
v 20.84682366 123.84274784 -14.84471106
v 21.05352366 123.97814784 -14.84471106
v 20.80832366 124.30164784 -14.84471106
v 22.56162366 125.63054784 -14.84471106
v 22.80682366 125.30704784 -14.84471106
v 22.99312366 125.46954784 -14.84471106
v 23.17702366 125.63454784 -14.84471106
v 23.35862366 125.80214784 -14.84471106
v 23.53792366 125.97224784 -14.84471106
v 23.71492366 126.14484784 -14.84471106
v 23.88942366 126.31984784 -14.84471106
v 24.06142366 126.49724784 -14.84471106
v 24.23102366 126.67714784 -14.84471106
v 24.39802366 126.85924784 -14.84471106
v 24.56252366 127.04364784 -14.84471106
v 24.72452366 127.23044784 -14.84471106
v 24.88382366 127.41934784 -14.84471106
v 23.21392366 129.62254784 -14.84471106
v 26.67992366 132.24954784 -14.84471106
v 32.00572366 128.11224784 -14.84471106
v 33.11322366 129.53784784 -14.84471106
v 34.29372366 128.62074784 -14.84471106
v 37.23462366 132.40634784 -14.84471106
v 28.14022366 139.47134784 -14.84471106
v 27.40682366 140.43904784 -14.84471106
v 27.18362366 140.26994784 -14.84471106
v 25.58292366 142.38184784 -14.84471106
v 25.80612366 142.55094784 -14.84471106
v 23.56212366 145.51164784 -14.84471106
v 9.76092366 135.05144784 -14.84471106
v 8.45752366 136.77124784 -14.84471106
v 4.79162366 133.99274784 -14.84471106
v 6.09512366 132.27304784 -14.84471106
v -3.65967634 124.87954784 -14.84471106
v 8.32872366 109.06224784 -14.84471106
v 9.77531075 107.15369394 -14.84471106
v 8.61381075 108.68609394 -14.84471106
v 16.62321075 114.75669394 -14.84471106
v 9.10601075 124.67479394 -14.84471106
v 14.02301075 128.40159394 -14.84471106
v 12.90741075 129.87359394 -14.84471106
v 6.50001075 125.01729394 -14.84471106
v 14.05481075 115.04959394 -14.84471106
v 12.27751075 113.70259394 -14.84471106
v 13.18531075 112.50489394 -14.84471106
v 8.22031075 108.74169394 -14.84471106
v -4.05198925 124.93359394 -14.84471106
v 2.91351075 130.21289394 -14.84471106
v 2.69731075 130.49809394 -14.84471106
v -4.49128925 125.04969394 -14.84471106
v 9.32901075 106.81539394 -14.84471106
v 24.35687195 124.16411805 -14.84471106
v 23.33697195 125.50981805 -14.84471106
v 23.20187195 125.38761805 -14.84471106
v 23.06547195 125.26681805 -14.84471106
v 22.92787195 125.14731805 -14.84471106
v 22.56167195 125.63051805 -14.84471106
v 20.80837195 124.30161805 -14.84471106
v 21.17457195 123.81841805 -14.84471106
v 21.02237195 123.71821805 -14.84471106
v 20.86917195 123.61961805 -14.84471106
v 20.71507195 123.52251805 -14.84471106
v 21.73487195 122.17691805 -14.84471106
v 17.69472015 141.41600077 -14.84471106
v 23.63202015 145.91600077 -14.84471106
v 26.21432015 142.50900077 -14.84471106
v 25.78472015 142.18350077 -14.84471106
v 27.04722015 140.51780077 -14.84471106
v 27.47672015 140.84340077 -14.84471106
v 28.35542015 139.68400077 -14.84471106
v 37.56872015 132.52670077 -14.84471106
v 34.33342015 128.36200077 -14.84471106
v 33.14492015 129.28530077 -14.84471106
v 32.03742015 127.85970077 -14.84471106
v 26.67042015 132.02910077 -14.84471106
v 23.46002015 129.59580077 -14.84471106
v 24.55302015 128.15380077 -14.84471106
v 26.62462015 129.72390077 -14.84471106
v 32.31692015 125.30180077 -14.84471106
v 37.96722015 132.57520077 -14.84471106
v 28.51942015 139.91470077 -14.84471106
v 23.63102015 146.36440077 -14.84471106
v 17.47852015 141.70120077 -14.84471106
v 15.15030483 103.41225072 -14.84471106
v 44.95460483 114.35415072 -14.84471106
v 37.68290483 132.20915072 -14.84471106
v 32.31690483 125.30185072 -14.84471106
v 26.62460483 129.72385072 -14.84471106
v 24.55300483 128.15375072 -14.84471106
v 25.12560483 127.39825072 -14.84471106
v 24.95590483 127.19395072 -14.84471106
v 24.78310483 126.99215072 -14.84471106
v 24.60740483 126.79285072 -14.84471106
v 24.42870483 126.59625072 -14.84471106
v 24.24720483 126.40225072 -14.84471106
v 24.06280483 126.21105072 -14.84471106
v 23.87560483 126.02255072 -14.84471106
v 23.68560483 125.83685072 -14.84471106
v 23.49300483 125.65395072 -14.84471106
v 23.29760483 125.47385072 -14.84471106
v 23.09960483 125.29675072 -14.84471106
v 22.89900483 125.12255072 -14.84471106
v 22.69590483 124.95145072 -14.84471106
v 22.49020483 124.78325072 -14.84471106
v 22.28210483 124.61815072 -14.84471106
v 22.07160483 124.45605072 -14.84471106
v 21.85870483 124.29715072 -14.84471106
v 21.64350483 124.14145072 -14.84471106
v 21.42600483 123.98885072 -14.84471106
v 21.20620483 123.83955072 -14.84471106
v 20.98430483 123.69355072 -14.84471106
v 20.76030483 123.55075072 -14.84471106
v 20.53420483 123.41135072 -14.84471106
v 20.30600483 123.27525072 -14.84471106
v 20.07580483 123.14255072 -14.84471106
v 19.84380483 123.01335072 -14.84471106
v 19.60980483 122.88745072 -14.84471106
v 19.37400483 122.76515072 -14.84471106
v 19.13640483 122.64625072 -14.84471106
v 18.89710483 122.53095072 -14.84471106
v 18.65610483 122.41915072 -14.84471106
v 18.41350483 122.31085072 -14.84471106
v 13.87960483 128.29285072 -14.84471106
v 9.10600483 124.67485072 -14.84471106
v 16.62320483 114.75665072 -14.84471106
v 8.61380483 108.68615072 -14.84471106
v 9.77530483 107.15365072 -14.84471106
v 41.68093039 113.95546766 -14.84471106
v 43.90213039 114.86006766 -14.84471106
v 42.99693039 117.08266766 -14.84471106
v 40.77573039 116.17806766 -14.84471106
v 38.91915965 112.83068844 -14.84471106
v 41.14035965 113.73528844 -14.84471106
v 40.23515965 115.95788844 -14.84471106
v 38.01395965 115.05328844 -14.84471106
v 20.59013280 119.47214117 -14.86471106
v 13.89553280 128.30494117 -14.86471106
v 9.10593280 124.67484117 -14.86471106
v 16.62323280 114.75664117 -14.86471106
v 8.61373280 108.68614117 -14.86471106
v 8.75883280 108.49474117 -14.86471106
v 15.22523280 103.99364117 -14.86471106
v 38.89303280 112.68274117 -14.86471106
v 36.14063280 119.44074117 -14.86471106
v 32.80223280 118.08114117 -14.86471106
v 31.71213280 119.51934117 -14.86471106
v 30.74403280 118.78554117 -14.86471106
v 26.33793280 118.15384117 -14.86471106
v 24.70423280 119.20834117 -14.86471106
v 25.90333280 119.25354117 -14.86471106
v 27.41593280 120.02954117 -14.86471106
v 28.22713280 122.70944117 -14.86471106
v 26.77743280 124.62214117 -14.86471106
v 24.08673280 124.52064117 -14.86471106
v 24.35693280 124.16414117 -14.86471106
v 22.42913280 122.70304117 -14.86471106
v 22.90673280 120.65994117 -14.86471106
v 23.81283280 119.46454117 -14.86471106
v 30.53579478 120.19299366 -14.84471106
v 29.08619478 122.10559366 -14.84471106
v 27.17479478 120.65679366 -14.84471106
v 28.62439478 118.74419366 -14.84471106
v 12.61815716 110.81733991 -14.84471106
v 12.55095716 110.74973991 -14.84471106
v 12.48655716 110.67933991 -14.84471106
v 12.42515716 110.60633991 -14.84471106
v 12.36675716 110.53093991 -14.84471106
v 12.31145716 110.45323991 -14.84471106
v 12.25945716 110.37323991 -14.84471106
v 12.21075716 110.29123991 -14.84471106
v 12.16545716 110.20733991 -14.84471106
v 12.12365716 110.12163991 -14.84471106
v 12.08535716 110.03423991 -14.84471106
v 12.05075716 109.94533991 -14.84471106
v 12.01975716 109.85513991 -14.84471106
v 11.99255716 109.76373991 -14.84471106
v 11.96905716 109.67133991 -14.84471106
v 11.94935716 109.57793991 -14.84471106
v 11.93355716 109.48393991 -14.84471106
v 11.92165716 109.38923991 -14.84471106
v 11.91355716 109.29423991 -14.84471106
v 11.90945716 109.19893991 -14.84471106
v 11.90925716 109.10353991 -14.84471106
v 11.91295716 109.00823991 -14.84471106
v 11.92045716 108.91313991 -14.84471106
v 11.93195716 108.81843991 -14.84471106
v 11.94735716 108.72433991 -14.84471106
v 11.96655716 108.63093991 -14.84471106
v 11.98955716 108.53833991 -14.84471106
v 12.01635716 108.44683991 -14.84471106
v 12.04685716 108.35643991 -14.84471106
v 12.08115716 108.26743991 -14.84471106
v 12.11895716 108.17983991 -14.84471106
v 12.16035716 108.09393991 -14.84471106
v 12.20525716 108.00973991 -14.84471106
v 12.25355716 107.92753991 -14.84471106
v 12.30515716 107.84733991 -14.84471106
v 12.36005716 107.76933991 -14.84471106
v 12.41805716 107.69363991 -14.84471106
v 12.63045716 107.43113991 -14.84471106
v 12.84555716 107.17103991 -14.84471106
v 13.06355716 106.91323991 -14.84471106
v 13.28435716 106.65783991 -14.84471106
v 13.50795716 106.40483991 -14.84471106
v 13.73425716 106.15433991 -14.84471106
v 13.96335716 105.90633991 -14.84471106
v 14.19515716 105.66083991 -14.84471106
v 14.26305716 105.59253991 -14.84471106
v 14.33375716 105.52713991 -14.84471106
v 14.40705716 105.46473991 -14.84471106
v 14.48295716 105.40543991 -14.84471106
v 14.56115716 105.34933991 -14.84471106
v 14.64165716 105.29643991 -14.84471106
v 14.72435716 105.24693991 -14.84471106
v 14.80895716 105.20093991 -14.84471106
v 14.89535716 105.15853991 -14.84471106
v 14.98345716 105.11963991 -14.84471106
v 15.07315716 105.08453991 -14.84471106
v 15.16415716 105.05313991 -14.84471106
v 15.25645716 105.02543991 -14.84471106
v 15.34975716 105.00173991 -14.84471106
v 15.44395716 104.98183991 -14.84471106
v 15.53895716 104.96583991 -14.84471106
v 15.63445716 104.95383991 -14.84471106
v 15.73045716 104.94573991 -14.84471106
v 15.82665716 104.94163991 -14.84471106
v 15.92295716 104.94153991 -14.84471106
v 16.01925716 104.94543991 -14.84471106
v 16.11515716 104.95333991 -14.84471106
v 16.21075716 104.96513991 -14.84471106
v 16.30575716 104.98093991 -14.84471106
v 16.40005716 105.00063991 -14.84471106
v 16.49335716 105.02433991 -14.84471106
v 16.58575716 105.05173991 -14.84471106
v 16.67685716 105.08293991 -14.84471106
v 16.76655716 105.11793991 -14.84471106
v 17.39645716 105.34263991 -14.84471106
v 18.02505716 105.57093991 -14.84471106
v 18.65225716 105.80303991 -14.84471106
v 19.27815716 106.03873991 -14.84471106
v 19.90265716 106.27813991 -14.84471106
v 20.52565716 106.52123991 -14.84471106
v 21.14735716 106.76793991 -14.84471106
v 21.76745716 107.01833991 -14.84471106
v 22.38615716 107.27243991 -14.84471106
v 23.00325716 107.53003991 -14.84471106
v 23.61895716 107.79133991 -14.84471106
v 24.23305716 108.05623991 -14.84471106
v 24.84555716 108.32473991 -14.84471106
v 25.45645716 108.59693991 -14.84471106
v 26.06575716 108.87253991 -14.84471106
v 26.67345716 109.15183991 -14.84471106
v 27.27955716 109.43473991 -14.84471106
v 27.88385716 109.72113991 -14.84471106
v 27.97415716 109.76973991 -14.84471106
v 28.06265716 109.82173991 -14.84471106
v 28.14895716 109.87703991 -14.84471106
v 28.23325716 109.93563991 -14.84471106
v 28.31525716 109.99733991 -14.84471106
v 28.39475716 110.06203991 -14.84471106
v 28.47185716 110.12973991 -14.84471106
v 28.54635716 110.20033991 -14.84471106
v 28.61805716 110.27363991 -14.84471106
v 28.68695716 110.34963991 -14.84471106
v 28.75295716 110.42813991 -14.84471106
v 28.81595716 110.50913991 -14.84471106
v 28.87585716 110.59233991 -14.84471106
v 28.93255716 110.67783991 -14.84471106
v 28.98595716 110.76543991 -14.84471106
v 29.03605716 110.85493991 -14.84471106
v 29.08275716 110.94633991 -14.84471106
v 29.12585716 111.03943991 -14.84471106
v 29.16545716 111.13403991 -14.84471106
v 29.20155716 111.23003991 -14.84471106
v 29.23385716 111.32743991 -14.84471106
v 29.26255716 111.42593991 -14.84471106
v 29.28745716 111.52543991 -14.84471106
v 29.30865716 111.62583991 -14.84471106
v 29.32595716 111.72693991 -14.84471106
v 29.33945716 111.82863991 -14.84471106
v 29.34915716 111.93073991 -14.84471106
v 29.35495716 112.03313991 -14.84471106
v 29.35685716 112.13573991 -14.84471106
v 29.35485716 112.23823991 -14.84471106
v 29.34905716 112.34073991 -14.84471106
v 29.33935716 112.44283991 -14.84471106
v 29.32575716 112.54453991 -14.84471106
v 29.30835716 112.64563991 -14.84471106
v 29.28715716 112.74593991 -14.84471106
v 29.26225716 112.84543991 -14.84471106
v 29.23355716 112.94393991 -14.84471106
v 29.20105716 113.04123991 -14.84471106
v 29.16505716 113.13733991 -14.84471106
v 29.12535716 113.23193991 -14.84471106
v 29.08215716 113.32493991 -14.84471106
v 29.03545716 113.41623991 -14.84471106
v 28.98535716 113.50583991 -14.84471106
v 28.93185716 113.59333991 -14.84471106
v 28.87515716 113.67883991 -14.84471106
v 28.81525716 113.76203991 -14.84471106
v 28.75215716 113.84303991 -14.84471106
v 28.68615716 113.92153991 -14.84471106
v 28.61715716 113.99743991 -14.84471106
v 28.44705716 114.17513991 -14.84471106
v 28.27425716 114.35013991 -14.84471106
v 28.09865716 114.52243991 -14.84471106
v 27.92055716 114.69203991 -14.84471106
v 27.73975716 114.85883991 -14.84471106
v 27.55645716 115.02283991 -14.84471106
v 27.37065716 115.18403991 -14.84471106
v 27.18235716 115.34223991 -14.84471106
v 26.99165716 115.49763991 -14.84471106
v 26.79855716 115.65003991 -14.84471106
v 26.60315716 115.79943991 -14.84471106
v 26.40545716 115.94573991 -14.84471106
v 26.20555716 116.08903991 -14.84471106
v 26.00345716 116.22923991 -14.84471106
v 25.79925716 116.36633991 -14.84471106
v 25.59285716 116.50023991 -14.84471106
v 25.38455716 116.63093991 -14.84471106
v 25.17415716 116.75843991 -14.84471106
v 24.96185716 116.88263991 -14.84471106
v 24.74765716 117.00353991 -14.84471106
v 24.63875716 117.06163991 -14.84471106
v 24.52805716 117.11623991 -14.84471106
v 24.41555716 117.16723991 -14.84471106
v 24.30155716 117.21453991 -14.84471106
v 24.18615716 117.25823991 -14.84471106
v 24.06935716 117.29813991 -14.84471106
v 23.95125716 117.33433991 -14.84471106
v 23.83215716 117.36663991 -14.84471106
v 23.71205716 117.39513991 -14.84471106
v 23.59115716 117.41973991 -14.84471106
v 23.46945716 117.44043991 -14.84471106
v 23.34715716 117.45723991 -14.84471106
v 23.22435716 117.47003991 -14.84471106
v 23.10125716 117.47893991 -14.84471106
v 22.97785716 117.48393991 -14.84471106
v 22.85445716 117.48483991 -14.84471106
v 22.73105716 117.48183991 -14.84471106
v 22.60785716 117.47483991 -14.84471106
v 22.48485716 117.46393991 -14.84471106
v 22.36235716 117.44903991 -14.84471106
v 22.24035716 117.43023991 -14.84471106
v 22.11895716 117.40753991 -14.84471106
v 21.99845716 117.38093991 -14.84471106
v 21.87885716 117.35043991 -14.84471106
v 21.76025716 117.31613991 -14.84471106
v 21.64285716 117.27803991 -14.84471106
v 21.52675716 117.23613991 -14.84471106
v 21.41195716 117.19063991 -14.84471106
v 21.29875716 117.14143991 -14.84471106
v 21.18725716 117.08853991 -14.84471106
v 21.07745716 117.03213991 -14.84471106
v 20.96955716 116.97223991 -14.84471106
v 20.86355716 116.90893991 -14.84471106
v 20.75975716 116.84213991 -14.84471106
v 20.65805716 116.77213991 -14.84471106
v 20.55865716 116.69893991 -14.84471106
v 20.24085716 116.51573991 -14.84471106
v 19.92485716 116.32923991 -14.84471106
v 19.61075716 116.13963991 -14.84471106
v 19.29855716 115.94683991 -14.84471106
v 18.98845716 115.75083991 -14.84471106
v 18.68025716 115.55173991 -14.84471106
v 18.37415716 115.34953991 -14.84471106
v 18.07005716 115.14413991 -14.84471106
v 17.76815716 114.93573991 -14.84471106
v 17.46835716 114.72423991 -14.84471106
v 17.17065716 114.50973991 -14.84471106
v 16.87525716 114.29223991 -14.84471106
v 16.48245716 113.99753991 -14.84471106
v 16.09205716 113.69963991 -14.84471106
v 15.70395716 113.39873991 -14.84471106
v 15.31825716 113.09473991 -14.84471106
v 14.93505716 112.78763991 -14.84471106
v 14.55435716 112.47753991 -14.84471106
v 14.17605716 112.16443991 -14.84471106
v 13.80025716 111.84833991 -14.84471106
v 13.42695716 111.52923991 -14.84471106
v 13.05625716 111.20723991 -14.84471106
v 12.68815716 110.88223991 -14.84471106
v 31.74832597 124.19946515 -14.79471106
v 31.70102597 124.10986515 -14.79471106
v 31.65712597 124.01856515 -14.79471106
v 31.61682597 123.92566515 -14.79471106
v 31.58002597 123.83126515 -14.79471106
v 31.54682597 123.73546515 -14.79471106
v 31.51732597 123.63856515 -14.79471106
v 31.49162597 123.54056515 -14.79471106
v 31.46962597 123.44166515 -14.79471106
v 31.45132597 123.34196515 -14.79471106
v 31.43692597 123.24176515 -14.79471106
v 31.42632597 123.14096515 -14.79471106
v 31.41962597 123.03986515 -14.79471106
v 31.41672597 122.93856515 -14.79471106
v 31.41772597 122.83726515 -14.79471106
v 31.42262597 122.73606515 -14.79471106
v 31.43132597 122.63516515 -14.79471106
v 31.44392597 122.53456515 -14.79471106
v 31.46022597 122.43456515 -14.79471106
v 31.48042597 122.33536515 -14.79471106
v 31.50442597 122.23686515 -14.79471106
v 31.53202597 122.13946515 -14.79471106
v 31.56342597 122.04306515 -14.79471106
v 31.59852597 121.94796515 -14.79471106
v 31.63712597 121.85436515 -14.79471106
v 31.67932597 121.76226515 -14.79471106
v 31.72492597 121.67176515 -14.79471106
v 31.77402597 121.58316515 -14.79471106
v 31.82642597 121.49646515 -14.79471106
v 31.88212597 121.41176515 -14.79471106
v 31.94102597 121.32936515 -14.79471106
v 32.00292597 121.24916515 -14.79471106
v 32.06792597 121.17146515 -14.79471106
v 32.13582597 121.09626515 -14.79471106
v 32.20652597 121.02366515 -14.79471106
v 32.28002597 120.95386515 -14.79471106
v 32.35602597 120.88696515 -14.79471106
v 32.43452597 120.82296515 -14.79471106
v 32.51552597 120.76196515 -14.79471106
v 32.59862597 120.70416515 -14.79471106
v 32.68402597 120.64946515 -14.79471106
v 32.77132597 120.59816515 -14.79471106
v 32.86062597 120.55016515 -14.79471106
v 32.95162597 120.50566515 -14.79471106
v 33.04422597 120.46466515 -14.79471106
v 33.13842597 120.42716515 -14.79471106
v 33.23392597 120.39336515 -14.79471106
v 33.33062597 120.36316515 -14.79471106
v 33.42842597 120.33666515 -14.79471106
v 33.52712597 120.31396515 -14.79471106
v 33.70602597 120.29946515 -14.79471106
v 33.88512597 120.28896515 -14.79471106
v 34.06442597 120.28236515 -14.79471106
v 34.24382597 120.27986515 -14.79471106
v 34.42322597 120.28126515 -14.79471106
v 34.60252597 120.28676515 -14.79471106
v 34.78172597 120.29616515 -14.79471106
v 34.96062597 120.30956515 -14.79471106
v 35.13922597 120.32696515 -14.79471106
v 35.31742597 120.34836515 -14.79471106
v 35.49502597 120.37366515 -14.79471106
v 35.67202597 120.40296515 -14.79471106
v 35.84832597 120.43616515 -14.79471106
v 36.02392597 120.47326515 -14.79471106
v 36.19852597 120.51436515 -14.79471106
v 36.37232597 120.55926515 -14.79471106
v 36.54492597 120.60796515 -14.79471106
v 36.71652597 120.66056515 -14.79471106
v 36.88682597 120.71696515 -14.79471106
v 37.05582597 120.77716515 -14.79471106
v 37.22352597 120.84106515 -14.79471106
v 37.38972597 120.90866515 -14.79471106
v 37.55432597 120.97996515 -14.79471106
v 37.71732597 121.05496515 -14.79471106
v 37.87862597 121.13356515 -14.79471106
v 38.03812597 121.21566515 -14.79471106
v 38.19582597 121.30136515 -14.79471106
v 38.28542597 121.35356515 -14.79471106
v 38.37312597 121.40906515 -14.79471106
v 38.45872597 121.46776515 -14.79471106
v 38.54202597 121.52956515 -14.79471106
v 38.62302597 121.59436515 -14.79471106
v 38.70152597 121.66216515 -14.79471106
v 38.77742597 121.73286515 -14.79471106
v 38.85082597 121.80626515 -14.79471106
v 38.92132597 121.88236515 -14.79471106
v 38.98902597 121.96096515 -14.79471106
v 39.05372597 122.04206515 -14.79471106
v 39.11542597 122.12546515 -14.79471106
v 39.17402597 122.21106515 -14.79471106
v 39.22932597 122.29886515 -14.79471106
v 39.28142597 122.38856515 -14.79471106
v 39.33022597 122.48016515 -14.79471106
v 39.37552597 122.57346515 -14.79471106
v 39.41732597 122.66836515 -14.79471106
v 39.45562597 122.76486515 -14.79471106
v 39.49032597 122.86256515 -14.79471106
v 39.52142597 122.96156515 -14.79471106
v 39.54882597 123.06166515 -14.79471106
v 39.57252597 123.16266515 -14.79471106
v 39.59242597 123.26446515 -14.79471106
v 39.60852597 123.36696515 -14.79471106
v 39.62092597 123.46996515 -14.79471106
v 39.62942597 123.57336515 -14.79471106
v 39.63422597 123.67696515 -14.79471106
v 39.63502597 123.78066515 -14.79471106
v 39.63212597 123.88446515 -14.79471106
v 39.62532597 123.98796515 -14.79471106
v 39.61472597 124.09116515 -14.79471106
v 39.60032597 124.19386515 -14.79471106
v 39.58212597 124.29606515 -14.79471106
v 39.54292597 124.48456515 -14.79471106
v 39.49982597 124.67216515 -14.79471106
v 39.45282597 124.85896515 -14.79471106
v 39.40212597 125.04466515 -14.79471106
v 39.34742597 125.22936515 -14.79471106
v 39.28902597 125.41276515 -14.79471106
v 39.22682597 125.59506515 -14.79471106
v 39.16092597 125.77596515 -14.79471106
v 39.09132597 125.95546515 -14.79471106
v 39.01792597 126.13356515 -14.79471106
v 38.94092597 126.30996515 -14.79471106
v 38.86032597 126.48486515 -14.79471106
v 38.77612597 126.65806515 -14.79471106
v 38.68842597 126.82946515 -14.79471106
v 38.59712597 126.99896515 -14.79471106
v 38.50232597 127.16656515 -14.79471106
v 38.40412597 127.33226515 -14.79471106
v 38.30262597 127.49586515 -14.79471106
v 38.19762597 127.65726515 -14.79471106
v 38.08942597 127.81656515 -14.79471106
v 37.97792597 127.97346515 -14.79471106
v 37.86312597 128.12816515 -14.79471106
v 37.81342597 128.19056515 -14.79471106
v 37.76062597 128.25046515 -14.79471106
v 37.70502597 128.30766515 -14.79471106
v 37.64662597 128.36216515 -14.79471106
v 37.58562597 128.41366515 -14.79471106
v 37.52222597 128.46206515 -14.79471106
v 37.45642597 128.50736515 -14.79471106
v 37.38852597 128.54936515 -14.79471106
v 37.31872597 128.58796515 -14.79471106
v 37.24702597 128.62316515 -14.79471106
v 37.17372597 128.65476515 -14.79471106
v 37.09892597 128.68266515 -14.79471106
v 37.02292597 128.70696515 -14.79471106
v 36.94572597 128.72736515 -14.79471106
v 36.86772597 128.74406515 -14.79471106
v 36.78892597 128.75696515 -14.79471106
v 36.70962597 128.76586515 -14.79471106
v 36.62992597 128.77086515 -14.79471106
v 36.55012597 128.77206515 -14.79471106
v 36.47032597 128.76926515 -14.79471106
v 36.39072597 128.76256515 -14.79471106
v 36.31162597 128.75196515 -14.79471106
v 36.23312597 128.73746515 -14.79471106
v 36.15542597 128.71916515 -14.79471106
v 36.07872597 128.69706515 -14.79471106
v 36.00322597 128.67126515 -14.79471106
v 35.92902597 128.64176515 -14.79471106
v 35.85642597 128.60866515 -14.79471106
v 35.78552597 128.57206515 -14.79471106
v 35.71642597 128.53196515 -14.79471106
v 35.64942597 128.48856515 -14.79471106
v 35.58462597 128.44186515 -14.79471106
v 35.41702597 128.33916515 -14.79471106
v 35.25162597 128.23306515 -14.79471106
v 35.08822597 128.12356515 -14.79471106
v 34.92712597 128.01086515 -14.79471106
v 34.76842597 127.89496515 -14.79471106
v 34.61192597 127.77586515 -14.79471106
v 34.45792597 127.65366515 -14.79471106
v 34.30642597 127.52836515 -14.79471106
v 34.15752597 127.40006515 -14.79471106
v 34.01122597 127.26886515 -14.79471106
v 33.86752597 127.13466515 -14.79471106
v 33.72662597 126.99756515 -14.79471106
v 33.58842597 126.85766515 -14.79471106
v 33.45312597 126.71506515 -14.79471106
v 33.32072597 126.56976515 -14.79471106
v 33.19122597 126.42176515 -14.79471106
v 33.06482597 126.27126515 -14.79471106
v 32.94142597 126.11816515 -14.79471106
v 32.82112597 125.96276515 -14.79471106
v 32.70402597 125.80486515 -14.79471106
v 32.59002597 125.64466515 -14.79471106
v 32.47932597 125.48216515 -14.79471106
v 32.37192597 125.31746515 -14.79471106
v 32.26792597 125.15066515 -14.79471106
v 32.16722597 124.98186515 -14.79471106
v 32.06992597 124.81096515 -14.79471106
v 31.97612597 124.63816515 -14.79471106
v 31.88582597 124.46356515 -14.79471106
v 31.79902597 124.28716515 -14.79471106
f 1 2 3
f 1 3 4
f 5 6 7
f 5 7 8
f 5 8 9
f 10 11 12
f 10 12 13
f 10 13 14
f 10 14 15
f 10 15 16
f 17 18 19
f 17 19 20
f 21 22 23
f 21 23 24
f 21 24 25
f 21 25 26
f 27 28 29
f 27 29 30
f 27 30 31
f 27 31 32
f 33 34 35
f 33 35 36
f 37 38 39
f 37 39 40
f 37 40 41
f 37 41 42
f 43 44 45
f 43 45 46
f 43 46 47
f 43 47 48
f 49 50 51
f 49 51 52
f 53 54 55
f 53 55 56
f 53 56 57
f 53 57 58
f 59 60 61
f 59 61 62
f 63 64 65
f 63 65 66
f 67 68 69
f 67 69 70
f 67 70 71
f 72 73 74
f 72 74 75
f 72 75 76
f 77 78 79
f 77 79 80
f 77 80 81
f 82 83 84
f 82 84 85
f 82 85 86
f 82 86 87
f 88 89 90
f 88 90 91
f 88 91 92
f 88 92 93
f 88 93 94
f 95 96 97
f 95 97 98
f 95 98 99
f 95 99 100
f 95 100 101
f 102 103 104
f 102 104 105
f 102 105 106
f 107 108 109
f 107 109 110
f 107 110 111
f 107 111 112
f 113 114 115
f 113 115 116
f 117 118 119
f 117 119 120
f 117 120 121
f 117 121 122
f 123 124 125
f 123 125 126
f 127 128 129
f 127 129 130
f 127 130 131
f 127 131 132
f 127 132 133
f 134 135 136
f 134 136 137
f 134 137 138
f 134 138 139
f 140 141 142
f 140 142 143
f 140 143 144
f 140 144 145
f 140 145 146
f 147 148 149
f 147 149 150
f 147 150 151
f 147 151 152
f 153 154 155
f 153 155 156
f 153 156 157
f 153 157 158
f 159 160 161
f 159 161 162
f 163 164 165
f 163 165 166
f 167 168 169
f 167 169 170
f 167 170 171
f 167 171 172
f 173 174 175
f 173 175 176
f 177 178 179
f 177 179 180
f 181 182 183
f 181 183 184
f 185 186 187
f 185 187 188
f 185 188 189
f 185 189 190
f 185 190 191
f 185 191 192
f 185 192 193
f 185 193 194
f 185 194 195
f 196 197 198
f 196 198 199
f 196 199 200
f 196 200 201
f 202 203 204
f 202 204 205
f 206 207 208
f 206 208 209
f 206 209 210
f 211 212 213
f 211 213 214
f 215 216 217
f 215 217 218
f 219 220 221
f 219 221 222
f 223 224 225
f 223 225 226
f 227 228 229
f 227 229 230
f 231 232 233
f 231 233 234
f 235 236 237
f 235 237 238
f 239 240 241
f 239 241 242
f 243 244 245
f 243 245 246
f 243 246 247
f 243 247 248
f 243 248 249
f 250 251 252
f 250 252 253
f 250 253 254
f 250 254 255
f 250 255 256
f 257 258 259
f 257 259 260
f 257 260 261
f 257 261 262
f 257 262 263
f 264 265 266
f 264 266 267
f 264 267 268
f 264 268 269
f 264 269 270
f 271 272 273
f 271 273 274
f 271 274 275
f 271 275 276
f 277 278 279
f 277 279 280
f 281 282 283
f 281 283 284
f 285 286 287
f 285 287 288
f 285 288 289
f 285 289 290
f 285 290 291
f 285 291 292
f 285 292 293
f 285 293 294
f 285 294 295
f 296 297 298
f 296 298 299
f 300 301 302
f 300 302 303
f 304 305 306
f 304 306 307
f 304 307 308
f 309 310 311
f 309 311 312
f 313 314 315
f 313 315 316
f 317 318 319
f 317 319 320
f 321 322 323
f 321 323 324
f 321 324 325
f 321 325 326
f 321 326 327
f 328 329 330
f 328 330 331
f 328 331 332
f 328 332 333
f 328 333 334
f 328 334 335
f 328 335 336
f 328 336 337
f 328 337 338
f 328 338 339
f 340 341 342
f 340 342 343
f 340 343 344
f 345 346 347
f 345 347 348
f 345 348 349
f 345 349 350
f 351 352 353
f 351 353 354
f 351 354 355
f 351 355 356
f 351 356 357
f 351 357 358
f 359 360 361
f 359 361 362
f 359 362 363
f 359 363 364
f 359 364 365
f 359 365 366
f 367 368 369
f 367 369 370
f 367 370 371
f 367 371 372
f 373 374 375
f 373 375 376
f 373 376 377
f 373 377 378
f 373 378 379
f 373 379 380
f 373 380 381
f 373 381 382
f 373 382 383
f 373 383 384
f 373 384 385
f 386 387 388
f 386 388 389
f 390 391 392
f 390 392 393
f 390 393 394
f 390 394 395
f 396 397 398
f 396 398 399
f 396 399 400
f 396 400 401
f 396 401 402
f 396 402 403
f 396 403 404
f 396 404 405
f 396 405 406
f 396 406 407
f 396 407 408
f 396 408 409
f 396 409 410
f 396 410 411
f 396 411 412
f 396 412 413
f 414 415 416
f 414 416 417
f 418 419 420
f 418 420 421
f 418 421 422
f 423 424 425
f 423 425 426
f 423 426 427
f 423 427 428
f 423 428 429
f 423 429 430
f 423 430 431
f 423 431 432
f 423 432 433
f 423 433 434
f 423 434 435
f 423 435 436
f 423 436 437
f 423 437 438
f 423 438 439
f 440 441 442
f 440 442 443
f 440 443 444
f 440 444 445
f 440 445 446
f 440 446 447
f 440 447 448
f 440 448 449
f 440 449 450
f 451 452 453
f 451 453 454
f 451 454 455
f 451 455 456
f 451 456 457
f 451 457 458
f 451 458 459
f 451 459 460
f 451 460 461
f 451 461 462
f 451 462 463
f 451 463 464
f 451 464 465
f 451 465 466
f 451 466 467
f 451 467 468
f 451 468 469
f 451 469 470
f 451 470 471
f 451 471 472
f 451 472 473
f 451 473 474
f 451 474 475
f 451 475 476
f 451 476 477
f 451 477 478
f 451 478 479
f 451 479 480
f 451 480 481
f 451 481 482
f 451 482 483
f 451 483 484
f 451 484 485
f 451 485 486
f 451 486 487
f 451 487 488
f 451 488 489
f 451 489 490
f 491 492 493
f 491 493 494
f 495 496 497
f 495 497 498
f 499 500 501
f 499 501 502
f 499 502 503
f 499 503 504
f 499 504 505
f 499 505 506
f 507 508 509
f 507 509 510
f 507 510 511
f 507 511 512
f 507 512 513
f 507 513 514
f 507 514 515
f 507 515 516
f 507 516 517
f 507 517 518
f 507 518 519
f 507 519 520
f 507 520 521
f 507 521 522
f 507 522 523
f 507 523 524
f 507 524 525
f 507 525 526
f 507 526 527
f 507 527 528
f 507 528 529
f 507 529 530
f 507 530 531
f 507 531 532
f 533 534 535
f 533 535 536
f 537 538 539
f 537 539 540
f 537 540 541
f 537 541 542
f 537 542 543
f 537 543 544
f 537 544 545
f 537 545 546
f 537 546 547
f 537 547 548
f 537 548 549
f 537 549 550
f 537 550 551
f 537 551 552
f 537 552 553
f 537 553 554
f 555 556 557
f 555 557 558
f 555 558 559
f 555 559 560
f 555 560 561
f 555 561 562
f 563 564 565
f 563 565 566
f 563 566 567
f 563 567 568
f 563 568 569
f 563 569 570
f 563 570 571
f 563 571 572
f 563 572 573
f 563 573 574
f 563 574 575
f 563 575 576
f 563 576 577
f 563 577 578
f 563 578 579
f 563 579 580
f 563 580 581
f 563 581 582
f 563 582 583
f 563 583 584
f 563 584 585
f 563 585 586
f 563 586 587
f 563 587 588
f 563 588 589
f 563 589 590
f 563 590 591
f 563 591 592
f 563 592 593
f 563 593 594
f 563 594 595
f 563 595 596
f 563 596 597
f 563 597 598
f 563 598 599
f 563 599 600
f 563 600 601
f 563 601 602
f 563 602 603
f 563 603 604
f 563 604 605
f 563 605 606
f 563 606 607
f 563 607 608
f 563 608 609
f 563 609 610
f 563 610 611
f 563 611 612
f 563 612 613
f 563 613 614
f 615 616 617
f 615 617 618
f 615 618 619
f 615 619 620
f 615 620 621
f 615 621 622
f 623 624 625
f 623 625 626
f 623 626 627
f 623 627 628
f 623 628 629
f 623 629 630
f 623 630 631
f 623 631 632
f 623 632 633
f 623 633 634
f 623 634 635
f 623 635 636
f 623 636 637
f 623 637 638
f 639 640 641
f 639 641 642
f 639 642 643
f 639 643 644
f 639 644 645
f 639 645 646
f 639 646 647
f 639 647 648
f 639 648 649
f 639 649 650
f 651 652 653
f 651 653 654
f 655 656 657
f 655 657 658
f 655 658 659
f 655 659 660
f 661 662 663
f 661 663 664
f 661 664 665
f 661 665 666
f 667 668 669
f 667 669 670
f 671 672 673
f 671 673 674
f 671 674 675
f 671 675 676
f 671 676 677
f 671 677 678
f 671 678 679
f 671 679 680
f 671 680 681
f 671 681 682
f 671 682 683
f 671 683 684
f 671 684 685
f 671 685 686
f 671 686 687
f 671 687 688
f 671 688 689
f 671 689 690
f 671 690 691
f 671 691 692
f 671 692 693
f 671 693 694
f 671 694 695
f 671 695 696
f 671 696 697
f 671 697 698
f 671 698 699
f 671 699 700
f 671 700 701
f 671 701 702
f 671 702 703
f 671 703 704
f 671 704 705
f 671 705 706
f 671 706 707
f 671 707 708
f 671 708 709
f 671 709 710
f 671 710 711
f 671 711 712
f 671 712 713
f 671 713 714
f 671 714 715
f 671 715 716
f 671 716 717
f 671 717 718
f 671 718 719
f 671 719 720
f 671 720 721
f 671 721 722
f 671 722 723
f 671 723 724
f 671 724 725
f 671 725 726
f 671 726 727
f 671 727 728
f 671 728 729
f 671 729 730
f 731 732 733
f 731 733 734
f 735 736 737
f 735 737 738
f 735 738 739
f 735 739 740
f 735 740 741
f 735 741 742
f 735 742 743
f 735 743 744
f 735 744 745
f 735 745 746
f 735 746 747
f 735 747 748
f 735 748 749
f 735 749 750
f 735 750 751
f 735 751 752
f 735 752 753
f 735 753 754
f 735 754 755
f 735 755 756
f 735 756 757
f 735 757 758
f 735 758 759
f 735 759 760
f 735 760 761
f 735 761 762
f 735 762 763
f 735 763 764
f 735 764 765
f 735 765 766
f 735 766 767
f 735 767 768
f 735 768 769
f 735 769 770
f 735 770 771
f 735 771 772
f 735 772 773
f 735 773 774
f 735 774 775
f 735 775 776
f 735 776 777
f 735 777 778
f 735 778 779
f 780 781 782
f 780 782 783
f 784 785 786
f 784 786 787
f 784 787 788
f 784 788 789
f 790 791 792
f 790 792 793
f 794 795 796
f 794 796 797
f 798 799 800
f 798 800 801
f 798 801 802
f 798 802 803
f 798 803 804
f 798 804 805
f 798 805 806
f 798 806 807
f 798 807 808
f 798 808 809
f 798 809 810
f 798 810 811
f 798 811 812
f 798 812 813
f 798 813 814
f 798 814 815
f 798 815 816
f 798 816 817
f 798 817 818
f 819 820 821
f 819 821 822
f 819 822 823
f 819 823 824
f 819 824 825
f 819 825 826
f 819 826 827
f 819 827 828
f 819 828 829
f 819 829 830
f 819 830 831
f 819 831 832
f 819 832 833
f 819 833 834
f 819 834 835
f 819 835 836
f 819 836 837
f 819 837 838
f 819 838 839
f 819 839 840
f 819 840 841
f 819 841 842
f 819 842 843
f 819 843 844
f 819 844 845
f 819 845 846
f 847 848 849
f 847 849 850
f 847 850 851
f 847 851 852
f 847 852 853
f 847 853 854
f 847 854 855
f 847 855 856
f 857 858 859
f 857 859 860
f 857 860 861
f 857 861 862
f 857 862 863
f 857 863 864
f 857 864 865
f 857 865 866
f 857 866 867
f 868 869 870
f 868 870 871
f 868 871 872
f 868 872 873
f 868 873 874
f 868 874 875
f 868 875 876
f 868 876 877
f 868 877 878
f 879 880 881
f 882 883 884
f 882 884 885
f 882 885 886
f 882 886 887
f 888 889 890
f 888 890 891
f 888 891 892
f 888 892 893
f 894 895 896
f 894 896 897
f 898 899 900
f 898 900 901
f 898 901 902
f 898 902 903
f 904 905 906
f 904 906 907
f 904 907 908
f 909 910 911
f 909 911 912
f 909 912 913
f 909 913 914
f 909 914 915
f 909 915 916
f 909 916 917
f 909 917 918
f 909 918 919
f 920 921 922
f 920 922 923
f 924 925 926
f 924 926 927
f 928 929 930
f 928 930 931
f 932 933 934
f 932 934 935
f 936 937 938
f 936 938 939
f 940 941 942
f 940 942 943
f 944 945 946
f 944 946 947
f 948 949 950
f 948 950 951
f 948 951 952
f 953 954 955
f 953 955 956
f 957 958 959
f 957 959 960
f 957 960 961
f 957 961 962
f 957 962 963
f 957 963 964
f 957 964 965
f 957 965 966
f 957 966 967
f 968 969 970
f 968 970 971
f 968 971 972
f 968 972 973
f 968 973 974
f 968 974 975
f 968 975 976
f 968 976 977
f 978 979 980
f 978 980 981
f 978 981 982
f 978 982 983
f 978 983 984
f 978 984 985
f 978 985 986
f 978 986 987
f 988 989 990
f 988 990 991
f 988 991 992
f 988 992 993
f 988 993 994
f 988 994 995
f 988 995 996
f 997 998 999
f 997 999 1000
f 997 1000 1001
f 997 1001 1002
f 997 1002 1003
f 997 1003 1004
f 997 1004 1005
f 997 1005 1006
f 1007 1008 1009
f 1007 1009 1010
f 1007 1010 1011
f 1007 1011 1012
f 1007 1012 1013
f 1007 1013 1014
f 1007 1014 1015
f 1007 1015 1016
f 1017 1018 1019
f 1017 1019 1020
f 1021 1022 1023
f 1021 1023 1024
f 1021 1024 1025
f 1026 1027 1028
f 1026 1028 1029
f 1026 1029 1030
f 1026 1030 1031
f 1032 1033 1034
f 1032 1034 1035
f 1032 1035 1036
f 1032 1036 1037
f 1032 1037 1038
f 1032 1038 1039
f 1032 1039 1040
f 1041 1042 1043
f 1041 1043 1044
f 1041 1044 1045
f 1041 1045 1046
f 1041 1046 1047
f 1041 1047 1048
f 1049 1050 1051
f 1049 1051 1052
f 1049 1052 1053
f 1054 1055 1056
f 1054 1056 1057
f 1058 1059 1060
f 1058 1060 1061
f 1058 1061 1062
f 1058 1062 1063
f 1058 1063 1064
f 1058 1064 1065
f 1058 1065 1066
f 1067 1068 1069
f 1067 1069 1070
f 1071 1072 1073
f 1071 1073 1074
f 1071 1074 1075
f 1076 1077 1078
f 1076 1078 1079
f 1080 1081 1082
f 1080 1082 1083
f 1080 1083 1084
f 1080 1084 1085
f 1080 1085 1086
f 1080 1086 1087
f 1080 1087 1088
f 1089 1090 1091
f 1089 1091 1092
f 1089 1092 1093
f 1089 1093 1094
f 1089 1094 1095
f 1089 1095 1096
f 1089 1096 1097
f 1089 1097 1098
f 1089 1098 1099
f 1089 1099 1100
f 1089 1100 1101
f 1089 1101 1102
f 1089 1102 1103
f 1089 1103 1104
f 1089 1104 1105
f 1089 1105 1106
f 1089 1106 1107
f 1089 1107 1108
f 1089 1108 1109
f 1089 1109 1110
f 1089 1110 1111
f 1089 1111 1112
f 1089 1112 1113
f 1089 1113 1114
f 1089 1114 1115
f 1089 1115 1116
f 1089 1116 1117
f 1089 1117 1118
f 1089 1118 1119
f 1089 1119 1120
f 1089 1120 1121
f 1122 1123 1124
f 1122 1124 1125
f 1122 1125 1126
f 1122 1126 1127
f 1122 1127 1128
f 1122 1128 1129
f 1122 1129 1130
f 1122 1130 1131
f 1122 1131 1132
f 1122 1132 1133
f 1122 1133 1134
f 1122 1134 1135
f 1122 1135 1136
f 1122 1136 1137
f 1122 1137 1138
f 1122 1138 1139
f 1122 1139 1140
f 1122 1140 1141
f 1122 1141 1142
f 1122 1142 1143
f 1122 1143 1144
f 1122 1144 1145
f 1122 1145 1146
f 1122 1146 1147
f 1122 1147 1148
f 1122 1148 1149
f 1122 1149 1150
f 1122 1150 1151
f 1122 1151 1152
f 1122 1152 1153
f 1122 1153 1154
f 1122 1154 1155
f 1122 1155 1156
f 1122 1156 1157
f 1122 1157 1158
f 1159 1160 1161
f 1159 1161 1162
f 1159 1162 1163
f 1159 1163 1164
f 1159 1164 1165
f 1159 1165 1166
f 1159 1166 1167
f 1159 1167 1168
f 1159 1168 1169
f 1159 1169 1170
f 1159 1170 1171
f 1159 1171 1172
f 1159 1172 1173
f 1159 1173 1174
f 1159 1174 1175
f 1176 1177 1178
f 1176 1178 1179
f 1176 1179 1180
f 1176 1180 1181
f 1176 1181 1182
f 1176 1182 1183
f 1176 1183 1184
f 1176 1184 1185
f 1176 1185 1186
f 1176 1186 1187
f 1176 1187 1188
f 1176 1188 1189
f 1176 1189 1190
f 1176 1190 1191
f 1176 1191 1192
f 1176 1192 1193
f 1176 1193 1194
f 1195 1196 1197
f 1195 1197 1198
f 1195 1198 1199
f 1195 1199 1200
f 1195 1200 1201
f 1195 1201 1202
f 1195 1202 1203
f 1195 1203 1204
f 1195 1204 1205
f 1195 1205 1206
f 1195 1206 1207
f 1195 1207 1208
f 1195 1208 1209
f 1195 1209 1210
f 1195 1210 1211
f 1195 1211 1212
f 1195 1212 1213
f 1195 1213 1214
f 1195 1214 1215
f 1195 1215 1216
f 1195 1216 1217
f 1195 1217 1218
f 1195 1218 1219
f 1195 1219 1220
f 1195 1220 1221
f 1195 1221 1222
f 1195 1222 1223
f 1195 1223 1224
f 1195 1224 1225
f 1195 1225 1226
f 1195 1226 1227
f 1195 1227 1228
f 1195 1228 1229
f 1195 1229 1230
f 1195 1230 1231
f 1195 1231 1232
f 1195 1232 1233
f 1234 1235 1236
f 1234 1236 1237
f 1234 1237 1238
f 1234 1238 1239
f 1234 1239 1240
f 1234 1240 1241
f 1234 1241 1242
f 1234 1242 1243
f 1234 1243 1244
f 1234 1244 1245
f 1234 1245 1246
f 1234 1246 1247
f 1234 1247 1248
f 1234 1248 1249
f 1234 1249 1250
f 1234 1250 1251
f 1234 1251 1252
f 1234 1252 1253
f 1234 1253 1254
f 1234 1254 1255
f 1234 1255 1256
f 1234 1256 1257
f 1234 1257 1258
f 1234 1258 1259
f 1234 1259 1260
f 1234 1260 1261
f 1234 1261 1262
f 1234 1262 1263
f 1234 1263 1264
f 1234 1264 1265
f 1234 1265 1266
f 1234 1266 1267
f 1234 1267 1268
f 1234 1268 1269
f 1234 1269 1270
f 1234 1270 1271
f 1234 1271 1272
f 1234 1272 1273
f 1234 1273 1274
f 1234 1274 1275
f 1234 1275 1276
f 1234 1276 1277
f 1234 1277 1278
f 1234 1278 1279
f 1234 1279 1280
f 1234 1280 1281
f 1234 1281 1282
f 1234 1282 1283
f 1234 1283 1284
f 1234 1284 1285
f 1286 1287 1288
f 1286 1288 1289
f 1290 1291 1292
f 1290 1292 1293
f 1290 1293 1294
f 1290 1294 1295
f 1296 1297 1298
f 1296 1298 1299
f 1296 1299 1300
f 1296 1300 1301
f 1302 1303 1304
f 1302 1304 1305
f 1306 1307 1308
f 1306 1308 1309
f 1310 1311 1312
f 1310 1312 1313
f 1310 1313 1314
f 1310 1314 1315
f 1310 1315 1316
f 1310 1316 1317
f 1310 1317 1318
f 1319 1320 1321
f 1319 1321 1322
f 1319 1322 1323
f 1324 1325 1326
f 1324 1326 1327
f 1328 1329 1330
f 1328 1330 1331
f 1328 1331 1332
f 1328 1332 1333
f 1328 1333 1334
f 1335 1336 1337
f 1335 1337 1338
f 1339 1340 1341
f 1342 1343 1344
f 1345 1346 1347
f 1348 1349 1350
f 1351 1352 1353
f 1354 1355 1356
f 1357 1358 1359
f 1360 1361 1362
f 1363 1364 1365
f 1366 1367 1368
f 1369 1370 1371
f 1372 1373 1374
f 1375 1376 1377
f 1378 1379 1380
f 1381 1382 1383
f 1384 1385 1386
f 1387 1388 1389
f 1390 1391 1392
f 1393 1394 1395
f 1396 1397 1398
f 1399 1400 1401
f 1402 1403 1404
f 1405 1406 1407
f 1405 1407 1408
f 1405 1408 1409
f 1405 1409 1410
f 1405 1410 1411
f 1405 1411 1412
f 1405 1412 1413
f 1405 1413 1414
f 1405 1414 1415
f 1405 1415 1416
f 1405 1416 1417
f 1405 1417 1418
f 1405 1418 1419
f 1405 1419 1420
f 1405 1420 1421
f 1405 1421 1422
f 1405 1422 1423
f 1405 1423 1424
f 1405 1424 1425
f 1405 1425 1426
f 1405 1426 1427
f 1405 1427 1428
f 1405 1428 1429
f 1405 1429 1430
f 1405 1430 1431
f 1405 1431 1432
f 1405 1432 1433
f 1405 1433 1434
f 1405 1434 1435
f 1405 1435 1436
f 1405 1436 1437
f 1405 1437 1438
f 1405 1438 1439
f 1405 1439 1440
f 1405 1440 1441
f 1405 1441 1442
f 1405 1442 1443
f 1405 1443 1444
f 1405 1444 1445
f 1405 1445 1446
f 1405 1446 1447
f 1405 1447 1448
f 1405 1448 1449
f 1405 1449 1450
f 1451 1452 1453
f 1451 1453 1454
f 1455 1456 1457
f 1455 1457 1458
f 1459 1460 1461
f 1459 1461 1462
f 1463 1464 1465
f 1463 1465 1466
f 1467 1468 1469
f 1467 1469 1470
f 1471 1472 1473
f 1471 1473 1474
f 1475 1476 1477
f 1475 1477 1478
f 1475 1478 1479
f 1475 1479 1480
f 1475 1480 1481
f 1475 1481 1482
f 1475 1482 1483
f 1475 1483 1484
f 1475 1484 1485
f 1475 1485 1486
f 1475 1486 1487
f 1475 1487 1488
f 1475 1488 1489
f 1475 1489 1490
f 1475 1490 1491
f 1475 1491 1492
f 1475 1492 1493
f 1475 1493 1494
f 1475 1494 1495
f 1475 1495 1496
f 1475 1496 1497
f 1475 1497 1498
f 1475 1498 1499
f 1475 1499 1500
f 1475 1500 1501
f 1475 1501 1502
f 1475 1502 1503
f 1475 1503 1504
f 1475 1504 1505
f 1475 1505 1506
f 1475 1506 1507
f 1475 1507 1508
f 1475 1508 1509
f 1475 1509 1510
f 1475 1510 1511
f 1475 1511 1512
f 1475 1512 1513
f 1475 1513 1514
f 1475 1514 1515
f 1475 1515 1516
f 1475 1516 1517
f 1475 1517 1518
f 1475 1518 1519
f 1475 1519 1520
f 1475 1520 1521
f 1475 1521 1522
f 1475 1522 1523
f 1475 1523 1524
f 1475 1524 1525
f 1526 1527 1528
f 1526 1528 1529
f 1526 1529 1530
f 1526 1530 1531
f 1526 1531 1532
f 1526 1532 1533
f 1526 1533 1534
f 1526 1534 1535
f 1526 1535 1536
f 1526 1536 1537
f 1526 1537 1538
f 1526 1538 1539
f 1526 1539 1540
f 1526 1540 1541
f 1542 1543 1544
f 1542 1544 1545
f 1542 1545 1546
f 1542 1546 1547
f 1542 1547 1548
f 1542 1548 1549
f 1542 1549 1550
f 1542 1550 1551
f 1542 1551 1552
f 1542 1552 1553
f 1554 1555 1556
f 1554 1556 1557
f 1554 1557 1558
f 1554 1558 1559
f 1554 1559 1560
f 1554 1560 1561
f 1554 1561 1562
f 1554 1562 1563
f 1554 1563 1564
f 1554 1564 1565
f 1554 1565 1566
f 1554 1566 1567
f 1554 1567 1568
f 1554 1568 1569
f 1554 1569 1570
f 1554 1570 1571
f 1554 1571 1572
f 1554 1572 1573
f 1574 1575 1576
f 1574 1576 1577
f 1574 1577 1578
f 1574 1578 1579
f 1574 1579 1580
f 1574 1580 1581
f 1574 1581 1582
f 1574 1582 1583
f 1574 1583 1584
f 1574 1584 1585
f 1574 1585 1586
f 1574 1586 1587
f 1574 1587 1588
f 1574 1588 1589
f 1574 1589 1590
f 1574 1590 1591
f 1574 1591 1592
f 1574 1592 1593
f 1574 1593 1594
f 1574 1594 1595
f 1574 1595 1596
f 1574 1596 1597
f 1574 1597 1598
f 1574 1598 1599
f 1574 1599 1600
f 1574 1600 1601
f 1574 1601 1602
f 1574 1602 1603
f 1574 1603 1604
f 1574 1604 1605
f 1574 1605 1606
f 1574 1606 1607
f 1574 1607 1608
f 1574 1608 1609
f 1574 1609 1610
f 1574 1610 1611
f 1574 1611 1612
f 1574 1612 1613
f 1574 1613 1614
f 1574 1614 1615
f 1574 1615 1616
f 1574 1616 1617
f 1618 1619 1620
f 1618 1620 1621
f 1622 1623 1624
f 1622 1624 1625
f 1626 1627 1628
f 1626 1628 1629
f 1626 1629 1630
f 1626 1630 1631
f 1626 1631 1632
f 1626 1632 1633
f 1626 1633 1634
f 1626 1634 1635
f 1626 1635 1636
f 1626 1636 1637
f 1626 1637 1638
f 1626 1638 1639
f 1626 1639 1640
f 1626 1640 1641
f 1626 1641 1642
f 1626 1642 1643
f 1626 1643 1644
f 1626 1644 1645
f 1626 1645 1646
f 1626 1646 1647
f 1626 1647 1648
f 1649 1650 1651
f 1649 1651 1652
f 1653 1654 1655
f 1653 1655 1656
f 1653 1656 1657
f 1653 1657 1658
f 1653 1658 1659
f 1653 1659 1660
f 1653 1660 1661
f 1653 1661 1662
f 1653 1662 1663
f 1653 1663 1664
f 1653 1664 1665
f 1653 1665 1666
f 1653 1666 1667
f 1653 1667 1668
f 1653 1668 1669
f 1653 1669 1670
f 1653 1670 1671
f 1653 1671 1672
f 1653 1672 1673
f 1653 1673 1674
f 1653 1674 1675
f 1653 1675 1676
f 1653 1676 1677
f 1653 1677 1678
f 1653 1678 1679
f 1653 1679 1680
f 1653 1680 1681
f 1653 1681 1682
f 1653 1682 1683
f 1653 1683 1684
f 1653 1684 1685
f 1653 1685 1686
f 1653 1686 1687
f 1653 1687 1688
f 1653 1688 1689
f 1653 1689 1690
f 1653 1690 1691
f 1653 1691 1692
f 1653 1692 1693
f 1653 1693 1694
f 1653 1694 1695
f 1653 1695 1696
f 1653 1696 1697
f 1653 1697 1698
f 1653 1698 1699
f 1653 1699 1700
f 1653 1700 1701
f 1653 1701 1702
f 1653 1702 1703
f 1653 1703 1704
f 1653 1704 1705
f 1653 1705 1706
f 1653 1706 1707
f 1653 1707 1708
f 1653 1708 1709
f 1653 1709 1710
f 1653 1710 1711
f 1653 1711 1712
f 1653 1712 1713
f 1653 1713 1714
f 1653 1714 1715
f 1653 1715 1716
f 1653 1716 1717
f 1653 1717 1718
f 1653 1718 1719
f 1653 1719 1720
f 1653 1720 1721
f 1653 1721 1722
f 1653 1722 1723
f 1653 1723 1724
f 1653 1724 1725
f 1653 1725 1726
f 1653 1726 1727
f 1653 1727 1728
f 1653 1728 1729
f 1653 1729 1730
f 1653 1730 1731
f 1653 1731 1732
f 1653 1732 1733
f 1653 1733 1734
f 1653 1734 1735
f 1653 1735 1736
f 1653 1736 1737
f 1653 1737 1738
f 1653 1738 1739
f 1653 1739 1740
f 1653 1740 1741
f 1653 1741 1742
f 1653 1742 1743
f 1653 1743 1744
f 1653 1744 1745
f 1653 1745 1746
f 1653 1746 1747
f 1653 1747 1748
f 1653 1748 1749
f 1653 1749 1750
f 1653 1750 1751
f 1653 1751 1752
f 1653 1752 1753
f 1653 1753 1754
f 1653 1754 1755
f 1653 1755 1756
f 1653 1756 1757
f 1653 1757 1758
f 1653 1758 1759
f 1653 1759 1760
f 1653 1760 1761
f 1653 1761 1762
f 1653 1762 1763
f 1653 1763 1764
f 1653 1764 1765
f 1653 1765 1766
f 1653 1766 1767
f 1653 1767 1768
f 1653 1768 1769
f 1653 1769 1770
f 1653 1770 1771
f 1653 1771 1772
f 1653 1772 1773
f 1653 1773 1774
f 1653 1774 1775
f 1653 1775 1776
f 1653 1776 1777
f 1653 1777 1778
f 1653 1778 1779
f 1653 1779 1780
f 1653 1780 1781
f 1653 1781 1782
f 1653 1782 1783
f 1653 1783 1784
f 1653 1784 1785
f 1653 1785 1786
f 1653 1786 1787
f 1653 1787 1788
f 1653 1788 1789
f 1653 1789 1790
f 1653 1790 1791
f 1653 1791 1792
f 1653 1792 1793
f 1653 1793 1794
f 1653 1794 1795
f 1653 1795 1796
f 1653 1796 1797
f 1653 1797 1798
f 1653 1798 1799
f 1653 1799 1800
f 1653 1800 1801
f 1653 1801 1802
f 1653 1802 1803
f 1653 1803 1804
f 1653 1804 1805
f 1653 1805 1806
f 1653 1806 1807
f 1653 1807 1808
f 1653 1808 1809
f 1653 1809 1810
f 1653 1810 1811
f 1653 1811 1812
f 1653 1812 1813
f 1653 1813 1814
f 1653 1814 1815
f 1653 1815 1816
f 1653 1816 1817
f 1653 1817 1818
f 1653 1818 1819
f 1653 1819 1820
f 1653 1820 1821
f 1653 1821 1822
f 1653 1822 1823
f 1653 1823 1824
f 1653 1824 1825
f 1653 1825 1826
f 1653 1826 1827
f 1653 1827 1828
f 1653 1828 1829
f 1653 1829 1830
f 1653 1830 1831
f 1653 1831 1832
f 1653 1832 1833
f 1653 1833 1834
f 1653 1834 1835
f 1653 1835 1836
f 1653 1836 1837
f 1653 1837 1838
f 1653 1838 1839
f 1653 1839 1840
f 1653 1840 1841
f 1653 1841 1842
f 1653 1842 1843
f 1653 1843 1844
f 1653 1844 1845
f 1653 1845 1846
f 1653 1846 1847
f 1653 1847 1848
f 1653 1848 1849
f 1653 1849 1850
f 1653 1850 1851
f 1653 1851 1852
f 1653 1852 1853
f 1653 1853 1854
f 1653 1854 1855
f 1653 1855 1856
f 1653 1856 1857
f 1653 1857 1858
f 1653 1858 1859
f 1653 1859 1860
f 1653 1860 1861
f 1653 1861 1862
f 1653 1862 1863
f 1653 1863 1864
f 1653 1864 1865
f 1653 1865 1866
f 1653 1866 1867
f 1653 1867 1868
f 1653 1868 1869
f 1653 1869 1870
f 1653 1870 1871
f 1653 1871 1872
f 1873 1874 1875
f 1873 1875 1876
f 1873 1876 1877
f 1873 1877 1878
f 1873 1878 1879
f 1873 1879 1880
f 1873 1880 1881
f 1873 1881 1882
f 1873 1882 1883
f 1873 1883 1884
f 1873 1884 1885
f 1873 1885 1886
f 1873 1886 1887
f 1873 1887 1888
f 1873 1888 1889
f 1873 1889 1890
f 1873 1890 1891
f 1873 1891 1892
f 1873 1892 1893
f 1873 1893 1894
f 1873 1894 1895
f 1873 1895 1896
f 1873 1896 1897
f 1873 1897 1898
f 1873 1898 1899
f 1873 1899 1900
f 1873 1900 1901
f 1873 1901 1902
f 1873 1902 1903
f 1873 1903 1904
f 1873 1904 1905
f 1873 1905 1906
f 1873 1906 1907
f 1873 1907 1908
f 1873 1908 1909
f 1873 1909 1910
f 1873 1910 1911
f 1873 1911 1912
f 1873 1912 1913
f 1873 1913 1914
f 1873 1914 1915
f 1873 1915 1916
f 1873 1916 1917
f 1873 1917 1918
f 1873 1918 1919
f 1873 1919 1920
f 1873 1920 1921
f 1873 1921 1922
f 1873 1922 1923
f 1873 1923 1924
f 1873 1924 1925
f 1873 1925 1926
f 1873 1926 1927
f 1873 1927 1928
f 1873 1928 1929
f 1873 1929 1930
f 1873 1930 1931
f 1873 1931 1932
f 1873 1932 1933
f 1873 1933 1934
f 1873 1934 1935
f 1873 1935 1936
f 1873 1936 1937
f 1873 1937 1938
f 1873 1938 1939
f 1873 1939 1940
f 1873 1940 1941
f 1873 1941 1942
f 1873 1942 1943
f 1873 1943 1944
f 1873 1944 1945
f 1873 1945 1946
f 1873 1946 1947
f 1873 1947 1948
f 1873 1948 1949
f 1873 1949 1950
f 1873 1950 1951
f 1873 1951 1952
f 1873 1952 1953
f 1873 1953 1954
f 1873 1954 1955
f 1873 1955 1956
f 1873 1956 1957
f 1873 1957 1958
f 1873 1958 1959
f 1873 1959 1960
f 1873 1960 1961
f 1873 1961 1962
f 1873 1962 1963
f 1873 1963 1964
f 1873 1964 1965
f 1873 1965 1966
f 1873 1966 1967
f 1873 1967 1968
f 1873 1968 1969
f 1873 1969 1970
f 1873 1970 1971
f 1873 1971 1972
f 1873 1972 1973
f 1873 1973 1974
f 1873 1974 1975
f 1873 1975 1976
f 1873 1976 1977
f 1873 1977 1978
f 1873 1978 1979
f 1873 1979 1980
f 1873 1980 1981
f 1873 1981 1982
f 1873 1982 1983
f 1873 1983 1984
f 1873 1984 1985
f 1873 1985 1986
f 1873 1986 1987
f 1873 1987 1988
f 1873 1988 1989
f 1873 1989 1990
f 1873 1990 1991
f 1873 1991 1992
f 1873 1992 1993
f 1873 1993 1994
f 1873 1994 1995
f 1873 1995 1996
f 1873 1996 1997
f 1873 1997 1998
f 1873 1998 1999
f 1873 1999 2000
f 1873 2000 2001
f 1873 2001 2002
f 1873 2002 2003
f 1873 2003 2004
f 1873 2004 2005
f 1873 2005 2006
f 1873 2006 2007
f 1873 2007 2008
f 1873 2008 2009
f 1873 2009 2010
f 1873 2010 2011
f 1873 2011 2012
f 1873 2012 2013
f 1873 2013 2014
f 1873 2014 2015
f 1873 2015 2016
f 1873 2016 2017
f 1873 2017 2018
f 1873 2018 2019
f 1873 2019 2020
f 1873 2020 2021
f 1873 2021 2022
f 1873 2022 2023
f 1873 2023 2024
f 1873 2024 2025
f 1873 2025 2026
f 1873 2026 2027
f 1873 2027 2028
f 1873 2028 2029
f 1873 2029 2030
f 1873 2030 2031
f 1873 2031 2032
f 1873 2032 2033
f 1873 2033 2034
f 1873 2034 2035
f 1873 2035 2036
f 1873 2036 2037
f 1873 2037 2038
f 1873 2038 2039
f 1873 2039 2040
f 1873 2040 2041
f 1873 2041 2042
f 1873 2042 2043
f 1873 2043 2044
f 1873 2044 2045
f 1873 2045 2046
f 1873 2046 2047
f 1873 2047 2048
f 1873 2048 2049
f 1873 2049 2050
f 1873 2050 2051
f 1873 2051 2052
f 1873 2052 2053
f 1873 2053 2054
f 1873 2054 2055
f 1873 2055 2056
f 1873 2056 2057
f 1873 2057 2058
f 1873 2058 2059
f 1873 2059 2060
f 1873 2060 2061
f 1873 2061 2062
f 1873 2062 2063
f 1873 2063 2064
f 1873 2064 2065
f 1873 2065 2066

