# https://github.com/mikedh/trimesh
v 367614.77510328 5027651.85591536 122.88996261
v 367614.77510328 5027651.85591536 123.38996261
v 367613.36510337 5027651.85540992 123.38996261
v 367613.36510337 5027651.85540992 122.88996261
v 367581.29920543 5027651.84391537 121.63996261
v 367581.29920543 5027651.84391537 123.38996261
v 367578.22580563 5027651.84281366 123.38996261
v 367578.22580563 5027651.84281366 121.63996261
v 367584.17580525 5027651.84494654 121.63996261
v 367584.17580525 5027651.84494654 123.38996261
v 367582.66580534 5027651.84440525 123.38996261
v 367582.66580534 5027651.84440525 121.63996261
v 367591.27580479 5027651.84749165 121.63996261
v 367591.27580479 5027651.84749165 123.38996261
v 367589.76580489 5027651.84695037 123.38996261
v 367589.76580489 5027651.84695037 121.63996261
v 367598.37580433 5027651.85003676 121.63996261
v 367598.37580433 5027651.85003676 123.38996261
v 367596.86580443 5027651.84949548 123.38996261
v 367596.86580443 5027651.84949548 121.63996261
v 367605.47580388 5027651.85258188 121.63996261
v 367605.47580388 5027651.85258188 123.38996261
v 367603.96580397 5027651.85204059 123.38996261
v 367603.96580397 5027651.85204059 121.63996261
v 367612.57580342 5027651.85512699 121.63996261
v 367612.57580342 5027651.85512699 123.38996261
v 367611.06580352 5027651.85458570 123.38996261
v 367611.06580352 5027651.85458570 121.63996261
v 367588.39920498 5027651.84646048 121.63996261
v 367588.39920498 5027651.84646048 123.38996261
v 367585.32580517 5027651.84535877 123.38996261
v 367585.32580517 5027651.84535877 121.63996261
v 367595.51920452 5027651.84901277 121.63996261
v 367595.51920452 5027651.84901277 123.38996261
v 367592.44580472 5027651.84791106 123.38996261
v 367592.44580472 5027651.84791106 121.63996261
v 367609.70380361 5027651.85409747 121.63996261
v 367609.70380361 5027651.85409747 123.38996261
v 367606.63040380 5027651.85299576 123.38996261
v 367606.63040380 5027651.85299576 121.63996261
v 367602.73700405 5027651.85160011 121.63996261
v 367602.73700405 5027651.85160011 123.38996261
v 367599.48580426 5027651.85043466 123.38996261
v 367599.48580426 5027651.85043466 121.63996261
v 367545.24254998 5027651.47953093 129.08997728
v 367545.24254998 5027651.47953093 127.33997728
v 367540.52255028 5027651.47783896 127.33997728
v 367540.52255028 5027651.47783896 129.08997728
v 367548.90614974 5027651.48084420 129.08997728
v 367548.90614974 5027651.48084420 127.33997728
v 367545.83274994 5027651.47974249 127.33997728
v 367545.83274994 5027651.47974249 129.08997728
v 367556.01044928 5027651.48339086 129.08997728
v 367556.01044928 5027651.48339086 127.33997728
v 367552.93704948 5027651.48228915 127.33997728
v 367552.93704948 5027651.48228915 129.08997728
v 367563.10124883 5027651.48593267 129.08997728
v 367563.10124883 5027651.48593267 127.33997728
v 367560.02784903 5027651.48483096 127.33997728
v 367560.02784903 5027651.48483096 129.08997728
v 367570.21054837 5027651.48848112 129.08997728
v 367570.21054837 5027651.48848112 127.33997728
v 367567.13714857 5027651.48737941 127.33997728
v 367567.13714857 5027651.48737941 129.08997728
v 367570.21054837 5027651.48848112 129.08957728
v 367570.21054837 5027651.48848112 127.33957728
v 367567.13714857 5027651.48737941 127.33957728
v 367567.13714857 5027651.48737941 129.08957728
v 367563.10124883 5027651.48593267 129.08957728
v 367563.10124883 5027651.48593267 127.33957728
v 367560.02784903 5027651.48483096 127.33957728
v 367560.02784903 5027651.48483096 129.08957728
v 367556.01044928 5027651.48339086 129.08957728
v 367556.01044928 5027651.48339086 127.33957728
v 367552.93704948 5027651.48228915 127.33957728
v 367552.93704948 5027651.48228915 129.08957728
v 367548.90614974 5027651.48084420 129.08957728
v 367548.90614974 5027651.48084420 127.33957728
v 367545.83274994 5027651.47974249 127.33957728
v 367545.83274994 5027651.47974249 129.08957728
v 367545.24254998 5027651.47953093 129.08957728
v 367545.24254998 5027651.47953093 127.33957728
v 367540.52255028 5027651.47783896 127.33957728
v 367540.52255028 5027651.47783896 129.08957728
v 367551.77704956 5027651.48187333 129.08957728
v 367551.77704956 5027651.48187333 127.33957728
v 367550.26704965 5027651.48133204 127.33957728
v 367550.26704965 5027651.48133204 129.08957728
v 367572.65844821 5027651.48935861 129.08957728
v 367572.65844821 5027651.48935861 127.33957728
v 367571.14844831 5027651.48881732 127.33957728
v 367571.14844831 5027651.48881732 129.08957728
v 367558.86704910 5027651.48441485 129.08957728
v 367558.86704910 5027651.48441485 127.33957728
v 367557.35704920 5027651.48387357 127.33957728
v 367557.35704920 5027651.48387357 129.08957728
v 367565.96784864 5027651.48696025 129.08957728
v 367565.96784864 5027651.48696025 127.33957728
v 367564.45784874 5027651.48641897 127.33957728
v 367564.45784874 5027651.48641897 129.08957728
v 367543.24461952 5027657.98011245 122.90994243
v 367544.69241942 5027657.98063144 122.90994243
v 367544.87021941 5027657.98069518 120.73804243
v 367544.87021941 5027657.98069518 120.72534243
v 367542.93981954 5027657.98000319 120.72534243
v 367542.93981954 5027657.98000319 120.73804243
v 367539.86692656 5027666.59902365 120.72554822
v 367540.83212650 5027666.59936964 120.72554822
v 367540.88292649 5027666.59938785 120.72554822
v 367540.88292649 5027666.59938785 122.85914822
v 367539.86692656 5027666.59902365 122.85914822
v 367545.84492618 5027666.60116657 121.63994822
v 367548.91832598 5027666.60226828 121.63994822
v 367548.91832598 5027666.60226828 123.39004822
v 367545.84492618 5027666.60116657 123.39004822
v 367552.92552572 5027666.60370472 121.63994822
v 367555.99892552 5027666.60480644 121.63994822
v 367555.99892552 5027666.60480644 123.39004822
v 367552.92552572 5027666.60370472 123.39004822
v 367560.03762526 5027666.60625418 121.63994822
v 367563.11102507 5027666.60735589 121.63994822
v 367563.11102507 5027666.60735589 123.39004822
v 367560.03762526 5027666.60625417 123.39004822
v 367567.15712481 5027666.60880628 121.63994822
v 367570.23052461 5027666.60990799 121.63994822
v 367570.23052461 5027666.60990799 123.39004822
v 367567.15712481 5027666.60880628 123.39004822
v 367585.33622364 5027666.61532288 121.63994822
v 367588.40962344 5027666.61642459 121.63994822
v 367588.40962344 5027666.61642459 123.39004822
v 367585.33622364 5027666.61532288 123.39004822
v 367592.44232318 5027666.61787018 121.63994822
v 367595.51572298 5027666.61897189 121.63994822
v 367595.51572298 5027666.61897189 123.39004822
v 367592.44232318 5027666.61787018 123.39004822
v 367599.51922273 5027666.62040701 121.63994822
v 367602.59262253 5027666.62150872 121.63994821
v 367602.59262253 5027666.62150872 123.39004821
v 367599.51922273 5027666.62040701 123.39004822
v 367606.63712227 5027666.62295854 121.63994821
v 367609.71052207 5027666.62406025 121.63994821
v 367609.71052207 5027666.62406025 123.39004821
v 367606.63712227 5027666.62295854 123.39004821
v 367611.03052199 5027666.62453343 121.63994821
v 367612.54052189 5027666.62507471 121.63994821
v 367612.54052189 5027666.62507471 123.38994821
v 367611.03052199 5027666.62453343 123.38994821
v 367603.93712244 5027666.62199068 121.63994821
v 367605.44712235 5027666.62253197 121.63994821
v 367605.44712235 5027666.62253196 123.38994821
v 367603.93712244 5027666.62199068 123.38994821
v 367596.85922290 5027666.61945349 121.63994822
v 367598.36922280 5027666.61999477 121.63994822
v 367598.36922280 5027666.61999477 123.38994822
v 367596.85922290 5027666.61945349 123.38994822
v 367589.74232335 5027666.61690232 121.63994822
v 367591.25232326 5027666.61744360 121.63994822
v 367591.25232326 5027666.61744360 123.38994822
v 367589.74232335 5027666.61690232 123.38994822
v 367582.63622381 5027666.61435502 121.63994822
v 367584.14622371 5027666.61489630 121.63994822
v 367584.14622371 5027666.61489630 123.38994822
v 367582.63622381 5027666.61435502 123.38994822
v 367574.05712436 5027666.61127970 121.63994822
v 367575.56712427 5027666.61182098 121.63994822
v 367575.56712427 5027666.61182098 123.38994822
v 367574.05712436 5027666.61127970 123.38994822
v 367571.55712452 5027666.61038353 121.63994822
v 367573.06712443 5027666.61092482 121.63994822
v 367573.06712443 5027666.61092482 123.38994822
v 367571.55712452 5027666.61038353 123.38994822
v 367564.45712498 5027666.60783842 121.63994822
v 367565.96712488 5027666.60837970 121.63994822
v 367565.96712488 5027666.60837970 123.38994822
v 367564.45712498 5027666.60783842 123.38994822
v 367557.33762544 5027666.60528632 121.63994822
v 367558.84762534 5027666.60582760 121.63994822
v 367558.84762534 5027666.60582760 123.38994822
v 367557.33762544 5027666.60528632 123.38994822
v 367550.22552589 5027666.60273686 121.63994822
v 367551.73552580 5027666.60327815 121.63994822
v 367551.73552580 5027666.60327815 123.38994822
v 367550.22552589 5027666.60273686 123.38994822
v 367578.22492409 5027666.61277371 121.63994822
v 367581.29832390 5027666.61387543 121.63994822
v 367581.29832390 5027666.61387543 123.39004822
v 367578.22492409 5027666.61277371 123.39004822
v 367543.40992633 5027666.60029370 122.72554822
v 367544.81992624 5027666.60079914 122.72554822
v 367544.81992624 5027666.60079914 123.22554822
v 367543.40992633 5027666.60029370 123.22554822
v 367538.70824142 5027657.24322754 127.17561726
v 367538.70824142 5027657.24322754 129.01561726
v 367538.70851027 5027656.49322759 129.01561726
v 367538.70851027 5027656.49322759 127.17561726
v 367543.90097003 5027651.82905422 135.88961230
v 367543.90097003 5027651.82905422 137.63961230
v 367542.39097013 5027651.82851293 137.63961230
v 367542.39097013 5027651.82851293 135.88961230
v 367546.91096984 5027651.83013320 135.88961230
v 367546.91096984 5027651.83013320 137.63961230
v 367545.40096994 5027651.82959192 137.63961230
v 367545.40096994 5027651.82959192 135.88961230
v 367554.02526938 5027651.83268344 135.88961230
v 367554.02526938 5027651.83268344 137.63961230
v 367552.51526948 5027651.83214216 137.63961230
v 367552.51526948 5027651.83214215 135.88961230
v 367561.11286893 5027651.83522411 135.88961230
v 367561.11286893 5027651.83522411 137.63961230
v 367559.60286902 5027651.83468282 137.63961230
v 367559.60286902 5027651.83468282 135.88961230
v 367540.67097024 5027651.82789637 135.88961230
v 367540.67097024 5027651.82789637 137.63961230
v 367538.58177038 5027651.82714746 137.63961230
v 367538.58177038 5027651.82714746 135.88961230
v 367558.43286910 5027651.83426342 135.88961230
v 367558.43286910 5027651.83426342 137.63961230
v 367555.35946930 5027651.83316171 137.63961230
v 367555.35946930 5027651.83316171 135.88961230
v 367551.34526956 5027651.83172275 135.88961230
v 367551.34526955 5027651.83172275 137.63961230
v 367548.27186975 5027651.83062104 137.63961230
v 367548.27186975 5027651.83062104 135.88961230
v 367565.53616864 5027651.83680971 135.88961230
v 367565.53616864 5027651.83680971 137.63961230
v 367562.46276884 5027651.83570800 137.63961230
v 367562.46276884 5027651.83570800 135.88961230
v 367572.58746819 5027651.83933737 135.88961230
v 367572.58746819 5027651.83933737 137.63961230
v 367569.51406839 5027651.83823566 137.63961230
v 367569.51406839 5027651.83823566 135.88961230
v 367568.21616847 5027651.83777040 135.88961230
v 367568.21616847 5027651.83777040 137.63961230
v 367566.70616857 5027651.83722912 137.63961230
v 367566.70616857 5027651.83722912 135.88961230
v 367544.28701268 5027651.47918577 134.78962447
v 367544.28701268 5027651.47918577 133.03962447
v 367539.56701299 5027651.47749238 133.03962447
v 367539.56701299 5027651.47749238 134.78962447
v 367551.77701220 5027651.48187295 134.78962447
v 367551.77701220 5027651.48187295 133.03962447
v 367550.26701230 5027651.48133121 133.03962447
v 367550.26701230 5027651.48133121 134.78962447
v 367572.65841086 5027651.48936456 134.78962447
v 367572.65841086 5027651.48936456 133.03962447
v 367571.14841096 5027651.48882282 133.03962447
v 367571.14841096 5027651.48882282 134.78962447
v 367548.90621239 5027651.48084300 134.78962447
v 367548.90621239 5027651.48084300 133.03962447
v 367545.83281259 5027651.47974035 133.03962447
v 367545.83281259 5027651.47974035 134.78962447
v 367556.01041193 5027651.48339177 134.78962447
v 367556.01041193 5027651.48339177 133.03962447
v 367552.93701213 5027651.48228912 133.03962447
v 367552.93701213 5027651.48228912 134.78962447
v 367558.86701175 5027651.48441663 134.78962447
v 367558.86701175 5027651.48441663 133.03962447
v 367557.35701184 5027651.48387488 133.03962447
v 367557.35701184 5027651.48387488 134.78962447
v 367563.10121147 5027651.48593573 134.78962447
v 367563.10121147 5027651.48593573 133.03962447
v 367560.02781167 5027651.48483309 133.03962447
v 367560.02781167 5027651.48483309 134.78962447
v 367565.96781129 5027651.48696418 134.78962447
v 367565.96781129 5027651.48696418 133.03962447
v 367564.45781139 5027651.48642244 133.03962447
v 367564.45781139 5027651.48642244 134.78962447
v 367570.21051102 5027651.48848633 134.78962447
v 367570.21051102 5027651.48848633 133.03962447
v 367567.13711121 5027651.48738369 133.03962447
v 367567.13711121 5027651.48738369 134.78962447
v 367542.44658434 5027651.47870782 131.93955568
v 367543.95658425 5027651.47924031 131.93955568
v 367543.95658425 5027651.47924030 130.18955568
v 367542.44658434 5027651.47870782 130.18955568
v 367545.45658415 5027651.47976927 131.93955569
v 367546.96658406 5027651.48030176 131.93955569
v 367546.96658406 5027651.48030176 130.18955569
v 367545.45658416 5027651.47976927 130.18955569
v 367552.57088371 5027651.48227807 131.93955570
v 367554.08088362 5027651.48281056 131.93955570
v 367554.08088362 5027651.48281056 130.18955570
v 367552.57088371 5027651.48227807 130.18955570
v 367559.65848327 5027651.48477745 131.93955571
v 367561.16848318 5027651.48530994 131.93955571
v 367561.16848318 5027651.48530994 130.18955571
v 367559.65848327 5027651.48477745 130.18955571
v 367538.63738458 5027651.47736453 131.93965568
v 367540.72648445 5027651.47810124 131.93965568
v 367540.72648445 5027651.47810124 130.18955568
v 367538.63738458 5027651.47736453 130.18955568
v 367555.41508354 5027651.48328105 131.93965570
v 367558.48848334 5027651.48436486 131.93965571
v 367558.48848335 5027651.48436486 130.18955571
v 367555.41508354 5027651.48328105 130.18955570
v 367548.32748398 5027651.48078167 131.93965569
v 367551.40088378 5027651.48186548 131.93965570
v 367551.40088379 5027651.48186547 130.18955570
v 367548.32748398 5027651.48078167 130.18955569
v 367562.51838309 5027651.48578597 131.93965571
v 367565.59178290 5027651.48686978 131.93965572
v 367565.59178291 5027651.48686978 130.18955572
v 367562.51838310 5027651.48578597 130.18955571
v 367569.56968266 5027651.48827256 131.93965572
v 367572.64308246 5027651.48935637 131.93965573
v 367572.64308247 5027651.48935636 130.18955573
v 367569.56968266 5027651.48827255 130.18955572
v 367566.76178283 5027651.48728237 131.93955572
v 367568.27178274 5027651.48781486 131.93955572
v 367568.27178274 5027651.48781486 130.18955572
v 367566.76178283 5027651.48728237 130.18955572
v 367572.62194370 5027651.48934274 123.38957218
v 367572.62194370 5027651.48934274 121.63957218
v 367571.11194379 5027651.48880146 121.63957218
v 367571.11194379 5027651.48880146 123.38957218
v 367565.97484412 5027651.48695998 123.38957218
v 367565.97484412 5027651.48695998 121.63957218
v 367564.46484422 5027651.48641869 121.63957218
v 367564.46484422 5027651.48641869 123.38957218
v 367548.86094522 5027651.48082522 123.38957218
v 367548.86094522 5027651.48082522 121.63957218
v 367545.78754542 5027651.47972350 121.63957218
v 367545.78754542 5027651.47972350 123.38957218
v 367551.76094504 5027651.48186477 123.38957218
v 367551.76094504 5027651.48186477 121.63957218
v 367550.25094513 5027651.48132349 121.63957218
v 367550.25094513 5027651.48132349 123.38957218
v 367555.96434477 5027651.48337155 123.38957218
v 367555.96434477 5027651.48337155 121.63957218
v 367552.89094497 5027651.48226984 121.63957218
v 367552.89094497 5027651.48226984 123.38957218
v 367558.87564458 5027651.48441515 123.38957218
v 367558.87564458 5027651.48441515 121.63957218
v 367557.36564468 5027651.48387387 121.63957218
v 367557.36564468 5027651.48387387 123.38957218
v 367563.08474431 5027651.48592397 123.38957218
v 367563.08474431 5027651.48592397 121.63957218
v 367560.01134451 5027651.48482226 121.63957218
v 367560.01134451 5027651.48482226 123.38957218
v 367570.16654386 5027651.48846256 123.38957218
v 367570.16654386 5027651.48846256 121.63957218
v 367567.09314405 5027651.48736085 121.63957218
v 367567.09314405 5027651.48736085 123.38957218
v 367558.14253661 5027651.83416612 124.48962606
v 367558.14253661 5027651.83416612 126.23962606
v 367555.06913681 5027651.83306441 126.23962606
v 367555.06913681 5027651.83306441 124.48962606
v 367546.96263733 5027651.83015850 124.48962606
v 367546.96263733 5027651.83015850 126.23962606
v 367545.45263743 5027651.82961722 126.23962606
v 367545.45263743 5027651.82961722 124.48962606
v 367551.04253707 5027651.83162101 124.48962606
v 367551.04253707 5027651.83162101 126.23962606
v 367547.96913726 5027651.83051930 126.23962606
v 367547.96913726 5027651.83051930 124.48962606
v 367553.72253690 5027651.83258170 124.48962606
v 367553.72253690 5027651.83258170 126.23962606
v 367552.21253699 5027651.83204041 126.23962606
v 367552.21253699 5027651.83204041 124.48962606
v 367560.81253644 5027651.83512323 124.48962606
v 367560.81253644 5027651.83512323 126.23962606
v 367559.30253654 5027651.83458194 126.23962606
v 367559.30253654 5027651.83458194 124.48962606
v 367565.23163616 5027651.83670732 124.48962606
v 367565.23163616 5027651.83670732 126.23962606
v 367562.15823635 5027651.83560561 126.23962606
v 367562.15823635 5027651.83560561 124.48962606
v 367567.91163598 5027651.83766801 124.48962606
v 367567.91163598 5027651.83766801 126.23962606
v 367566.40163608 5027651.83712673 126.23962606
v 367566.40163608 5027651.83712673 124.48962606
v 367572.31253570 5027651.83924559 124.48962606
v 367572.31253570 5027651.83924559 126.23962606
v 367569.23913590 5027651.83814388 126.23962606
v 367569.23913590 5027651.83814388 124.48962606
v 367614.77518788 5027651.50591207 137.63994218
v 367614.77518788 5027651.50591207 137.13994218
v 367613.36518797 5027651.50540684 137.13994218
v 367613.36518797 5027651.50540684 137.63994218
v 367579.35989016 5027651.49322191 137.63994218
v 367579.35989016 5027651.49322191 135.88994218
v 367577.84989025 5027651.49268084 135.88994218
v 367577.84989025 5027651.49268084 137.63994218
v 367586.45988970 5027651.49576601 137.63994218
v 367586.45988970 5027651.49576601 135.88994218
v 367584.94988980 5027651.49522494 135.88994218
v 367584.94988980 5027651.49522494 137.63994218
v 367593.57988924 5027651.49831728 137.63994218
v 367593.57988924 5027651.49831728 135.88994218
v 367592.06988934 5027651.49777621 135.88994218
v 367592.06988934 5027651.49777621 137.63994218
v 367600.67988879 5027651.50086139 137.63994218
v 367600.67988879 5027651.50086139 135.88994218
v 367599.16988889 5027651.50032032 135.88994218
v 367599.16988889 5027651.50032032 137.63994218
v 367607.77988833 5027651.50340549 137.63994218
v 367607.77988833 5027651.50340549 135.88994218
v 367606.26988843 5027651.50286442 135.88994218
v 367606.26988843 5027651.50286442 137.63994218
v 367617.87288768 5027651.50702206 137.63994218
v 367617.87288768 5027651.50702206 135.88994218
v 367616.36288778 5027651.50648099 135.88994218
v 367616.36288778 5027651.50648099 137.63994218
v 367620.86598749 5027651.50809456 137.63994218
v 367620.86598749 5027651.50809456 135.88994218
v 367619.35598759 5027651.50755349 135.88994218
v 367619.35598759 5027651.50755349 137.63994218
v 367612.17988805 5027651.50498212 137.64004218
v 367612.17988805 5027651.50498212 135.88994218
v 367609.10648825 5027651.50388084 135.88994218
v 367609.10648825 5027651.50388084 137.64004218
v 367605.07988851 5027651.50243801 137.64004218
v 367605.07988851 5027651.50243801 135.88994218
v 367602.00648870 5027651.50133674 135.88994218
v 367602.00648870 5027651.50133674 137.64004218
v 367597.97988896 5027651.49989391 137.64004218
v 367597.97988896 5027651.49989391 135.88994218
v 367594.90648916 5027651.49879264 135.88994218
v 367594.90648916 5027651.49879264 137.64004218
v 367590.87988942 5027651.49734981 137.64004218
v 367590.87988942 5027651.49734981 135.88994218
v 367587.80648962 5027651.49624853 135.88994218
v 367587.80648962 5027651.49624853 137.64004218
v 367583.75988987 5027651.49479854 137.64004218
v 367583.75988987 5027651.49479854 135.88994218
v 367580.68649007 5027651.49369726 135.88994218
v 367580.68649007 5027651.49369726 137.64004218
v 367578.25735073 5027651.49295579 134.79001986
v 367581.33075054 5027651.49404881 134.79001986
v 367581.33075054 5027651.49404881 133.04001986
v 367578.25735073 5027651.49295579 133.04001986
v 367585.35645028 5027651.49548052 134.79001986
v 367588.42985009 5027651.49657354 134.79001986
v 367588.42995009 5027651.49657358 134.79001986
v 367588.42995009 5027651.49657358 133.04001986
v 367585.35655028 5027651.49548055 133.04001986
v 367585.35645028 5027651.49548052 133.04001986
v 367592.43984984 5027651.49799966 134.79001986
v 367595.51324964 5027651.49909269 134.79001986
v 367595.51324964 5027651.49909269 133.04001986
v 367592.43984984 5027651.49799966 133.04001986
v 367599.53574939 5027651.50052325 134.79001986
v 367602.60914919 5027651.50161628 134.79001986
v 367602.60914919 5027651.50161628 133.04001986
v 367599.53574939 5027651.50052325 133.04001986
v 367606.62394894 5027651.50304411 134.79001986
v 367609.69734875 5027651.50413713 134.79001986
v 367609.69734875 5027651.50413713 133.04001986
v 367606.62394894 5027651.50304411 133.04001986
v 367615.93974835 5027651.50635718 134.79001986
v 367620.65974805 5027651.50803581 134.79001986
v 367620.65974805 5027651.50803581 133.04001986
v 367615.93974835 5027651.50635718 133.04001986
v 367582.67645045 5027651.49452740 134.79001986
v 367584.18645036 5027651.49506442 134.79001986
v 367584.18655036 5027651.49506445 134.79001986
v 367584.18655036 5027651.49506445 133.04001986
v 367582.67655045 5027651.49452743 133.04001986
v 367582.67645045 5027651.49452740 133.04001986
v 367589.73985001 5027651.49703943 134.79001986
v 367591.24984991 5027651.49757645 134.79001986
v 367591.24984991 5027651.49757645 133.04001986
v 367589.73985001 5027651.49703943 133.04001986
v 367596.83574956 5027651.49956302 134.79001986
v 367598.34574946 5027651.50010004 134.79001986
v 367598.34574946 5027651.50010004 133.04001986
v 367596.83574956 5027651.49956302 133.04001986
v 367603.92394911 5027651.50208388 134.79001986
v 367605.43394901 5027651.50262089 134.79001986
v 367605.43394901 5027651.50262089 133.04001986
v 367603.92394911 5027651.50208388 133.04001986
v 367611.04394866 5027651.50461604 134.79001986
v 367612.55394856 5027651.50515306 134.79001986
v 367612.55394856 5027651.50515306 133.04001986
v 367611.04394866 5027651.50461604 133.04001986
v 367614.77514842 5027651.50594300 134.79001986
v 367614.77514842 5027651.50594300 134.29001986
v 367613.36514851 5027651.50544155 134.29001986
v 367613.36514851 5027651.50544155 134.79001986
v 367579.35991267 5027651.49322370 131.94003683
v 367579.35991267 5027651.49322370 130.19003683
v 367577.84991277 5027651.49268265 130.19003683
v 367577.84991277 5027651.49268265 131.94003683
v 367586.45991222 5027651.49576771 131.94003683
v 367586.45991222 5027651.49576771 130.19003683
v 367584.94991232 5027651.49522666 130.19003683
v 367584.94991232 5027651.49522666 131.94003683
v 367593.57991176 5027651.49831889 131.94003683
v 367593.57991176 5027651.49831889 130.19003683
v 367592.06991186 5027651.49777784 130.19003683
v 367592.06991186 5027651.49777784 131.94003683
v 367600.67991131 5027651.50086290 131.94003683
v 367600.67991131 5027651.50086290 130.19003683
v 367599.16991140 5027651.50032185 130.19003683
v 367599.16991140 5027651.50032185 131.94003683
v 367607.77991085 5027651.50340691 131.94003683
v 367607.77991085 5027651.50340691 130.19003683
v 367606.26991095 5027651.50286586 130.19003683
v 367606.26991095 5027651.50286586 131.94003683
v 367617.87291020 5027651.50702335 131.94003683
v 367617.87291020 5027651.50702335 130.19003683
v 367616.36291030 5027651.50648230 130.19003683
v 367616.36291030 5027651.50648230 131.94003683
v 367620.86601001 5027651.50809581 131.94003683
v 367620.86601001 5027651.50809581 130.19003683
v 367619.35601011 5027651.50755476 130.19003683
v 367619.35601011 5027651.50755476 131.94003683
v 367612.17991057 5027651.50498348 131.94003683
v 367612.17991057 5027651.50498348 130.19003683
v 367609.10651076 5027651.50388225 130.19003683
v 367609.10651076 5027651.50388225 131.94003683
v 367605.07991102 5027651.50243947 131.94003683
v 367605.07991102 5027651.50243947 130.19003683
v 367602.00651122 5027651.50133824 130.19003683
v 367602.00651122 5027651.50133824 131.94003683
v 367597.97991148 5027651.49989546 131.94003683
v 367597.97991148 5027651.49989546 130.19003683
v 367594.90651168 5027651.49879423 130.19003683
v 367594.90651168 5027651.49879423 131.94003683
v 367590.87991193 5027651.49735145 131.94003683
v 367590.87991193 5027651.49735145 130.19003683
v 367587.80651213 5027651.49625022 130.19003683
v 367587.80651213 5027651.49625022 131.94003683
v 367583.75991239 5027651.49480027 131.94003683
v 367583.75991239 5027651.49480027 130.19003683
v 367580.68651259 5027651.49369904 130.19003683
v 367580.68651259 5027651.49369904 131.94003683
v 367614.77521040 5027651.50591341 131.94003683
v 367614.77521040 5027651.50591341 131.44003683
v 367613.36521049 5027651.50540819 131.44003683
v 367613.36521049 5027651.50540819 131.94003683
v 367614.77518843 5027651.50591537 129.08998639
v 367614.77518843 5027651.50591537 128.58998639
v 367613.36518852 5027651.50540993 128.58998639
v 367613.36518852 5027651.50540993 129.08998639
v 367612.57088857 5027651.50512520 129.08998639
v 367612.57088857 5027651.50512520 127.33998639
v 367611.06088867 5027651.50458392 127.33998639
v 367611.06088867 5027651.50458392 129.08998639
v 367605.43088903 5027651.50256575 129.08998639
v 367605.43088903 5027651.50256575 127.33998639
v 367603.92088913 5027651.50202447 127.33998639
v 367603.92088913 5027651.50202447 129.08998639
v 367598.33088949 5027651.50002064 129.08998639
v 367598.33088949 5027651.50002064 127.33998639
v 367596.82088959 5027651.49947935 127.33998639
v 367596.82088959 5027651.49947935 129.08998639
v 367591.25088994 5027651.49748270 129.08998639
v 367591.25088994 5027651.49748270 127.33998639
v 367589.74089004 5027651.49694141 127.33998639
v 367589.74089004 5027651.49694141 129.08998639
v 367584.15089040 5027651.49493758 129.08998639
v 367584.15089040 5027651.49493758 127.33998639
v 367582.64089050 5027651.49439630 127.33998639
v 367582.64089050 5027651.49439630 129.08998639
v 367609.69428876 5027651.50409404 129.08998639
v 367609.69428876 5027651.50409404 127.33998639
v 367606.62088896 5027651.50299233 127.33998639
v 367606.62088896 5027651.50299233 129.08998639
v 367602.59428922 5027651.50154892 129.08998639
v 367602.59428922 5027651.50154892 127.33998639
v 367599.52088941 5027651.50044721 127.33998639
v 367599.52088941 5027651.50044721 129.08998639
v 367595.49428967 5027651.49900381 129.08998639
v 367595.49428967 5027651.49900381 127.33998639
v 367592.42088987 5027651.49790210 127.33998639
v 367592.42088987 5027651.49790210 129.08998639
v 367588.39429013 5027651.49645870 129.08998639
v 367588.39429013 5027651.49645870 127.33998639
v 367585.32089033 5027651.49535699 127.33998639
v 367585.32089033 5027651.49535699 129.08998639
v 367581.29429058 5027651.49391359 129.08998639
v 367581.29429058 5027651.49391359 127.33998639
v 367578.22089078 5027651.49281188 127.33998639
v 367578.22089078 5027651.49281188 129.08998639
v 367579.37998351 5027651.49322737 126.24001206
v 367579.37998351 5027651.49322737 124.49001206
v 367577.86998360 5027651.49268609 124.49001206
v 367577.86998360 5027651.49268609 126.24001206
v 367586.47998305 5027651.49577248 126.24001206
v 367586.47998305 5027651.49577248 124.49001206
v 367584.96998315 5027651.49523120 124.49001206
v 367584.96998315 5027651.49523120 126.24001206
v 367593.57998259 5027651.49831760 126.24001206
v 367593.57998259 5027651.49831760 124.49001206
v 367592.06998269 5027651.49777631 124.49001206
v 367592.06998269 5027651.49777631 126.24001206
v 367600.67998214 5027651.50086271 126.24001206
v 367600.67998214 5027651.50086271 124.49001206
v 367599.16998224 5027651.50032142 124.49001206
v 367599.16998224 5027651.50032142 126.24001206
v 367607.77998168 5027651.50340782 126.24001206
v 367607.77998168 5027651.50340782 124.49001206
v 367606.26998178 5027651.50286654 124.49001206
v 367606.26998178 5027651.50286654 126.24001206
v 367583.79438322 5027651.49480978 126.24001206
v 367583.79438322 5027651.49480978 124.49001206
v 367580.72098342 5027651.49370807 124.49001206
v 367580.72098342 5027651.49370807 126.24001206
v 367590.87998277 5027651.49734974 126.24001206
v 367590.87998277 5027651.49734974 124.49001206
v 367587.80658297 5027651.49624802 124.49001206
v 367587.80658297 5027651.49624802 126.24001206
v 367597.97998231 5027651.49989485 126.24001206
v 367597.97998231 5027651.49989485 124.49001206
v 367594.90658251 5027651.49879314 124.49001206
v 367594.90658251 5027651.49879314 126.24001206
v 367605.07998186 5027651.50243996 126.24001206
v 367605.07998186 5027651.50243996 124.49001206
v 367602.00658205 5027651.50133825 124.49001206
v 367602.00658205 5027651.50133825 126.24001206
v 367612.17998140 5027651.50498507 126.24001206
v 367612.17998140 5027651.50498507 124.49001206
v 367609.10658160 5027651.50388336 124.49001206
v 367609.10658160 5027651.50388336 126.24001206
v 367614.77518123 5027651.50591537 126.24001206
v 367614.77518123 5027651.50591537 125.74001206
v 367613.36518132 5027651.50540993 125.74001206
v 367613.36518132 5027651.50540993 126.24001206
v 367616.84309229 5027666.62661704 135.89001782
v 367618.93219216 5027666.62736591 135.89001782
v 367618.93219216 5027666.62736591 137.64001782
v 367616.84309229 5027666.62661704 137.64001782
v 367613.85209248 5027666.62554486 135.89001782
v 367615.36209239 5027666.62608615 135.89001782
v 367615.36209239 5027666.62608615 137.64001782
v 367613.85209248 5027666.62554486 137.64001782
v 367606.25209297 5027666.62282052 135.89001782
v 367607.76209287 5027666.62336180 135.89001782
v 367607.76209287 5027666.62336180 137.64001782
v 367606.25209297 5027666.62282052 137.64001782
v 367599.15209343 5027666.62027541 135.89001782
v 367600.66209333 5027666.62081669 135.89001782
v 367600.66209333 5027666.62081669 137.64001782
v 367599.15209343 5027666.62027541 137.64001782
v 367592.05209388 5027666.61773029 135.89001782
v 367593.56209379 5027666.61827158 135.89001782
v 367593.56209379 5027666.61827158 137.64001782
v 367592.05209388 5027666.61773029 137.64001782
v 367575.17209497 5027666.61167938 135.89001783
v 367576.68209487 5027666.61222066 135.89001783
v 367576.68209487 5027666.61222066 137.64001783
v 367575.17209497 5027666.61167938 137.64001783
v 367577.85209480 5027666.61264007 135.89001783
v 367579.36209470 5027666.61318135 135.89001783
v 367579.36209470 5027666.61318135 137.64001783
v 367577.85209480 5027666.61264007 137.64001783
v 367566.77209551 5027666.60866826 135.89001783
v 367568.28209541 5027666.60920954 135.89001783
v 367568.28209541 5027666.60920954 137.64001783
v 367566.77209551 5027666.60866826 137.64001783
v 367559.67209596 5027666.60612315 135.89001783
v 367561.18209587 5027666.60666443 135.89001783
v 367561.18209587 5027666.60666443 137.64001783
v 367559.67209596 5027666.60612315 137.64001783
v 367552.57209642 5027666.60357803 135.89001783
v 367554.08209632 5027666.60411932 135.89001783
v 367554.08209632 5027666.60411932 137.64001783
v 367552.57209642 5027666.60357803 137.64001783
v 367545.46439688 5027666.60103016 135.89001783
v 367546.97439678 5027666.60157145 135.89001783
v 367546.97439678 5027666.60157144 137.64001783
v 367545.46439688 5027666.60103016 137.64001783
v 367536.94549742 5027666.59797642 135.89001783
v 367538.45549733 5027666.59851770 135.89001783
v 367538.45549733 5027666.59851770 137.64001783
v 367536.94549742 5027666.59797642 137.64001783
v 367539.94549723 5027666.59905182 135.89001783
v 367541.45549713 5027666.59959310 135.89001783
v 367541.45549713 5027666.59959310 137.64001783
v 367539.94549723 5027666.59905182 137.64001783
v 367548.30869669 5027666.60204975 135.89001783
v 367551.38209650 5027666.60315146 135.89001783
v 367551.38209650 5027666.60315146 137.64001783
v 367548.30869669 5027666.60204975 137.64001783
v 367555.40869624 5027666.60459486 135.89001783
v 367558.48209604 5027666.60569657 135.89001783
v 367558.48209604 5027666.60569657 137.64001783
v 367555.40869624 5027666.60459486 137.64001783
v 367562.50869578 5027666.60713997 135.89001783
v 367565.58209558 5027666.60824168 135.89001783
v 367565.58209558 5027666.60824168 137.64001783
v 367562.50869578 5027666.60713997 137.64001783
v 367569.60869533 5027666.60968508 135.89001783
v 367572.68209513 5027666.61078680 135.89001783
v 367572.68209513 5027666.61078680 137.64001783
v 367569.60869533 5027666.60968508 137.64001783
v 367580.68869461 5027666.61365689 135.89001783
v 367583.76209442 5027666.61475861 135.89001782
v 367583.76209442 5027666.61475861 137.64001782
v 367580.68869461 5027666.61365689 137.64001783
v 367587.78869416 5027666.61620201 135.89001782
v 367590.86209396 5027666.61730372 135.89001782
v 367590.86209396 5027666.61730372 137.64001782
v 367587.78869416 5027666.61620201 137.64001782
v 367594.88869370 5027666.61874712 135.89001782
v 367597.96209350 5027666.61984883 135.89001782
v 367597.96209350 5027666.61984883 137.64001782
v 367594.88869370 5027666.61874712 137.64001782
v 367601.98869325 5027666.62129223 135.89001782
v 367605.06209305 5027666.62239394 135.89001782
v 367605.06209305 5027666.62239394 137.64001782
v 367601.98869325 5027666.62129223 137.64001782
v 367609.10869279 5027666.62384451 135.89001782
v 367612.18209259 5027666.62494623 135.89001782
v 367612.18209259 5027666.62494622 137.64001782
v 367609.10869279 5027666.62384451 137.64001782
v 367584.95209434 5027666.61518518 135.89001782
v 367586.46209424 5027666.61572647 135.89001782
v 367586.46209424 5027666.61572647 137.64001782
v 367584.95209434 5027666.61518518 137.64001782
v 367544.81989692 5027666.60079913 136.97561783
v 367544.81989692 5027666.60079913 137.47561783
v 367543.40989701 5027666.60029369 137.47561783
v 367543.40989701 5027666.60029369 136.97561783
v 367618.24769058 5027666.62712053 133.03998255
v 367618.24769058 5027666.62712053 134.78998255
v 367613.52769088 5027666.62542857 134.78998255
v 367613.52769088 5027666.62542857 133.03998255
v 367609.80209112 5027666.62409307 133.03998255
v 367609.80209112 5027666.62409307 134.78998255
v 367606.72869132 5027666.62299136 134.78998255
v 367606.72869132 5027666.62299136 133.03998255
v 367602.68209158 5027666.62154079 133.03998255
v 367602.68209158 5027666.62154079 134.78998255
v 367599.60869178 5027666.62043907 134.78998255
v 367599.60869178 5027666.62043907 133.03998255
v 367595.62209203 5027666.61901001 133.03998255
v 367595.62209203 5027666.61901001 134.78998255
v 367592.54869223 5027666.61790830 134.78998255
v 367592.54869223 5027666.61790830 133.03998255
v 367588.52209249 5027666.61646490 133.03998255
v 367588.52209249 5027666.61646490 134.78998255
v 367585.44869269 5027666.61536319 134.78998255
v 367585.44869269 5027666.61536319 133.03998255
v 367581.42209294 5027666.61391979 133.03998255
v 367581.42209294 5027666.61391979 134.78998255
v 367578.34869314 5027666.61281808 134.78998255
v 367578.34869314 5027666.61281808 133.03998255
v 367570.32209366 5027666.60994081 133.03998255
v 367570.32209366 5027666.60994081 134.78998255
v 367567.24869385 5027666.60883910 134.78998255
v 367567.24869385 5027666.60883910 133.03998255
v 367563.22209411 5027666.60739570 133.03998255
v 367563.22209411 5027666.60739570 134.78998255
v 367560.14869431 5027666.60629398 134.78998255
v 367560.14869431 5027666.60629398 133.03998255
v 367556.12209457 5027666.60485058 133.03998255
v 367556.12209457 5027666.60485058 134.78998255
v 367553.04869477 5027666.60374887 134.78998255
v 367553.04869477 5027666.60374887 133.03998255
v 367549.00879503 5027666.60230070 133.03998255
v 367549.00879503 5027666.60230070 134.78998255
v 367545.93539522 5027666.60119899 134.78998255
v 367545.93539522 5027666.60119899 133.03998255
v 367551.85869484 5027666.60332230 133.03998255
v 367551.85869484 5027666.60332230 134.78998255
v 367550.34869494 5027666.60278101 134.78998255
v 367550.34869494 5027666.60278101 133.03998255
v 367558.95869439 5027666.60586741 133.03998255
v 367558.95869439 5027666.60586741 134.78998255
v 367557.44869448 5027666.60532612 134.78998255
v 367557.44869448 5027666.60532612 133.03998255
v 367566.05869393 5027666.60841252 133.03998255
v 367566.05869393 5027666.60841252 134.78998255
v 367564.54869403 5027666.60787124 134.78998255
v 367564.54869403 5027666.60787124 133.03998255
v 367573.15869347 5027666.61095763 133.03998255
v 367573.15869347 5027666.61095763 134.78998255
v 367571.64869357 5027666.61041635 134.78998255
v 367571.64869357 5027666.61041635 133.03998255
v 367575.65869331 5027666.61185380 133.03998255
v 367575.65869331 5027666.61185380 134.78998255
v 367574.14869341 5027666.61131252 134.78998255
v 367574.14869341 5027666.61131252 133.03998255
v 367591.35869231 5027666.61748173 133.03998255
v 367591.35869231 5027666.61748173 134.78998255
v 367589.84869240 5027666.61694044 134.78998255
v 367589.84869240 5027666.61694044 133.03998255
v 367612.63869094 5027666.62510989 133.03998255
v 367612.63869094 5027666.62510989 134.78998255
v 367611.12869104 5027666.62456861 134.78998255
v 367611.12869104 5027666.62456861 133.03998255
v 367605.53869139 5027666.62256478 133.03998255
v 367605.53869139 5027666.62256478 134.78998255
v 367604.02869149 5027666.62202350 134.78998255
v 367604.02869149 5027666.62202350 133.03998255
v 367598.45489185 5027666.62002548 133.03998255
v 367598.45489185 5027666.62002548 134.78998255
v 367596.94489195 5027666.61948419 134.78998255
v 367596.94489195 5027666.61948419 133.03998255
v 367584.25489276 5027666.61493525 133.03998255
v 367584.25489276 5027666.61493525 134.78998255
v 367582.74489286 5027666.61439397 134.78998255
v 367582.74489286 5027666.61439397 133.03998255
v 367544.91989529 5027666.60083497 134.12558255
v 367544.91989529 5027666.60083497 134.62558255
v 367543.50989538 5027666.60032953 134.62558255
v 367543.50989538 5027666.60032953 134.12558255
v 367542.05549547 5027666.59980818 133.03998255
v 367542.05549547 5027666.59980818 134.78998255
v 367537.33549578 5027666.59811622 134.78998255
v 367537.33549578 5027666.59811622 133.03998255
v 367618.93220448 5027666.62736591 130.19003525
v 367618.93220448 5027666.62736591 131.94003525
v 367616.84310462 5027666.62661704 131.94003525
v 367616.84310462 5027666.62661704 130.19003525
v 367615.36210471 5027666.62608615 130.19003525
v 367615.36210471 5027666.62608615 131.94003525
v 367613.85210481 5027666.62554487 131.94003525
v 367613.85210481 5027666.62554487 130.19003525
v 367607.76210520 5027666.62336181 130.19003525
v 367607.76210520 5027666.62336181 131.94003525
v 367606.25210530 5027666.62282052 131.94003525
v 367606.25210530 5027666.62282052 130.19003525
v 367600.66210566 5027666.62081669 130.19003525
v 367600.66210566 5027666.62081669 131.94003525
v 367599.15210575 5027666.62027541 131.94003525
v 367599.15210575 5027666.62027541 130.19003525
v 367593.56210611 5027666.61827158 130.19003525
v 367593.56210611 5027666.61827158 131.94003525
v 367592.05210621 5027666.61773030 131.94003525
v 367592.05210621 5027666.61773030 130.19003525
v 367586.46210657 5027666.61572647 130.19003525
v 367586.46210657 5027666.61572647 131.94003525
v 367584.95210667 5027666.61518518 131.94003525
v 367584.95210667 5027666.61518518 130.19003525
v 367576.68210720 5027666.61222067 130.19003525
v 367576.68210720 5027666.61222067 131.94003525
v 367575.17210730 5027666.61167938 131.94003525
v 367575.17210730 5027666.61167938 130.19003525
v 367579.36210703 5027666.61318136 130.19003525
v 367579.36210703 5027666.61318136 131.94003525
v 367577.85210712 5027666.61264007 131.94003525
v 367577.85210712 5027666.61264007 130.19003525
v 367568.28210774 5027666.60920955 130.19003525
v 367568.28210774 5027666.60920955 131.94003525
v 367566.77210783 5027666.60866826 131.94003525
v 367566.77210783 5027666.60866826 130.19003525
v 367561.18210819 5027666.60666443 130.19003525
v 367561.18210819 5027666.60666443 131.94003525
v 367559.67210829 5027666.60612315 131.94003525
v 367559.67210829 5027666.60612315 130.19003525
v 367554.08210865 5027666.60411932 130.19003525
v 367554.08210865 5027666.60411932 131.94003525
v 367552.57210875 5027666.60357804 131.94003525
v 367552.57210875 5027666.60357804 130.19003525
v 367546.97440911 5027666.60157145 130.19003525
v 367546.97440911 5027666.60157145 131.94003525
v 367545.46440920 5027666.60103016 131.94003525
v 367545.46440920 5027666.60103016 130.19003525
v 367538.45550965 5027666.59851771 130.19003525
v 367538.45550965 5027666.59851771 131.94003525
v 367536.94550975 5027666.59797642 131.94003525
v 367536.94550975 5027666.59797642 130.19003525
v 367541.45550946 5027666.59959311 130.19003525
v 367541.45550946 5027666.59959311 131.94003525
v 367539.94550956 5027666.59905182 131.94003525
v 367539.94550956 5027666.59905182 130.19003525
v 367551.38210882 5027666.60315146 130.19003525
v 367551.38210882 5027666.60315146 131.94003525
v 367548.30870902 5027666.60204975 131.94003525
v 367548.30870902 5027666.60204975 130.19003525
v 367558.48210837 5027666.60569657 130.19003525
v 367558.48210837 5027666.60569657 131.94003525
v 367555.40870856 5027666.60459486 131.94003525
v 367555.40870856 5027666.60459486 130.19003525
v 367565.58210791 5027666.60824169 130.19003525
v 367565.58210791 5027666.60824169 131.94003525
v 367562.50870811 5027666.60713998 131.94003525
v 367562.50870811 5027666.60713998 130.19003525
v 367572.68210746 5027666.61078680 130.19003525
v 367572.68210746 5027666.61078680 131.94003525
v 367569.60870765 5027666.60968509 131.94003525
v 367569.60870765 5027666.60968509 130.19003525
v 367583.76210674 5027666.61475861 130.19003525
v 367583.76210674 5027666.61475861 131.94003525
v 367580.68870694 5027666.61365690 131.94003525
v 367580.68870694 5027666.61365690 130.19003525
v 367590.86210629 5027666.61730372 130.19003525
v 367590.86210629 5027666.61730372 131.94003525
v 367587.78870648 5027666.61620201 131.94003525
v 367587.78870648 5027666.61620201 130.19003525
v 367597.96210583 5027666.61984883 130.19003525
v 367597.96210583 5027666.61984883 131.94003525
v 367594.88870603 5027666.61874712 131.94003525
v 367594.88870603 5027666.61874712 130.19003525
v 367605.06210537 5027666.62239395 130.19003525
v 367605.06210537 5027666.62239395 131.94003525
v 367601.98870557 5027666.62129224 131.94003525
v 367601.98870557 5027666.62129224 130.19003525
v 367612.18210492 5027666.62494623 130.19003525
v 367612.18210492 5027666.62494623 131.94003525
v 367609.10870511 5027666.62384452 131.94003525
v 367609.10870511 5027666.62384452 130.19003525
v 367544.81990925 5027666.60079913 131.27563525
v 367544.81990925 5027666.60079913 131.77563525
v 367543.40990934 5027666.60029369 131.77563525
v 367543.40990934 5027666.60029369 131.27563525
v 367609.73833559 5027666.62407022 127.34000290
v 367609.73833559 5027666.62407022 129.09000290
v 367606.66493579 5027666.62296851 129.09000290
v 367606.66493579 5027666.62296851 127.34000290
v 367601.05153615 5027666.62095629 127.34000290
v 367602.61833605 5027666.62151794 127.34000290
v 367602.61833605 5027666.62151794 129.09000290
v 367599.54493624 5027666.62041622 129.09000290
v 367599.54493624 5027666.62041622 127.34000290
v 367593.95153660 5027666.61841118 127.34000290
v 367594.42793657 5027666.61858195 127.34000290
v 367595.51833650 5027666.61897282 127.34000290
v 367595.51833650 5027666.61897282 129.09000290
v 367592.44493670 5027666.61787111 129.09000290
v 367592.44493670 5027666.61787111 127.34000290
v 367587.32793703 5027666.61603684 127.34000290
v 367588.41833696 5027666.61642771 127.34000290
v 367588.41833696 5027666.61642771 129.09000290
v 367585.34493716 5027666.61532600 129.09000290
v 367585.34493716 5027666.61532600 127.34000290
v 367579.73153752 5027666.61331378 127.34000290
v 367581.29833742 5027666.61387543 127.34000290
v 367581.29833742 5027666.61387543 129.09000290
v 367578.22493761 5027666.61277372 129.09000290
v 367578.22493761 5027666.61277372 127.34000290
v 367568.61153823 5027666.60932764 127.34000290
v 367570.17833813 5027666.60988928 127.34000290
v 367570.17833813 5027666.60988928 129.09000290
v 367567.10493833 5027666.60878757 129.09000290
v 367567.10493833 5027666.60878757 127.34000290
v 367561.53153869 5027666.60678969 127.34000290
v 367563.09833859 5027666.60735134 127.34000290
v 367563.09833859 5027666.60735134 129.09000290
v 367560.02493878 5027666.60624963 129.09000290
v 367560.02493878 5027666.60624963 127.34000290
v 367554.43153914 5027666.60424458 127.34000290
v 367554.90793911 5027666.60441535 127.34000290
v 367555.99833904 5027666.60480623 127.34000290
v 367555.99833904 5027666.60480623 129.09000290
v 367552.92493924 5027666.60370451 129.09000290
v 367552.92493924 5027666.60370451 127.34000290
v 367548.90873950 5027666.60226484 127.34000290
v 367548.90873950 5027666.60226484 129.09000290
v 367545.83533969 5027666.60116313 129.09000290
v 367545.83533969 5027666.60116313 127.34000290
v 367616.23583517 5027666.62639935 127.34000290
v 367618.07083505 5027666.62705714 127.34000290
v 367618.07083505 5027666.62705714 129.09000290
v 367613.35083536 5027666.62536518 129.09000290
v 367613.35083536 5027666.62536518 127.34000290
v 367612.55493541 5027666.62507987 127.34000290
v 367612.55493541 5027666.62507987 129.09000290
v 367611.04493550 5027666.62453859 129.09000290
v 367611.04493550 5027666.62453859 127.34000290
v 367605.47493586 5027666.62254193 127.34000290
v 367605.47493586 5027666.62254193 129.09000290
v 367603.96493596 5027666.62200065 129.09000290
v 367603.96493596 5027666.62200065 127.34000290
v 367598.35493632 5027666.61998965 127.34000290
v 367598.35493632 5027666.61998965 129.09000290
v 367596.84493642 5027666.61944837 129.09000290
v 367596.84493642 5027666.61944837 127.34000290
v 367591.25493678 5027666.61744454 127.34000290
v 367591.25493678 5027666.61744454 129.09000290
v 367589.74493687 5027666.61690325 129.09000290
v 367589.74493687 5027666.61690325 127.34000290
v 367584.15493723 5027666.61489942 127.34000290
v 367584.15493723 5027666.61489942 129.09000290
v 367582.64493733 5027666.61435814 129.09000290
v 367582.64493733 5027666.61435814 127.34000290
v 367573.05493795 5027666.61092045 127.34000290
v 367573.05493795 5027666.61092045 129.09000290
v 367571.54493804 5027666.61037916 129.09000290
v 367571.54493804 5027666.61037916 127.34000290
v 367565.95493840 5027666.60837533 127.34000290
v 367565.95493840 5027666.60837533 129.09000290
v 367564.44493850 5027666.60783405 129.09000290
v 367564.44493850 5027666.60783405 127.34000290
v 367558.85493886 5027666.60583022 127.34000290
v 367558.85493886 5027666.60583022 129.09000290
v 367557.34493895 5027666.60528894 129.09000290
v 367557.34493895 5027666.60528894 127.34000290
v 367551.75493931 5027666.60328511 127.34000290
v 367551.75493931 5027666.60328511 129.09000290
v 367550.24493941 5027666.60274382 129.09000290
v 367550.24493941 5027666.60274382 127.34000290
v 367575.55873778 5027666.61181797 127.34000290
v 367575.55873778 5027666.61181797 129.09000290
v 367574.04873788 5027666.61127669 129.09000290
v 367574.04873788 5027666.61127669 127.34000290
v 367544.81983976 5027666.60079911 128.42560290
v 367544.81983976 5027666.60079911 128.92560290
v 367543.40983985 5027666.60029367 128.92560290
v 367543.40983985 5027666.60029367 128.42560290
v 367540.12134006 5027666.59911485 127.34000290
v 367541.95553994 5027666.59977235 127.34000290
v 367541.95553994 5027666.59977235 129.09000290
v 367537.23554025 5027666.59808039 129.09000290
v 367537.23554025 5027666.59808039 127.34000290
v 367546.96511264 5027666.60156812 124.49002901
v 367546.96511264 5027666.60156812 126.24002901
v 367545.45511274 5027666.60102683 126.24002901
v 367545.45511274 5027666.60102683 124.49002901
v 367554.08571218 5027666.60412062 124.49002901
v 367554.08571218 5027666.60412062 126.24002901
v 367552.57571228 5027666.60357933 126.24002901
v 367552.57571228 5027666.60357933 124.49002901
v 367561.14811173 5027666.60665225 124.49002901
v 367561.14811173 5027666.60665225 126.24002901
v 367559.63811183 5027666.60611096 126.24002901
v 367559.63811183 5027666.60611096 124.49002901
v 367568.29391127 5027666.60921378 124.49002901
v 367568.29391127 5027666.60921378 126.24002901
v 367566.78391137 5027666.60867250 126.24002901
v 367566.78391137 5027666.60867250 124.49002901
v 367576.68331073 5027666.61222110 124.49002901
v 367576.68331073 5027666.61222110 126.24002901
v 367575.17331083 5027666.61167981 126.24002901
v 367575.17331083 5027666.61167981 124.49002901
v 367579.36501056 5027666.61318240 124.49002902
v 367579.36501056 5027666.61318240 126.24002902
v 367577.85501066 5027666.61264111 126.24002901
v 367577.85501066 5027666.61264111 124.49002901
v 367586.47501010 5027666.61573109 124.49002902
v 367586.47501010 5027666.61573109 126.24002902
v 367584.96501020 5027666.61518981 126.24002902
v 367584.96501020 5027666.61518981 124.49002902
v 367593.55250965 5027666.61826814 124.49002902
v 367593.55250965 5027666.61826814 126.24002902
v 367592.04250975 5027666.61772686 126.24002902
v 367592.04250975 5027666.61772686 124.49002902
v 367600.66310919 5027666.62081705 124.49002902
v 367600.66310919 5027666.62081705 126.24002902
v 367599.15310929 5027666.62027577 126.24002902
v 367599.15310929 5027666.62027577 124.49002902
v 367607.75780874 5027666.62336027 124.49002902
v 367607.75780874 5027666.62336027 126.24002902
v 367606.24780883 5027666.62281898 126.24002902
v 367606.24780883 5027666.62281898 124.49002902
v 367551.38571236 5027666.60315276 124.49002901
v 367551.38571236 5027666.60315276 126.24002901
v 367548.31231256 5027666.60205104 126.24002901
v 367548.31231256 5027666.60205104 124.49002901
v 367558.50811190 5027666.60570590 124.49002901
v 367558.50811190 5027666.60570590 126.24002901
v 367555.43471210 5027666.60460419 126.24002901
v 367555.43471210 5027666.60460419 124.49002901
v 367565.57391145 5027666.60823875 124.49002901
v 367565.57391145 5027666.60823875 126.24002901
v 367562.50051164 5027666.60713704 126.24002901
v 367562.50051164 5027666.60713704 124.49002901
v 367572.66331099 5027666.61078006 124.49002901
v 367572.66331099 5027666.61078006 126.24002901
v 367569.58991119 5027666.60967835 126.24002901
v 367569.58991119 5027666.60967835 124.49002901
v 367583.81501027 5027666.61477757 124.49002902
v 367583.81501027 5027666.61477757 126.24002902
v 367580.74161047 5027666.61367586 126.24002902
v 367580.74161047 5027666.61367586 124.49002902
v 367590.89250982 5027666.61731462 124.49002902
v 367590.89250982 5027666.61731462 126.24002902
v 367587.81911002 5027666.61621291 126.24002902
v 367587.81911002 5027666.61621291 124.49002902
v 367605.09780891 5027666.62240675 124.49002902
v 367605.09780891 5027666.62240675 126.24002902
v 367602.02440910 5027666.62130503 126.24002902
v 367602.02440910 5027666.62130503 124.49002902
v 367612.18580845 5027666.62494756 124.49002902
v 367612.18580845 5027666.62494756 126.24002902
v 367609.11240865 5027666.62384585 126.24002902
v 367609.11240865 5027666.62384584 124.49002902
v 367597.96210937 5027666.61984884 124.49002902
v 367597.96210937 5027666.61984884 126.24002902
v 367594.88870956 5027666.61874712 126.24002902
v 367594.88870956 5027666.61874712 124.49002902
v 367544.81991278 5027666.60079914 125.57562901
v 367544.81991278 5027666.60079914 126.07562901
v 367543.40991287 5027666.60029370 126.07562901
v 367543.40991287 5027666.60029370 125.57562901
v 367538.70824145 5027657.24314923 135.72562292
v 367538.70824145 5027657.24314923 137.56562292
v 367538.70851030 5027656.49314927 137.56562292
v 367538.70851030 5027656.49314927 135.72562292
v 367538.70824142 5027657.24321640 132.87560043
v 367538.70824142 5027657.24321640 134.71560043
v 367538.70851027 5027656.49321645 134.71560043
v 367538.70851027 5027656.49321645 132.87560043
v 367538.70824142 5027657.24321640 130.02560043
v 367538.70824142 5027657.24321640 131.86560043
v 367538.70851027 5027656.49321645 131.86560043
v 367538.70851027 5027656.49321645 130.02560043
v 367619.13187504 5027661.79268478 129.01558014
v 367619.13187504 5027661.79268478 127.17558014
v 367619.13214389 5027661.04268483 127.17558014
v 367619.13214389 5027661.04268483 129.01558014
v 367619.13192667 5027661.64864008 137.56561685
v 367619.13192667 5027661.64864008 135.72561685
v 367619.13219552 5027660.89864013 135.72561685
v 367619.13219552 5027660.89864013 137.56561685
v 367619.13192809 5027661.64470374 134.71554109
v 367619.13192809 5027661.64470374 132.87554109
v 367619.13219694 5027660.89470379 132.87554109
v 367619.13219694 5027660.89470379 134.71554109
v 367619.13187506 5027661.79263591 131.86563280
v 367619.13187506 5027661.79263591 130.02563280
v 367619.13214391 5027661.04263596 130.02563280
v 367619.13214391 5027661.04263596 131.86563280
v 367544.99418537 5027660.65305329 140.46083738
v 367544.99418537 5027660.65305329 138.22563738
v 367543.82578545 5027660.65263446 138.22563738
v 367543.82578545 5027660.65263446 140.46083738
v 367577.45420568 5027651.84253707 120.72556261
v 367616.01020320 5027651.85635811 120.72556261
v 367616.01020320 5027651.85635811 123.57556261
v 367577.45420568 5027651.84253707 123.57556261
v 367622.26131169 5027651.50903022 129.32558945
v 367622.26131169 5027651.50903022 132.12558945
v 367622.26107599 5027652.07903017 132.12558945
v 367622.26107599 5027652.07903017 129.32558945
v 367621.78625215 5027652.07886009 134.97558945
v 367621.78625215 5027652.07886009 132.12558945
v 367622.26105211 5027652.07904134 132.12558945
v 367622.26105211 5027652.07904134 134.97558945
v 367622.26108314 5027652.07904135 134.97558945
v 367622.26108314 5027652.07904135 132.12558945
v 367622.26116903 5027651.85404137 132.12558945
v 367622.26116903 5027651.85404137 134.97558945
v 367621.50483015 5027655.97375446 138.62558945
v 367621.50483015 5027655.97375446 134.97558945
v 367621.65483014 5027655.97380823 134.97558945
v 367621.65483014 5027655.97380823 138.62558945
v 367621.75622636 5027652.07884648 138.62558945
v 367621.75483014 5027655.97384623 138.62558945
v 367621.75483014 5027655.97384623 134.97558945
v 367621.75622636 5027652.07884648 134.97558945
v 367620.57883054 5027655.61414634 122.37558945
v 367620.57883054 5027655.61414634 120.72558945
v 367620.57936824 5027654.11414644 120.72558945
v 367620.57936824 5027654.11414644 122.37558945
v 367577.45865280 5027639.37213847 123.57558945
v 367577.45865280 5027639.37213847 126.42558945
v 367577.45708716 5027643.73973819 126.42558945
v 367577.45708716 5027643.73973819 123.57558945
v 367568.15528692 5027638.78135319 120.72558945
v 367568.15528692 5027638.78135319 123.57558945
v 367577.50988632 5027638.78470650 123.57558945
v 367577.50988632 5027638.78470650 120.72558945
v 367568.40210383 5027639.36394170 134.97558945
v 367568.40210383 5027639.36394170 138.62558945
v 367568.25010384 5027639.36388721 138.62558945
v 367568.25010384 5027639.36388721 134.97558945
v 367568.06510387 5027639.36377090 134.97558945
v 367568.06510387 5027639.36377090 138.62558945
v 367568.06531268 5027638.78127093 138.62558945
v 367568.06531268 5027638.78127093 134.97558945
v 367568.41510344 5027639.36394636 138.62558945
v 367568.41510344 5027639.36394636 134.97558945
v 367568.84010341 5027639.36409871 134.97558945
v 367568.84010341 5027639.36409871 138.62558945
v 367568.84010302 5027639.36409871 138.62558945
v 367568.84010302 5027639.36409871 134.97558945
v 367568.84018368 5027639.13909872 134.97558945
v 367568.84018368 5027639.13909872 138.62558945
v 367568.15264771 5027646.36135270 138.62558945
v 367568.15264771 5027646.36135270 134.97558945
v 367572.68324742 5027646.36297677 134.97558945
v 367572.68324742 5027646.36297677 138.62558945
v 367572.93336509 5027646.17806641 138.62558945
v 367572.93336509 5027646.17806641 134.97558945
v 367572.93342175 5027646.02606642 134.97558945
v 367572.93342175 5027646.02606642 138.62558945
v 367572.93125937 5027651.82646060 134.97558945
v 367572.93125937 5027651.82646060 135.02558945
v 367572.93125937 5027651.82646060 137.86558945
v 367572.93125937 5027651.82646060 138.62558945
v 367572.78125938 5027651.82640683 138.62558945
v 367572.78125938 5027651.82640683 137.86558945
v 367572.78125938 5027651.82640683 135.02558945
v 367572.78125938 5027651.82640683 134.97558945
v 367572.68131606 5027651.67433605 135.02558866
v 367572.68131606 5027651.67433605 137.86558866
v 367572.68131606 5027651.67433605 138.62558866
v 367572.68125455 5027651.83933604 138.62558866
v 367572.68125455 5027651.83933604 140.82558866
v 367572.68329615 5027646.36293642 140.82558866
v 367572.68329615 5027646.36293642 138.62558866
v 367572.68336512 5027646.17793644 138.62558866
v 367572.68336512 5027646.17793644 137.86558866
v 367572.68336512 5027646.17793644 135.02558866
v 367572.68336512 5027646.17793644 134.97558866
v 367572.68138503 5027651.48933607 134.97558866
v 367572.68138481 5027651.48993607 134.97558866
v 367572.68131606 5027651.67433605 134.97558866
v 367572.68134821 5027651.48936682 126.42557728
v 367538.05655044 5027651.47695499 126.42557728
v 367538.05655044 5027651.47695499 129.27557728
v 367572.68134821 5027651.48936682 129.27557728
v 367538.72978078 5027654.11480610 125.70058945
v 367538.72978078 5027654.11480610 120.72558945
v 367538.72924308 5027655.61480600 120.72558945
v 367538.72924308 5027655.61480600 125.70058945
v 367538.72978078 5027654.11480610 120.72558945
v 367538.72978078 5027654.11480610 125.70058945
v 367539.02978076 5027654.11491364 125.70058945
v 367539.02978076 5027654.11491364 120.72558945
v 367544.78428254 5027658.24493457 123.57558945
v 367544.78428254 5027658.24493457 125.70058945
v 367544.78679243 5027652.06703508 125.70058945
v 367544.78688384 5027651.84203510 125.70058945
v 367544.78689420 5027651.81653510 125.70058945
v 367544.78689420 5027651.81653510 123.57558945
v 367544.78688384 5027651.84203510 123.57558945
v 367544.78679243 5027652.06703508 123.57558945
v 367545.03431473 5027658.16575401 119.72558945
v 367545.03431473 5027658.16575401 123.57558945
v 367545.03425298 5027658.31775400 123.57558945
v 367545.03425298 5027658.31775400 119.72558945
v 367544.78441942 5027657.98066442 123.57554243
v 367544.78441942 5027657.98066442 121.78634243
v 367544.69241942 5027657.98063144 122.90994243
v 367543.24461952 5027657.98011245 122.90994243
v 367542.93981954 5027657.98000319 120.73804243
v 367542.93981954 5027657.98000319 120.72534243
v 367544.87021941 5027657.98069518 120.72534243
v 367544.87021941 5027657.98069518 120.72554243
v 367545.03441940 5027657.98075404 120.72554243
v 367545.03441940 5027657.98075404 119.72554243
v 367536.16801997 5027657.97757573 119.72554243
v 367536.16801997 5027657.97757573 123.57554243
v 367537.03852881 5027659.84816929 138.62558945
v 367537.03850143 5027659.92456929 138.62558945
v 367537.03850143 5027659.92456929 134.97558945
v 367537.03852881 5027659.84816929 134.97558945
v 367537.03855520 5027659.77456930 134.97558945
v 367537.03855520 5027659.77456930 138.62558945
v 367536.17359677 5027659.67425923 134.97558945
v 367536.17359677 5027659.67425923 138.62558945
v 367537.03859672 5027659.67456931 138.62558945
v 367537.03859672 5027659.67456931 134.97558945
v 367536.17120811 5027666.02767817 126.42558945
v 367536.17120811 5027666.02767817 129.27558945
v 367536.17259481 5027662.15927842 129.27558945
v 367536.17259481 5027662.15927842 126.42558945
v 367536.16492680 5027666.59769661 123.57554822
v 367536.16492680 5027666.59769661 120.72554822
v 367539.86692656 5027666.59902365 120.72554822
v 367539.86692656 5027666.59902365 122.85914822
v 367540.88292649 5027666.59938785 122.85914822
v 367540.88292649 5027666.59938785 120.72554822
v 367613.15572185 5027666.62529524 120.72554821
v 367613.15572185 5027666.62529524 123.57554821
v 367558.92852425 5027638.77804570 123.57558945
v 367558.92852425 5027638.77804570 125.42558945
v 367568.06532366 5027638.78132094 125.42558945
v 367568.06532366 5027638.78132094 123.57558945
v 367568.06256722 5027646.36132041 120.72558945
v 367568.06256722 5027646.36132041 125.42558945
v 367558.92576781 5027646.35804517 125.42558945
v 367558.92576781 5027646.35804517 120.72558945
v 367559.17285683 5027646.02113372 125.42558945
v 367559.17285683 5027646.02113372 120.72558945
v 367559.17280234 5027646.17313371 120.72558945
v 367559.17280234 5027646.17313371 125.42558945
v 367558.83594485 5027645.77551293 125.42558945
v 367558.83594485 5027645.77551293 120.72558945
v 367558.83586420 5027646.00051292 120.72558945
v 367558.83586420 5027646.00051292 125.42558945
v 367559.43777414 5027645.77572867 125.42558945
v 367559.43777414 5027645.77572867 120.72558945
v 367558.83597418 5027645.77551295 120.72558945
v 367558.83597418 5027645.77551295 125.42558945
v 367558.83831658 5027639.38801340 123.57558945
v 367558.83831658 5027639.38801340 125.42558945
v 367558.83839724 5027639.16301342 125.42558945
v 367558.83853525 5027638.77801344 125.42558945
v 367558.83853525 5027638.77801344 123.57558945
v 367558.83839724 5027639.16301342 123.57558945
v 367559.30960323 5027639.38818234 120.72555313
v 367559.30960323 5027639.38818234 125.42555313
v 367559.18830323 5027639.38813886 125.42555313
v 367559.18830323 5027639.38813886 123.57555313
v 367558.83830326 5027639.38801340 123.57555313
v 367558.83830326 5027639.38801340 120.72555313
v 367558.83831658 5027639.38801340 120.72558945
v 367558.83831658 5027639.38801340 123.57558945
v 367558.83839724 5027639.16301342 123.57558945
v 367558.83839724 5027639.16301342 120.72558945
v 367558.83573603 5027646.35806290 120.72558945
v 367558.83573603 5027646.35806290 125.42558945
v 367558.83594483 5027645.77556293 125.42558945
v 367558.83594483 5027645.77556293 120.72558945
v 367559.17286418 5027646.00063372 120.72558945
v 367559.02086419 5027646.00057924 120.72558945
v 367559.02086419 5027646.00057924 125.42558945
v 367559.17286418 5027646.00063372 125.42558945
v 367538.70788597 5027658.23482748 128.87561726
v 367538.70788597 5027658.23482748 129.27561726
v 367538.70948709 5027653.76822777 129.27561726
v 367538.70948709 5027653.76822777 125.70061726
v 367538.70788597 5027658.23482748 125.70061726
v 367538.70788597 5027658.23482748 126.42561726
v 367538.70789278 5027658.21582748 126.42561726
v 367538.70789278 5027658.21582748 128.87561726
v 367536.16492094 5027666.50773588 120.72558945
v 367536.16492094 5027666.50773588 123.57558945
v 367536.16794647 5027658.06753643 123.57558945
v 367536.16794647 5027658.06753643 120.72558945
v 367568.06259901 5027646.36127418 134.97558945
v 367568.06259901 5027646.36127418 138.62558945
v 367568.06280427 5027645.78867422 138.62558945
v 367568.06280427 5027645.78867422 134.97558945
v 367568.24780427 5027645.78869430 134.97558945
v 367568.24780427 5027645.78869430 138.62558945
v 367568.39980426 5027645.78874879 138.62558945
v 367568.39980426 5027645.78874879 134.97558945
v 367568.73772359 5027646.01386993 138.62558945
v 367568.73772359 5027646.01386993 134.97558945
v 367568.73780424 5027645.78886995 134.97558945
v 367568.73780424 5027645.78886995 138.62558945
v 367568.41280426 5027645.78875345 138.62558945
v 367568.73780424 5027645.78886995 138.62558945
v 367568.73780424 5027645.78886995 134.97558945
v 367568.41280426 5027645.78875345 134.97558945
v 367559.43459317 5027639.38822715 120.72558945
v 367559.43459317 5027639.38822715 126.42558945
v 367559.18459319 5027639.38813753 126.42558945
v 367559.18459319 5027639.38813753 120.72558945
v 367559.43471129 5027639.05870948 120.72557369
v 367559.43471129 5027639.05870948 125.42557369
v 367559.43474911 5027638.95320948 125.42557369
v 367559.43474911 5027638.95320948 126.42557369
v 367559.43459318 5027639.38820946 126.42557369
v 367559.43459318 5027639.38820946 120.72557369
v 367559.43231667 5027645.73888652 126.42555610
v 367559.43214461 5027646.21888649 126.42555610
v 367559.43214461 5027646.21888649 125.42555610
v 367559.43215741 5027646.18318649 125.42555610
v 367559.43222014 5027646.00818650 125.42555610
v 367559.43222014 5027646.00818650 120.72555610
v 367559.43231667 5027645.73888652 120.72555610
v 367559.18231670 5027645.73875714 120.72558945
v 367559.18231670 5027645.73875714 126.42558945
v 367559.43231669 5027645.73884676 126.42558945
v 367559.43231669 5027645.73884676 120.72558945
v 367536.22622333 5027666.01028618 126.42558945
v 367536.22622333 5027666.01028618 123.57558945
v 367536.52622331 5027666.01041024 123.57558945
v 367536.52622331 5027666.01041024 126.42558945
v 367536.22665150 5027664.97484572 126.42558945
v 367536.22665150 5027664.97484572 123.57558945
v 367536.22622335 5027666.01024563 123.57558945
v 367536.22622335 5027666.01024563 126.42558945
v 367536.22839150 5027660.71109576 126.42558945
v 367536.22874997 5027659.71109582 126.42558945
v 367536.22874997 5027659.71109582 123.57558945
v 367536.22839150 5027660.71109576 123.57558945
v 367536.52874995 5027659.71120336 126.42558945
v 367536.52874995 5027659.71120336 123.57558945
v 367536.22874997 5027659.71109582 123.57558945
v 367536.22874997 5027659.71109582 126.42558945
v 367544.45409489 5027652.06687649 123.57558945
v 367544.45409489 5027652.06687649 125.67558945
v 367544.30209490 5027652.06682200 125.67558945
v 367544.30209490 5027652.06682200 123.57558945
v 367544.30209490 5027652.06682200 120.72558945
v 367544.45409489 5027652.06687649 120.72558945
v 367544.11730556 5027651.47914025 125.67558945
v 367544.11730556 5027651.47914025 120.72558945
v 367544.11709492 5027652.06674022 120.72558945
v 367544.11709492 5027652.06674022 125.67558945
v 367544.78684904 5027652.06699577 125.67558945
v 367544.46704906 5027652.06688114 125.67558945
v 367544.46704906 5027652.06688114 123.57558945
v 367544.78684904 5027652.06699577 123.57558945
v 367538.30332029 5027652.05204500 126.42558450
v 367538.30332029 5027652.05204500 129.27558450
v 367538.30332029 5027652.05204500 130.19558450
v 367538.15132030 5027652.05199051 130.19558450
v 367538.15132030 5027652.05199051 129.27558450
v 367538.15132030 5027652.05199051 126.42558450
v 367538.15132030 5027652.05199051 125.69558450
v 367538.30332029 5027652.05204500 125.69558450
v 367537.96632031 5027652.05192343 126.42553980
v 367537.96632031 5027652.05192343 129.27553980
v 367537.96632031 5027652.05192343 130.19553980
v 367537.96653649 5027651.47692347 130.19553980
v 367537.96653649 5027651.47692347 129.27553980
v 367537.96653649 5027651.47692347 126.42553980
v 367537.96640979 5027651.81392344 126.42553980
v 367537.96640979 5027651.81392344 125.69553980
v 367537.96632031 5027652.05192343 125.69553980
v 367538.88011124 5027652.05225176 130.19558450
v 367538.31631127 5027652.05204966 130.19558450
v 367538.31631127 5027652.05204966 125.69558450
v 367538.88011124 5027652.05225176 125.69558450
v 367538.88018288 5027651.82725177 125.69558450
v 367538.88018288 5027651.82725177 130.19558450
v 367538.88010222 5027652.05225176 130.19558450
v 367538.88010222 5027652.05225176 125.69558450
v 367538.32332363 5027652.05205199 135.89559960
v 367538.17132364 5027652.05199750 135.89559960
v 367538.17132364 5027652.05199750 131.93959960
v 367538.32332363 5027652.05205199 131.93959960
v 367537.98632364 5027652.05197909 131.93957707
v 367537.98632364 5027652.05197909 135.89557707
v 367537.98640429 5027651.82697911 135.89557707
v 367537.98640429 5027651.82697911 134.97557707
v 367537.98652979 5027651.47687913 134.97557707
v 367537.98652979 5027651.47687913 131.93957707
v 367538.98011290 5027652.05228743 135.89559424
v 367538.33631295 5027652.05205664 135.89559424
v 367538.33631295 5027652.05205664 131.94459424
v 367538.98011290 5027652.05228743 131.94459424
v 367538.98018287 5027651.82728744 131.94459424
v 367538.98018287 5027651.82728744 135.89559424
v 367538.98010222 5027652.05228742 135.89559424
v 367538.98010222 5027652.05228742 131.94459424
v 367537.96630302 5027652.13207957 137.64558945
v 367537.96630302 5027652.13207957 138.62558945
v 367537.96653788 5027651.47687961 138.62558945
v 367537.96653788 5027651.47687961 137.64558945
v 367539.00130297 5027652.13240330 138.62560599
v 367538.31630301 5027652.13215775 138.62560599
v 367538.31630301 5027652.13215775 137.64440599
v 367539.00130297 5027652.13240330 137.64440599
v 367536.17312863 5027660.95925928 126.42558945
v 367536.17312863 5027660.95925928 129.27558945
v 367536.17360245 5027659.67425937 129.27558945
v 367536.17360245 5027659.67425937 126.42558945
v 367577.83884198 5027639.37232445 134.97558945
v 367577.83884198 5027639.37232445 138.62558945
v 367577.68684199 5027639.37226997 138.62558945
v 367577.68684199 5027639.37226997 134.97558945
v 367578.02406106 5027638.78494081 134.97558945
v 367578.02406106 5027638.78494081 138.62558945
v 367578.02384195 5027639.37244077 138.62558945
v 367578.02384195 5027639.37244077 134.97558945
v 367577.67384901 5027639.37226531 138.62558945
v 367577.20864904 5027639.37209855 138.62558945
v 367577.20864904 5027639.37209855 134.97558945
v 367577.67384901 5027639.37226531 134.97558945
v 367577.20873346 5027639.14709857 138.62558945
v 367577.20873346 5027639.14709857 134.97558945
v 367577.20865280 5027639.37209855 134.97558945
v 367577.20865280 5027639.37209855 138.62558945
v 367578.02248820 5027645.79230995 134.97558945
v 367578.02248820 5027645.79230995 138.62558945
v 367578.02226653 5027646.36490990 138.62558945
v 367578.02226653 5027646.36490990 134.97558945
v 367577.68548821 5027645.79220842 134.97558945
v 367577.68548821 5027645.79220842 138.62558945
v 367577.83748820 5027645.79226290 138.62558945
v 367577.83748820 5027645.79226290 134.97558945
v 367577.15921494 5027645.79201976 138.62558945
v 367577.15921494 5027645.79201976 134.97558945
v 367577.15913429 5027646.01701975 134.97558945
v 367577.15913429 5027646.01701975 138.62558945
v 367577.67245156 5027645.79220374 138.62558945
v 367577.67245156 5027645.79220374 134.97558945
v 367577.15925159 5027645.79201978 134.97558945
v 367577.15925159 5027645.79201978 138.62558945
v 367577.93223809 5027646.36485836 134.97558945
v 367577.93223809 5027646.36485836 138.62558945
v 367577.15903814 5027646.36458119 138.62558945
v 367577.15903814 5027646.36458119 134.97558945
v 367577.15913050 5027646.02758120 134.97558945
v 367577.15907602 5027646.17958119 134.97558945
v 367577.15907602 5027646.17958119 138.62558945
v 367577.15913050 5027646.02758120 138.62558945
v 367575.46622210 5027651.84097296 137.82562461
v 367575.46622210 5027651.84097296 138.62562461
v 367575.46622210 5027651.84097296 140.82562461
v 367572.78122227 5027651.84001048 140.82562461
v 367572.78122227 5027651.84001048 138.62562461
v 367572.93122226 5027651.84006425 138.62562461
v 367572.93122226 5027651.84006425 137.82562461
v 367575.46834236 5027646.01397423 137.82558945
v 367575.46834236 5027646.01397423 140.82558945
v 367575.46628943 5027651.74097386 140.82558945
v 367575.46628943 5027651.74097386 137.82558945
v 367572.93342009 5027646.01306642 137.82557882
v 367572.93342009 5027646.01306642 138.62557882
v 367572.78342010 5027646.01301265 138.62557882
v 367572.78342010 5027646.01301265 140.82557882
v 367575.36831994 5027646.01393925 140.82557882
v 367575.36831994 5027646.01393925 138.62557882
v 367575.36831994 5027646.01393925 137.82557882
v 367538.14137040 5027651.82698959 137.64561230
v 367538.14137040 5027651.82698959 137.63961230
v 367538.56637038 5027651.82714194 137.63961230
v 367538.56637038 5027651.82714194 135.89561230
v 367538.14137040 5027651.82698959 135.89561230
v 367538.14137040 5027651.82698959 134.97561230
v 367572.93126817 5027651.83946061 134.97561230
v 367572.93126817 5027651.83946061 138.62561230
v 367538.31637039 5027651.82705232 138.62561230
v 367538.31637039 5027651.82705232 137.64561230
v 367572.68141086 5027651.48937281 132.12562447
v 367538.32351307 5027651.47704625 132.12562447
v 367538.32351307 5027651.47704625 135.02562447
v 367572.68141086 5027651.48937281 135.02562447
v 367540.72648445 5027651.47810124 130.18955568
v 367540.72648445 5027651.47810124 131.93965568
v 367538.63738458 5027651.47736453 131.93965568
v 367538.33648460 5027651.47725843 131.93965567
v 367538.33648460 5027651.47725843 132.12555567
v 367572.68138246 5027651.48936987 132.12555573
v 367572.68138247 5027651.48936987 129.27555573
v 367538.30348460 5027651.47724678 129.27555567
v 367538.30348460 5027651.47724678 130.18955567
v 367538.63738458 5027651.47736453 130.18955568
v 367572.68134369 5027651.48936404 120.72557218
v 367544.20734552 5027651.47915706 120.72557218
v 367544.20734552 5027651.47915706 123.57557218
v 367572.68134369 5027651.48936404 123.57557218
v 367544.46713749 5027651.82926395 123.57562606
v 367572.93123566 5027651.83946737 123.57562606
v 367572.93123566 5027651.83946737 126.42562606
v 367538.31643788 5027651.82705913 126.42562606
v 367538.31643788 5027651.82705913 125.69562606
v 367544.29213750 5027651.82920121 125.69562606
v 367544.46713749 5027651.82926395 125.69562606
v 367577.26018596 5027651.82946601 135.02558945
v 367577.26018596 5027651.82946601 138.62558945
v 367577.26023903 5027651.67746602 138.62558945
v 367577.26023903 5027651.67746602 135.02558945
v 367622.17128741 5027651.50856228 135.02554218
v 367577.26029029 5027651.49246957 135.02554218
v 367577.26029029 5027651.49246957 138.62554218
v 367622.17128741 5027651.50856228 138.62554218
v 367621.91134797 5027651.50848093 135.02561986
v 367621.91134797 5027651.50848093 134.97561986
v 367622.17134796 5027651.50857339 134.97561986
v 367622.17134796 5027651.50857339 132.12561986
v 367577.26035080 5027651.49260121 132.12561986
v 367577.26035080 5027651.49260121 135.02561986
v 367577.28041281 5027651.49247859 129.32563683
v 367577.28041281 5027651.49247859 132.12563683
v 367622.16130993 5027651.50855993 132.12563683
v 367622.16130993 5027651.50855993 129.32563683
v 367616.27028834 5027651.50645131 126.42558639
v 367577.25789084 5027651.49246667 126.42558639
v 367577.25789084 5027651.49246667 129.32558639
v 367616.27028834 5027651.50645131 129.32558639
v 367577.25788364 5027651.49246667 123.57561206
v 367577.25788364 5027651.49246667 126.42561206
v 367616.27028114 5027651.50645131 126.42561206
v 367616.27028114 5027651.50645131 123.57561206
v 367619.77469210 5027666.62766792 138.62561782
v 367535.67099751 5027666.59751955 138.62561783
v 367535.67099751 5027666.59751955 135.02561783
v 367619.86479210 5027666.62770022 135.02561782
v 367619.86479210 5027666.62770022 135.89001782
v 367619.68969211 5027666.62763745 135.89001782
v 367618.95219216 5027666.62737308 135.89001782
v 367618.95219216 5027666.62737308 137.64001782
v 367619.68969211 5027666.62763745 137.64001782
v 367619.77469210 5027666.62766792 137.64001782
v 367619.77479048 5027666.62766795 135.02558255
v 367535.67099588 5027666.59751955 135.02558255
v 367535.67099588 5027666.59751955 132.12558255
v 367619.77479048 5027666.62766795 132.12558255
v 367619.86480442 5027666.62770022 132.12563525
v 367535.67100983 5027666.59751956 132.12563525
v 367535.67100983 5027666.59751956 129.32563525
v 367619.77480443 5027666.62766796 129.32563525
v 367619.77480443 5027666.62766796 130.19603525
v 367619.68970443 5027666.62763745 130.19603525
v 367618.94720448 5027666.62737129 130.19603525
v 367618.94720448 5027666.62737129 131.94003525
v 367619.68970443 5027666.62763745 131.94003525
v 367619.86480442 5027666.62770022 131.94003525
v 367535.93094033 5027666.59761273 129.27560290
v 367535.67094035 5027666.59751953 129.27560290
v 367535.67094035 5027666.59751953 126.42560290
v 367619.77473494 5027666.62766793 126.42560290
v 367619.77473494 5027666.62766793 129.27560290
v 367619.51473496 5027666.62757473 129.27560290
v 367619.51473496 5027666.62757473 129.32560290
v 367535.93094033 5027666.59761273 129.32560290
v 367619.77480796 5027666.62766796 126.42562902
v 367541.67961298 5027666.59967344 126.42562901
v 367541.67961298 5027666.59967344 123.58562901
v 367613.15570839 5027666.62529523 123.58562902
v 367613.15570839 5027666.62529523 125.64562902
v 367619.68970797 5027666.62763745 125.64562902
v 367619.77480796 5027666.62766796 125.64562902
v 367536.17121436 5027666.01026400 129.27558945
v 367536.17121436 5027666.01026400 132.12558945
v 367536.17263433 5027662.15926426 132.12558945
v 367536.17263433 5027662.15926426 129.27558945
v 367536.17121436 5027666.01026400 132.12558945
v 367536.17121436 5027666.01026400 134.97558945
v 367536.17263433 5027662.15926426 134.97558945
v 367536.17263433 5027662.15926426 132.12558945
v 367536.17121436 5027666.01026400 134.97558945
v 367536.17121436 5027666.01026400 138.62558945
v 367536.17263433 5027662.15926426 138.62558945
v 367536.17263433 5027662.15926426 134.97558945
v 367536.42263431 5027662.15934918 138.62558945
v 367536.42263431 5027662.15934918 134.97558945
v 367536.27263432 5027662.15929387 134.97558945
v 367536.27263432 5027662.15929387 138.62558945
v 367536.17312863 5027660.95925928 137.82558945
v 367536.17312863 5027660.95925928 138.62558945
v 367536.17356557 5027659.77425936 138.62558945
v 367536.17356557 5027659.77425936 137.82558945
v 367536.17312863 5027660.95925954 134.97558945
v 367536.17312863 5027660.95925954 137.82558945
v 367536.17356557 5027659.77425962 137.82558945
v 367536.17356557 5027659.77425962 134.97558945
v 367536.17312863 5027660.95925928 132.12558945
v 367536.17312863 5027660.95925928 134.97558945
v 367536.17360245 5027659.67425937 134.97558945
v 367536.17360245 5027659.67425937 132.12558945
v 367536.17312863 5027660.95925928 129.27558945
v 367536.17312863 5027660.95925928 132.12558945
v 367536.17360245 5027659.67425937 132.12558945
v 367536.17360245 5027659.67425937 129.27558945
v 367538.70788599 5027658.23474916 134.97562292
v 367538.70788599 5027658.23474916 138.62562292
v 367538.70948712 5027653.76814945 138.62562292
v 367538.70948712 5027653.76814945 134.97562292
v 367538.95948709 5027653.76828382 138.62558945
v 367538.95948709 5027653.76828382 134.97558945
v 367538.80948710 5027653.76823005 134.97558945
v 367538.80948710 5027653.76823005 138.62558945
v 367538.70788597 5027658.23481634 132.12560043
v 367538.70788597 5027658.23481634 134.97560043
v 367538.70948710 5027653.76821662 134.97560043
v 367538.70948710 5027653.76821662 132.12560043
v 367538.70788597 5027658.23481634 129.27560043
v 367538.70788597 5027658.23481634 132.12560043
v 367538.70948710 5027653.76821662 132.12560043
v 367538.70948710 5027653.76821662 129.27560043
v 367572.93336509 5027646.17806452 132.12558945
v 367572.93336509 5027646.17806452 134.97558945
v 367572.93131581 5027651.67506414 134.97558945
v 367572.93131581 5027651.67506414 132.12558945
v 367572.68131605 5027651.67437023 120.72558945
v 367572.68131605 5027651.67437023 123.57558945
v 367572.68329614 5027646.36297059 123.57558945
v 367572.68336510 5027646.17797061 123.57558945
v 367572.68336510 5027646.17797061 120.72558945
v 367572.68329614 5027646.36297059 120.72558945
v 367572.93342175 5027646.02607001 123.57558945
v 367572.93342175 5027646.02607001 126.42558945
v 367572.93131581 5027651.67506962 126.42558945
v 367572.93131581 5027651.67506962 123.57558945
v 367572.93342176 5027646.02605049 126.42557462
v 367572.93342176 5027646.02605049 128.87557462
v 367572.93342660 5027646.01305050 128.87557462
v 367572.93342660 5027646.01305050 129.27557462
v 367572.93125915 5027651.82705009 129.27557462
v 367572.93125915 5027651.82705009 128.87557462
v 367572.93125915 5027651.82705009 126.42557462
v 367572.93342175 5027646.02606453 129.27558945
v 367572.93342175 5027646.02606453 132.12558945
v 367572.93131581 5027651.67506414 132.12558945
v 367572.93131581 5027651.67506414 129.27558945
v 367621.78622636 5027652.07885758 132.12558945
v 367621.78483013 5027655.97385733 132.12558945
v 367621.78483013 5027655.97385733 129.27558945
v 367621.78622636 5027652.07885758 129.27558945
v 367621.78622636 5027652.07885758 134.97558945
v 367621.78483013 5027655.97385733 134.97558945
v 367621.78483013 5027655.97385733 132.12558945
v 367621.78622636 5027652.07885758 132.12558945
v 367622.26131169 5027651.50902956 132.12558945
v 367622.26131169 5027651.50902956 134.97558945
v 367622.26107599 5027652.07902951 134.97558945
v 367622.26107599 5027652.07902951 132.12558945
v 367622.07616904 5027651.85397075 134.97558945
v 367622.07616904 5027651.85397075 135.02558945
v 367622.07616904 5027651.85397075 138.62558945
v 367621.92416905 5027651.85391273 138.62558945
v 367621.92416905 5027651.85391273 135.02558945
v 367621.92416905 5027651.85391273 134.97558945
v 367622.26131169 5027651.50902956 134.97558945
v 367622.26131169 5027651.50902956 135.02558945
v 367622.26131169 5027651.50902956 138.62558945
v 367622.26107599 5027652.07902951 138.62558945
v 367622.26107599 5027652.07902951 135.02558945
v 367622.26107599 5027652.07902951 134.97558945
v 367621.91108316 5027652.07890775 132.12558945
v 367621.91108316 5027652.07890775 129.27558945
v 367621.91116905 5027651.85390776 129.27558945
v 367621.91116905 5027651.85390776 132.12558945
v 367621.75625215 5027652.07884864 138.62558945
v 367621.75625215 5027652.07884864 134.97558945
v 367622.26105211 5027652.07904134 134.97558945
v 367622.26105211 5027652.07904134 138.62558945
v 367622.26108314 5027652.07904135 138.62558945
v 367622.26108314 5027652.07904135 134.97558945
v 367622.26116903 5027651.85404137 134.97558945
v 367622.26116903 5027651.85404137 138.62558945
v 367620.57936824 5027654.11414644 122.37558945
v 367620.57936824 5027654.11414644 126.42558945
v 367620.57883054 5027655.61414634 126.42558945
v 367620.57883054 5027655.61414634 122.37558945
v 367620.47936825 5027654.11411059 122.37558945
v 367620.32936826 5027654.11405682 122.37558945
v 367620.32936826 5027654.11405682 126.42558945
v 367620.47936825 5027654.11411059 126.42558945
v 367620.57936824 5027654.11414644 126.42558945
v 367620.57936824 5027654.11414644 129.27558945
v 367620.57883054 5027655.61414634 129.27558945
v 367620.57883054 5027655.61414634 126.42558945
v 367621.79327870 5027657.15381985 129.27558945
v 367621.79327870 5027657.15381985 132.12558945
v 367621.79281420 5027658.44961976 132.12558945
v 367621.79281420 5027658.44961976 129.27558945
v 367621.79327870 5027657.15381985 132.12558945
v 367621.79327870 5027657.15381985 134.97558945
v 367621.79281420 5027658.44961976 134.97558945
v 367621.79281420 5027658.44961976 132.12558945
v 367621.79327870 5027657.15381985 134.97558945
v 367621.79327870 5027657.15381985 138.62558945
v 367621.79281420 5027658.44961976 138.62558945
v 367621.79281420 5027658.44961976 134.97558945
v 367621.69327870 5027657.15382209 134.97558945
v 367621.54327871 5027657.15376832 134.97558945
v 367621.54327871 5027657.15376832 138.62558945
v 367621.69327870 5027657.15382209 138.62558945
v 367621.69281422 5027658.44954583 129.27558945
v 367621.69281422 5027658.44954583 132.12558945
v 367620.10281432 5027658.44897587 132.12558945
v 367620.10281432 5027658.44897587 129.27558945
v 367621.69279602 5027658.44954582 132.12558945
v 367621.69279602 5027658.44954582 134.97558945
v 367618.90699620 5027658.44854721 134.97558945
v 367618.90699620 5027658.44854721 132.12558945
v 367621.69281422 5027658.44954583 134.97558945
v 367621.69281422 5027658.44954583 138.62558945
v 367618.90281440 5027658.44854570 138.62558945
v 367618.90281440 5027658.44854570 134.97558945
v 367618.90290402 5027658.19854572 138.62558945
v 367618.90290402 5027658.19854572 134.97558945
v 367618.90285025 5027658.34854571 134.97558945
v 367618.90285025 5027658.34854571 138.62558945
v 367535.58096430 5027666.59748728 126.42558945
v 367535.58096430 5027666.59748728 129.27558945
v 367535.58116863 5027666.02748731 129.27558945
v 367535.58116863 5027666.02748731 126.42558945
v 367536.43116857 5027666.02779201 129.27558945
v 367536.43108792 5027666.25279200 129.27558945
v 367536.43108792 5027666.25279200 126.42558945
v 367536.43116857 5027666.02779201 126.42558945
v 367535.93116860 5027666.02761278 129.27558945
v 367536.17116859 5027666.02769881 129.27558945
v 367536.42116857 5027666.02778843 129.27558945
v 367536.43116857 5027666.02779201 129.27558945
v 367536.43116857 5027666.02779201 126.42558945
v 367536.42116857 5027666.02778843 126.42558945
v 367536.17116859 5027666.02769881 126.42558945
v 367535.93116860 5027666.02761278 126.42558945
v 367535.58116863 5027666.02748731 132.12558945
v 367535.58116863 5027666.02748731 129.27558945
v 367535.58096430 5027666.59748728 129.27558945
v 367535.58096430 5027666.59748728 132.12558945
v 367536.43116857 5027666.02779201 129.27558945
v 367536.43116857 5027666.02779201 132.12558945
v 367536.43108792 5027666.25279200 132.12558945
v 367536.43108792 5027666.25279200 129.27558945
v 367536.43116857 5027666.02779201 132.12558945
v 367536.43116857 5027666.02779201 129.27558945
v 367535.93116860 5027666.02761278 129.27558945
v 367535.93116860 5027666.02761278 132.12558945
v 367535.58096430 5027666.59748728 132.12558945
v 367535.58096430 5027666.59748728 134.97558945
v 367535.58116863 5027666.02748731 134.97558945
v 367535.58116863 5027666.02748731 132.12558945
v 367536.43116857 5027666.02779201 132.12558945
v 367536.43116857 5027666.02779201 134.97558945
v 367536.43108792 5027666.25279200 134.97558945
v 367536.43108792 5027666.25279200 132.12558945
v 367536.43116857 5027666.02779201 134.97558945
v 367536.43116857 5027666.02779201 132.12558945
v 367535.93116860 5027666.02761278 132.12558945
v 367535.93116860 5027666.02761278 134.97558945
v 367535.58116863 5027666.02748731 138.62558945
v 367535.58116863 5027666.02748731 134.97558945
v 367535.58096430 5027666.59748728 134.97558945
v 367535.58096430 5027666.59748728 138.62558945
v 367535.76616862 5027666.02755363 134.97558945
v 367535.76616862 5027666.02755363 135.02558945
v 367535.76616862 5027666.02755363 138.62558945
v 367535.91816861 5027666.02760812 138.62558945
v 367535.91816861 5027666.02760812 135.02558945
v 367535.91816861 5027666.02760812 134.97558945
v 367536.43116857 5027666.02779201 134.97558945
v 367536.43116857 5027666.02779201 138.62558945
v 367536.43108792 5027666.25279200 138.62558945
v 367536.43108792 5027666.25279200 134.97558945
v 367536.43116857 5027666.02779201 138.62558945
v 367536.43116857 5027666.02779201 134.97558945
v 367535.93116860 5027666.02761278 134.97558945
v 367535.93116860 5027666.02761278 138.62558945
v 367618.39082716 5027663.99218741 122.37558945
v 367618.39082716 5027663.99218741 120.72558945
v 367618.39136120 5027662.50238750 120.72558945
v 367618.39136120 5027662.50238750 122.37558945
v 367619.13255473 5027659.89658490 126.42558014
v 367619.13255473 5027659.89658490 128.87558014
v 367619.13256154 5027659.87758490 128.87558014
v 367619.13256154 5027659.87758490 129.27558014
v 367619.13074910 5027664.93368458 129.27558014
v 367619.13074910 5027664.93368458 125.70058014
v 367619.13256154 5027659.87758490 125.70058014
v 367619.13256154 5027659.87758490 126.42558014
v 367619.03074911 5027664.93363757 138.62558945
v 367618.88074912 5027664.93358380 138.62558945
v 367618.88074912 5027664.93358380 134.97558945
v 367619.03074911 5027664.93363757 134.97558945
v 367619.13074911 5027664.93363987 134.97561685
v 367619.13256152 5027659.87764019 134.97561685
v 367619.13256152 5027659.87764019 138.62561685
v 367619.13074911 5027664.93363987 138.62561685
v 367619.13074335 5027664.94970353 132.12554109
v 367619.13255576 5027659.89370385 132.12554109
v 367619.13255576 5027659.89370385 134.97554109
v 367619.13074335 5027664.94970353 134.97554109
v 367619.13074911 5027664.93363571 129.27563280
v 367619.13255471 5027659.89663603 129.27563280
v 367619.13255471 5027659.89663603 132.12563280
v 367619.13074911 5027664.93363571 132.12563280
v 367618.39136120 5027662.50238750 122.37558945
v 367618.39136120 5027662.50238750 125.72558945
v 367618.39082716 5027663.99218740 125.72558945
v 367618.39082716 5027663.99218740 122.37558945
v 367618.29136122 5027662.50232680 122.37558945
v 367618.14136123 5027662.50227303 122.37558945
v 367618.14136123 5027662.50227303 125.72558945
v 367618.29136122 5027662.50232680 125.72558945
v 367619.86494186 5027666.05269424 137.63999960
v 367619.86494186 5027666.05269424 138.62559960
v 367619.86473575 5027666.62769421 138.62559960
v 367619.86473575 5027666.62769421 137.63999960
v 367618.94652986 5027666.05235903 138.62559960
v 367619.86492980 5027666.05268825 138.62559960
v 367619.86492980 5027666.05268825 137.63999960
v 367618.94652986 5027666.05235903 137.63999960
v 367619.86493567 5027666.05269424 126.42558945
v 367619.86493567 5027666.05269424 129.27558945
v 367619.86476121 5027666.62769421 129.27558945
v 367619.86476121 5027666.62769421 126.42558945
v 367619.86486740 5027666.27768824 129.27558945
v 367619.86486740 5027666.27768824 126.42558945
v 367619.86494806 5027666.05268825 126.42558945
v 367619.86494806 5027666.05268825 129.27558945
v 367618.68994373 5027666.05226705 129.27558945
v 367619.86494365 5027666.05268825 129.27558945
v 367619.86494365 5027666.05268825 126.42558945
v 367618.68994373 5027666.05226705 126.42558945
v 367619.86476121 5027666.62769421 130.19603276
v 367619.86476121 5027666.62769421 129.27563276
v 367619.86493567 5027666.05269424 129.27563276
v 367619.86493567 5027666.05269424 130.19603276
v 367618.70994373 5027666.05227422 130.19603276
v 367619.86494365 5027666.05268825 130.19603276
v 367619.86494365 5027666.05268825 129.27563276
v 367618.70994373 5027666.05227422 129.27563276
v 367619.86493568 5027666.05268294 132.12561040
v 367619.86493568 5027666.05268294 134.97561040
v 367619.86486741 5027666.27768292 134.97561040
v 367619.86486741 5027666.27768292 135.02561040
v 367619.86476121 5027666.62768291 135.02561040
v 367619.86476121 5027666.62768291 134.97561040
v 367619.86476121 5027666.62768291 132.12561040
v 367619.86486740 5027666.27768824 134.97558945
v 367619.86486740 5027666.27768824 132.12558945
v 367619.86494806 5027666.05268825 132.12558945
v 367619.86494806 5027666.05268825 134.97558945
v 367618.70994373 5027666.05227422 134.97558945
v 367619.86494365 5027666.05268825 134.97558945
v 367619.86494365 5027666.05268825 132.12558945
v 367618.70994373 5027666.05227422 132.12558945
v 367619.17511315 5027666.05245295 126.42558455
v 367619.86491311 5027666.05268417 126.42558455
v 367619.86491311 5027666.05268417 125.64558455
v 367619.17511315 5027666.05245295 125.64558455
v 367618.68994504 5027666.05226705 135.88998945
v 367619.51494498 5027666.05256279 135.88998945
v 367619.51494498 5027666.05256279 134.97558945
v 367618.68994504 5027666.05226705 134.97558945
v 367577.20865282 5027639.37204885 129.27558945
v 367577.20865282 5027639.37204885 126.42558945
v 367577.20708718 5027643.73964857 126.42558945
v 367577.20708718 5027643.73964857 129.27558945
v 367577.20708718 5027643.73964857 129.27558945
v 367577.20708718 5027643.73964857 132.12558945
v 367577.20865282 5027639.37204885 132.12558945
v 367577.20865282 5027639.37204885 129.27558945
v 367577.20708718 5027643.73964857 132.12558945
v 367577.20708718 5027643.73964857 134.97558945
v 367577.20865282 5027639.37204885 134.97558945
v 367577.20865282 5027639.37204885 132.12558945
v 367577.20708720 5027643.73959887 138.62558945
v 367577.20708720 5027643.73959887 134.97558945
v 367577.35708719 5027643.73965264 134.97558945
v 367577.35708719 5027643.73965264 138.62558945
v 367577.20708718 5027643.73964857 134.97558945
v 367577.20708718 5027643.73964857 138.62558945
v 367577.20865282 5027639.37204885 138.62558945
v 367577.20865282 5027639.37204885 134.97558945
v 367613.13221964 5027660.10528639 120.72558945
v 367613.13221964 5027660.10528639 123.57558945
v 367613.13000324 5027666.28828600 123.57558945
v 367613.13000324 5027666.28828600 120.72558945
v 367613.34664485 5027660.10536326 120.72558945
v 367613.34664485 5027660.10536326 123.57558945
v 367613.13224486 5027660.10528640 123.57558945
v 367613.04224487 5027660.10525414 123.57558945
v 367613.04224487 5027660.10525414 120.72558945
v 367613.13224486 5027660.10528640 120.72558945
v 367613.13219814 5027660.16525587 123.57560001
v 367613.13219814 5027660.16525587 123.58560001
v 367613.13219814 5027660.16525587 125.70060001
v 367613.13000325 5027666.28825547 125.70060001
v 367613.13000325 5027666.28825547 123.58560001
v 367613.13000791 5027666.27525547 123.58560001
v 367613.13000791 5027666.27525547 123.57560001
v 367613.34662334 5027660.16536325 123.57558945
v 367613.34662334 5027660.16536325 125.70058945
v 367613.13222335 5027660.16528640 125.70058945
v 367613.04222336 5027660.16525414 125.70058945
v 367613.04222336 5027660.16525414 123.57558945
v 367613.13222335 5027660.16528640 123.57558945
v 367616.36030266 5027651.50648358 120.72558945
v 367616.36030266 5027651.50648358 123.57558945
v 367616.36009655 5027652.08148354 123.57558945
v 367616.36009655 5027652.08148354 120.72558945
v 367615.46009660 5027652.08116092 123.57558945
v 367615.46009660 5027652.08116092 120.72558945
v 367616.01009657 5027652.08135808 120.72558945
v 367616.01009657 5027652.08135808 123.57558945
v 367615.46009660 5027652.08116092 120.72558945
v 367615.46009660 5027652.08116092 123.57558945
v 367615.46017726 5027651.85616094 123.57558945
v 367615.46017726 5027651.85616094 120.72558945
v 367616.36030266 5027651.50648358 123.57558945
v 367616.36030266 5027651.50648358 126.42558945
v 367616.36009655 5027652.08148354 126.42558945
v 367616.36009655 5027652.08148354 123.57558945
v 367615.46009660 5027652.08116092 126.42558945
v 367615.46009660 5027652.08116092 123.57558945
v 367616.01009657 5027652.08135808 123.57558945
v 367616.01009657 5027652.08135808 126.42558945
v 367615.46009660 5027652.08116092 123.57558945
v 367615.46009660 5027652.08116092 126.42558945
v 367615.46017726 5027651.85616094 126.42558945
v 367615.46017726 5027651.85616094 123.57558945
v 367616.36009655 5027652.08148354 129.32558945
v 367616.36009655 5027652.08148354 126.42558945
v 367616.36030266 5027651.50648358 126.42558945
v 367616.36030266 5027651.50648358 129.32558945
v 367615.46009660 5027652.08116092 129.27558945
v 367615.46009660 5027652.08116092 126.42558945
v 367616.01009657 5027652.08135808 126.42558945
v 367616.01009657 5027652.08135808 129.27558945
v 367615.46009660 5027652.08116092 126.42558945
v 367615.46009660 5027652.08116092 129.27558945
v 367615.46017726 5027651.85616094 129.27558945
v 367615.46017726 5027651.85616094 126.42558945
v 367591.70782870 5027658.40379721 117.22558945
v 367591.70782870 5027658.40379721 120.32558945
v 367591.40782872 5027658.40368967 120.32558945
v 367591.40782872 5027658.40368967 117.22558945
v 367591.70782871 5027658.40379343 120.32558945
v 367591.70782871 5027658.40379343 117.22558945
v 367591.71097705 5027649.62099399 117.22558945
v 367591.71097705 5027649.62099399 120.32558945
v 367573.20782994 5027658.39716558 120.32558945
v 367573.20782994 5027658.39716558 117.22558945
v 367591.40782877 5027658.40368967 117.22558945
v 367591.40782877 5027658.40368967 120.32558945
v 367573.20782999 5027658.39716558 117.22558945
v 367573.20782999 5027658.39716558 120.32558945
v 367573.20793753 5027658.09716560 120.32558945
v 367573.20793753 5027658.09716560 117.22558945
v 367573.21023889 5027651.67716602 120.32558945
v 367573.21023889 5027651.67716602 117.22558945
v 367573.20793753 5027658.09716561 117.22558945
v 367573.20793753 5027658.09716561 120.32558945
v 367573.21023889 5027651.67716603 117.22558945
v 367573.21023889 5027651.67716603 120.32558945
v 367573.51023887 5027651.67727357 120.32558945
v 367573.51023887 5027651.67727357 117.22558945
v 367572.97028963 5027651.66708002 120.07560182
v 367572.87028964 5027651.66704417 120.07560182
v 367572.87028964 5027651.66704417 120.32560182
v 367570.00618982 5027651.66601749 120.32560182
v 367570.00618982 5027651.66601749 117.22560182
v 367572.97028963 5027651.66708002 117.22560182
v 367570.00615066 5027651.66601747 120.32558945
v 367570.00625820 5027651.36601749 120.32558945
v 367570.00625820 5027651.36601749 117.22558945
v 367570.00615066 5027651.66601747 117.22558945
v 367570.00887644 5027644.06201796 120.32558945
v 367570.00887644 5027644.06201796 117.22558945
v 367570.00625820 5027651.36601749 117.22558945
v 367570.00625820 5027651.36601749 120.32558945
v 367570.00887644 5027644.06201796 117.22558945
v 367570.00887644 5027644.06201796 120.32558945
v 367570.30887642 5027644.06212550 120.32558945
v 367570.30887642 5027644.06212550 117.22558945
v 367577.65796786 5027644.06475990 117.22558945
v 367577.65796786 5027644.06475990 120.32558945
v 367577.65786032 5027644.36475988 120.32558945
v 367577.65786032 5027644.36475988 117.22558945
v 367577.65792191 5027644.06475989 120.32558945
v 367577.65792191 5027644.06475989 117.22558945
v 367570.30892238 5027644.06212552 117.22558945
v 367570.30892238 5027644.06212552 120.32558945
v 367582.98747109 5027649.81067072 120.32558945
v 367582.98747109 5027649.81067072 117.22558945
v 367583.28747108 5027649.81077826 117.22558945
v 367583.28747108 5027649.81077826 120.32558945
v 367583.29001632 5027642.71040560 120.32558945
v 367583.28747107 5027649.81080514 120.32558945
v 367583.28747107 5027649.81080514 117.22558945
v 367583.29001632 5027642.71040560 117.22558945
v 367582.72663047 5027642.71023052 120.32558945
v 367582.72663047 5027642.71023052 117.22558945
v 367583.29003044 5027642.71043248 117.22558945
v 367583.29003044 5027642.71043248 120.32558945
v 367583.29001631 5027642.71043247 120.32558945
v 367583.29001631 5027642.71043247 117.22558945
v 367583.29012385 5027642.41043249 117.22558945
v 367583.29012385 5027642.41043249 120.32558945
v 367583.02787754 5027639.27077328 120.32558945
v 367583.02675210 5027642.41037308 120.32558945
v 367583.02675210 5027642.41037308 117.22558945
v 367583.02787754 5027639.27077328 117.22558945
v 367582.72787755 5027639.27070073 117.22558945
v 367582.72787755 5027639.27070073 120.32558945
v 367583.02787753 5027639.27080827 120.32558945
v 367583.02787753 5027639.27080827 117.22558945
v 367583.36928431 5027639.27093065 120.32558945
v 367582.72788435 5027639.27070073 120.32558945
v 367582.72788435 5027639.27070073 117.22558945
v 367583.36928431 5027639.27093065 117.22558945
v 367583.36939865 5027638.97093067 117.22558945
v 367583.36939865 5027638.97093067 120.32558945
v 367583.36929111 5027639.27093065 120.32558945
v 367583.36929111 5027639.27093065 117.22558945
v 367583.02722468 5027640.98528148 120.32558945
v 367583.02722468 5027640.98528148 117.22558945
v 367583.35122466 5027640.98539762 117.22558945
v 367583.35122466 5027640.98539762 120.32558945
v 367583.35118640 5027640.98539761 120.32558945
v 367583.35118640 5027640.98539761 117.22558945
v 367583.35129394 5027640.68539763 117.22558945
v 367583.35129394 5027640.68539763 120.32558945
v 367577.36040295 5027637.27165231 120.32558945
v 367577.36040295 5027637.27165231 117.22558945
v 367577.35796788 5027644.06465187 117.22558945
v 367577.35796788 5027644.06465187 120.32558945
v 367577.36040295 5027637.27165181 117.22558945
v 367577.36040295 5027637.27165181 120.32558945
v 367577.66040293 5027637.27175935 120.32558945
v 367577.66040293 5027637.27175935 117.22558945
v 367542.17709567 5027666.02004381 137.82558945
v 367542.17709567 5027666.02004381 140.82558945
v 367542.17856538 5027661.92004408 140.82558945
v 367542.17856538 5027661.92004408 137.82558945
v 367545.23309547 5027666.02113927 137.82558945
v 367545.23309547 5027666.02113927 140.82558945
v 367542.27709566 5027666.02007965 140.82558945
v 367542.27709566 5027666.02007965 137.82558945
v 367545.23501972 5027660.65313962 137.82558945
v 367545.23501972 5027660.65313962 140.82558945
v 367545.23313132 5027665.92113928 140.82558945
v 367545.23313132 5027665.92113928 137.82558945
v 367545.13498537 5027660.65310377 140.46083738
v 367544.99418537 5027660.65305329 140.46083738
v 367543.82578545 5027660.65263446 140.46083738
v 367543.82578545 5027660.65263446 138.22563738
v 367544.99418537 5027660.65305329 138.22563738
v 367545.13498537 5027660.65310377 138.22563738
v 367545.13498537 5027660.65310377 137.82563738
v 367543.47698547 5027660.65250943 137.82563738
v 367543.47698547 5027660.65250943 140.82563738
v 367545.13498537 5027660.65310377 140.82563738
v 367543.47652923 5027662.02050936 137.82558945
v 367543.47652923 5027662.02050936 140.82558945
v 367543.47656508 5027661.92050937 140.82558945
v 367543.47698377 5027660.75250944 140.82558945
v 367543.47698377 5027660.75250944 137.82558945
v 367543.47656508 5027661.92050937 137.82558945
v 367542.27856526 5027661.92007994 137.82558945
v 367542.27856526 5027661.92007994 140.82558945
v 367543.47656519 5027661.92050938 140.82558945
v 367543.47656519 5027661.92050938 137.82558945
v 367567.76147612 5027663.83301714 140.82558945
v 367562.20157648 5027663.83102410 140.82558945
v 367562.20157648 5027663.83102410 137.82558945
v 367567.76147612 5027663.83301714 137.82558945
v 367562.20158025 5027663.68102466 140.82558945
v 367562.20232966 5027661.59042479 140.82558945
v 367562.20232966 5027661.59042479 137.82558945
v 367562.20158025 5027663.68102466 137.82558945
v 367562.35232588 5027661.74047914 140.82558945
v 367562.35232588 5027661.74047914 137.82558945
v 367567.91212552 5027661.74247214 137.82558945
v 367567.91212552 5027661.74247214 140.82558945
v 367567.91217552 5027661.74247159 140.82558945
v 367567.91142611 5027663.83307146 140.82558945
v 367567.91142611 5027663.83307146 137.82558945
v 367567.91217552 5027661.74247159 137.82558945
v 367567.91281573 5027660.02516511 141.07558945
v 367567.91281573 5027660.02516511 137.82558945
v 367559.82921625 5027660.02226741 137.82558945
v 367559.82921625 5027660.02226741 141.07558945
v 367567.91436258 5027655.64131655 141.07558945
v 367567.91279114 5027660.02511627 141.07558945
v 367567.91279114 5027660.02511627 137.82558945
v 367567.91436258 5027655.64131655 137.82558945
v 367564.37341283 5027655.63999841 141.07558945
v 367567.76431261 5027655.64121393 141.07558945
v 367567.76431261 5027655.64121393 137.82558945
v 367564.37341283 5027655.63999841 137.82558945
v 367564.52395033 5027654.28005228 141.07558945
v 367564.52346282 5027655.64005219 141.07558945
v 367564.52346282 5027655.64005219 137.82558945
v 367564.52395033 5027654.28005228 137.82558945
v 367559.83132524 5027654.27837013 141.07558945
v 367564.37392495 5027654.27999850 141.07558945
v 367564.37392495 5027654.27999850 137.82558945
v 367559.83132524 5027654.27837013 137.82558945
v 367559.82924087 5027660.02221859 141.07558945
v 367559.83124606 5027654.42841895 141.07558945
v 367559.83124606 5027654.42841895 137.82558945
v 367559.82924087 5027660.02221859 137.82558945
v 367575.44341514 5027658.29956931 138.82558945
v 367573.30781528 5027658.29880377 138.82558945
v 367573.30781528 5027658.29880377 137.82558945
v 367575.44341514 5027658.29956931 137.82558945
v 367575.44377022 5027657.16956934 138.82558945
v 367575.44341893 5027658.14956927 138.82558945
v 367575.44341893 5027658.14956927 137.82558945
v 367575.44377022 5027657.16956934 137.82558945
v 367573.30822034 5027657.16880379 138.82558945
v 367575.29382022 5027657.16951556 138.82558945
v 367575.29382022 5027657.16951556 137.82558945
v 367573.30822034 5027657.16880379 137.82558945
v 367573.30791903 5027658.14880377 138.82558945
v 367573.30821656 5027657.31880382 138.82558945
v 367573.30821656 5027657.31880382 137.82558945
v 367573.30791903 5027658.14880377 137.82558945
v 367577.93408656 5027638.78485856 126.42558945
v 367577.93408656 5027638.78485856 123.57558945
v 367568.15528719 5027638.78135318 123.57558945
v 367568.15528719 5027638.78135318 126.42558945
v 367568.15528719 5027638.78135318 126.42558945
v 367568.15528719 5027638.78135318 129.27558945
v 367577.93408656 5027638.78485856 129.27558945
v 367577.93408656 5027638.78485856 126.42558945
v 367568.06528719 5027638.78132092 129.27558945
v 367568.06528719 5027638.78132092 132.12558945
v 367577.93408656 5027638.78485856 132.12558945
v 367577.93408656 5027638.78485856 129.27558945
v 367568.06528719 5027638.78132092 132.12558945
v 367568.06528719 5027638.78132092 134.97558945
v 367577.93408656 5027638.78485856 134.97558945
v 367577.93408656 5027638.78485856 132.12558945
v 367568.40219184 5027639.11844171 134.97558945
v 367568.40219184 5027639.11844171 138.62558945
v 367568.40224632 5027638.96644172 138.62558945
v 367568.40224632 5027638.96644172 134.97558945
v 367568.15528719 5027638.78135318 134.97558945
v 367568.15528719 5027638.78135318 138.62558945
v 367577.93408656 5027638.78485856 138.62558945
v 367577.93408656 5027638.78485856 134.97558945
v 367558.92852425 5027638.77804570 120.72558945
v 367558.92852425 5027638.77804570 123.57558945
v 367568.06532366 5027638.78132094 123.57558945
v 367568.06532366 5027638.78132094 120.72558945
v 367558.83831658 5027639.38801340 120.72558945
v 367558.83831658 5027639.38801340 123.57558945
v 367558.83853525 5027638.77801344 123.57558945
v 367558.83853525 5027638.77801344 120.72558945
v 367568.06510384 5027639.36387089 132.12558945
v 367568.06510384 5027639.36387089 134.97558945
v 367568.06528038 5027638.87137093 134.97558945
v 367568.06528038 5027638.87137093 132.12558945
v 367568.41510344 5027639.36394636 134.97558945
v 367568.41510344 5027639.36394636 132.12558945
v 367568.84010341 5027639.36409871 132.12558945
v 367568.84010341 5027639.36409871 134.97558945
v 367568.84010302 5027639.36409871 134.97558945
v 367568.84010302 5027639.36409871 132.12558945
v 367568.84018368 5027639.13909872 132.12558945
v 367568.84018368 5027639.13909872 134.97558945
v 367572.68324742 5027646.36297677 134.97558945
v 367568.15264771 5027646.36135270 134.97558945
v 367568.15264771 5027646.36135270 132.12558945
v 367572.68324742 5027646.36297677 132.12558945
v 367568.06259901 5027646.36127418 132.12558945
v 367568.06259901 5027646.36127418 134.97558945
v 367568.06280427 5027645.78867422 134.97558945
v 367568.06280427 5027645.78867422 132.12558945
v 367568.73772359 5027646.01386993 134.97558945
v 367568.73772359 5027646.01386993 132.12558945
v 367568.73780424 5027645.78886995 132.12558945
v 367568.73780424 5027645.78886995 134.97558945
v 367568.41280426 5027645.78875345 134.97558945
v 367568.73780424 5027645.78886995 134.97558945
v 367568.73780424 5027645.78886995 132.12558945
v 367568.41280426 5027645.78875345 132.12558945
v 367578.02406110 5027638.78484081 132.12558945
v 367578.02406110 5027638.78484081 134.97558945
v 367578.02384199 5027639.37234077 134.97558945
v 367578.02384199 5027639.37234077 132.12558945
v 367577.67384901 5027639.37226531 134.97558945
v 367577.20864904 5027639.37209855 134.97558945
v 367577.20864904 5027639.37209855 132.12558945
v 367577.67384901 5027639.37226531 132.12558945
v 367577.20873346 5027639.14709857 134.97558945
v 367577.20873346 5027639.14709857 132.12558945
v 367577.20865280 5027639.37209855 132.12558945
v 367577.20865280 5027639.37209855 134.97558945
v 367578.02248820 5027645.79230995 132.12558945
v 367578.02248820 5027645.79230995 134.97558945
v 367578.02226653 5027646.36490990 134.97558945
v 367578.02226653 5027646.36490990 132.12558945
v 367577.15921494 5027645.79201976 134.97558945
v 367577.15921494 5027645.79201976 132.12558945
v 367577.15913429 5027646.01701975 132.12558945
v 367577.15913429 5027646.01701975 134.97558945
v 367577.67245156 5027645.79220374 134.97558945
v 367577.67245156 5027645.79220374 132.12558945
v 367577.15925159 5027645.79201978 132.12558945
v 367577.15925159 5027645.79201978 134.97558945
v 367577.93223809 5027646.36485836 132.12558945
v 367577.93223809 5027646.36485836 134.97558945
v 367577.15903814 5027646.36458119 134.97558945
v 367577.15903814 5027646.36458119 132.12558945
v 367568.06510387 5027639.36377089 120.72558945
v 367568.06510387 5027639.36377089 123.57558945
v 367568.06518722 5027639.13127091 123.57558945
v 367568.06531264 5027638.78137093 123.57558945
v 367568.06531264 5027638.78137093 120.72558945
v 367568.06518722 5027639.13127091 120.72558945
v 367568.41510344 5027639.36394636 123.57558945
v 367568.41510344 5027639.36394636 120.72558945
v 367568.84010341 5027639.36409871 120.72558945
v 367568.84010341 5027639.36409871 123.57558945
v 367568.84010302 5027639.36409871 123.57558945
v 367568.84010302 5027639.36409871 120.72558945
v 367568.84018368 5027639.13909872 120.72558945
v 367568.84018368 5027639.13909872 123.57558945
v 367572.68324742 5027646.36297677 120.72558945
v 367572.68324742 5027646.36297677 123.57558945
v 367568.15264771 5027646.36135270 123.57558945
v 367568.15264771 5027646.36135270 120.72558945
v 367568.06259901 5027646.36127418 120.72558945
v 367568.06259901 5027646.36127418 123.57558945
v 367568.06272447 5027646.01127421 123.57558945
v 367568.06280427 5027645.78867422 123.57558945
v 367568.06280427 5027645.78867422 120.72558945
v 367568.06272447 5027646.01127421 120.72558945
v 367568.73772359 5027646.01386993 123.57558945
v 367568.73772359 5027646.01386993 120.72558945
v 367568.73780424 5027645.78886995 120.72558945
v 367568.73780424 5027645.78886995 123.57558945
v 367568.41280426 5027645.78875345 123.57558945
v 367568.73780424 5027645.78886995 123.57558945
v 367568.73780424 5027645.78886995 120.72558945
v 367568.41280426 5027645.78875345 120.72558945
v 367578.02248820 5027645.79230995 120.72558945
v 367578.02248820 5027645.79230995 123.57558945
v 367578.02226653 5027646.36490990 123.57558945
v 367578.02226653 5027646.36490990 120.72558945
v 367577.15921494 5027645.79201976 123.57558945
v 367577.15921494 5027645.79201976 120.72558945
v 367577.15913429 5027646.01701975 120.72558945
v 367577.15913429 5027646.01701975 123.57558945
v 367577.67245156 5027645.79220374 123.57558945
v 367577.67245156 5027645.79220374 120.72558945
v 367577.15925159 5027645.79201978 120.72558945
v 367577.15925159 5027645.79201978 123.57558945
v 367577.93223809 5027646.36485836 120.72558945
v 367577.93223809 5027646.36485836 123.57558945
v 367577.15903814 5027646.36458119 123.57558945
v 367577.15903814 5027646.36458119 120.72558945
v 367568.06510387 5027639.36377089 123.57558945
v 367568.06510387 5027639.36377089 126.42558945
v 367568.06518722 5027639.13127091 126.42558945
v 367568.06531264 5027638.78137093 126.42558945
v 367568.06531264 5027638.78137093 123.57558945
v 367568.06518722 5027639.13127091 123.57558945
v 367568.41510344 5027639.36394636 126.42558945
v 367568.41510344 5027639.36394636 123.57558945
v 367568.84010341 5027639.36409871 123.57558945
v 367568.84010341 5027639.36409871 126.42558945
v 367568.84010302 5027639.36409871 126.42558945
v 367568.84010302 5027639.36409871 123.57558945
v 367568.84018368 5027639.13909872 123.57558945
v 367568.84018368 5027639.13909872 126.42558945
v 367568.15264771 5027646.36135270 126.42558945
v 367568.15264771 5027646.36135270 123.57558945
v 367572.68324742 5027646.36297677 123.57558945
v 367572.68324742 5027646.36297677 126.42558945
v 367568.06280427 5027645.78867422 126.42558945
v 367568.06280427 5027645.78867422 123.57558945
v 367568.06259901 5027646.36127418 123.57558945
v 367568.06259901 5027646.36127418 126.42558945
v 367568.73772359 5027646.01386993 126.42558945
v 367568.73772359 5027646.01386993 123.57558945
v 367568.73780424 5027645.78886995 123.57558945
v 367568.73780424 5027645.78886995 126.42558945
v 367568.41280426 5027645.78875345 126.42558945
v 367568.73780424 5027645.78886995 126.42558945
v 367568.73780424 5027645.78886995 123.57558945
v 367568.41280426 5027645.78875345 123.57558945
v 367578.02406110 5027638.78484081 123.57558945
v 367578.02406110 5027638.78484081 126.42558945
v 367578.02384199 5027639.37234077 126.42558945
v 367578.02384199 5027639.37234077 123.57558945
v 367577.67384901 5027639.37226531 126.42558945
v 367577.20864904 5027639.37209855 126.42558945
v 367577.20864904 5027639.37209855 123.57558945
v 367577.67384901 5027639.37226531 123.57558945
v 367577.20873346 5027639.14709857 126.42558945
v 367577.20873346 5027639.14709857 123.57558945
v 367577.20865280 5027639.37209855 123.57558945
v 367577.20865280 5027639.37209855 126.42558945
v 367578.02248820 5027645.79230995 123.57558945
v 367578.02248820 5027645.79230995 126.42558945
v 367578.02226653 5027646.36490990 126.42558945
v 367578.02226653 5027646.36490990 123.57558945
v 367577.15921494 5027645.79201976 126.42558945
v 367577.15921494 5027645.79201976 123.57558945
v 367577.15913429 5027646.01701975 123.57558945
v 367577.15913429 5027646.01701975 126.42558945
v 367577.67245156 5027645.79220374 126.42558945
v 367577.67245156 5027645.79220374 123.57558945
v 367577.15925159 5027645.79201978 123.57558945
v 367577.15925159 5027645.79201978 126.42558945
v 367577.93223809 5027646.36485836 123.57558945
v 367577.93223809 5027646.36485836 126.42558945
v 367577.15903814 5027646.36458119 126.42558945
v 367577.15903814 5027646.36458119 123.57558945
v 367568.06531268 5027638.78127093 129.27558945
v 367568.06531268 5027638.78127093 126.42558945
v 367568.06510387 5027639.36377090 126.42558945
v 367568.06510387 5027639.36377090 129.27558945
v 367568.84010341 5027639.36409871 128.87558945
v 367568.65460343 5027639.36403221 128.87558945
v 367568.41510344 5027639.36394636 128.87558945
v 367568.41510344 5027639.36394636 126.42558945
v 367568.84010341 5027639.36409871 126.42558945
v 367568.84018368 5027639.13909872 126.42558945
v 367568.84018368 5027639.13909872 128.87558945
v 367568.84017310 5027639.16859872 128.87558945
v 367568.84010302 5027639.36409870 128.87558945
v 367568.84010302 5027639.36409870 126.42558945
v 367572.68324742 5027646.36297677 126.42558945
v 367572.68324742 5027646.36297677 128.87558945
v 367568.15264771 5027646.36135270 128.87558945
v 367568.15264771 5027646.36135270 126.42558945
v 367568.06280427 5027645.78867422 129.27558945
v 367568.06280427 5027645.78867422 126.42558945
v 367568.06259901 5027646.36127418 126.42558945
v 367568.06259901 5027646.36127418 129.27558945
v 367568.73772359 5027646.01386993 129.27558945
v 367568.73772359 5027646.01386993 126.42558945
v 367568.73780424 5027645.78886995 126.42558945
v 367568.73780424 5027645.78886995 129.27558945
v 367568.41280426 5027645.78875345 129.27558945
v 367568.73780424 5027645.78886995 129.27558945
v 367568.73780424 5027645.78886995 126.42558945
v 367568.41280426 5027645.78875345 126.42558945
v 367578.02384195 5027639.37244077 129.27558945
v 367578.02384195 5027639.37244077 126.42558945
v 367578.02406106 5027638.78494081 126.42558945
v 367578.02406106 5027638.78494081 129.27558945
v 367577.45864740 5027639.37218817 126.42558945
v 367577.67384738 5027639.37226531 126.42558945
v 367577.67384738 5027639.37226531 128.87558945
v 367577.26364741 5027639.37211827 128.87558945
v 367577.20864741 5027639.37209855 128.87558945
v 367577.20864741 5027639.37209855 126.42558945
v 367577.20865280 5027639.37209855 126.42558945
v 367577.20865280 5027639.37209855 128.87558945
v 367577.20872467 5027639.17159856 128.87558945
v 367577.20873346 5027639.14709857 128.87558945
v 367577.20873346 5027639.14709857 126.42558945
v 367578.02226653 5027646.36490990 129.27558945
v 367578.02226653 5027646.36490990 126.42558945
v 367578.02248820 5027645.79230995 126.42558945
v 367578.02248820 5027645.79230995 129.27558945
v 367577.15921494 5027645.79201976 129.27558945
v 367577.15921494 5027645.79201976 126.42558945
v 367577.15913429 5027646.01701975 126.42558945
v 367577.15913429 5027646.01701975 129.27558945
v 367577.67245156 5027645.79220374 129.27558945
v 367577.67245156 5027645.79220374 126.42558945
v 367577.15925159 5027645.79201978 126.42558945
v 367577.15925159 5027645.79201978 129.27558945
v 367577.15903879 5027646.36458119 126.42558945
v 367577.93223874 5027646.36485835 126.42558945
v 367577.93223874 5027646.36485835 128.87558945
v 367577.15903879 5027646.36458119 128.87558945
v 367568.06510384 5027639.36387089 129.27558945
v 367568.06510384 5027639.36387089 132.12558945
v 367568.06528038 5027638.87137093 132.12558945
v 367568.06528038 5027638.87137093 129.27558945
v 367568.41510344 5027639.36394636 132.12558945
v 367568.41510344 5027639.36394636 129.27558945
v 367568.84010341 5027639.36409871 129.27558945
v 367568.84010341 5027639.36409871 132.12558945
v 367568.84010302 5027639.36409871 132.12558945
v 367568.84010302 5027639.36409871 129.27558945
v 367568.84018368 5027639.13909872 129.27558945
v 367568.84018368 5027639.13909872 132.12558945
v 367572.68324742 5027646.36297677 129.27558945
v 367572.68324742 5027646.36297677 132.12558945
v 367568.15264771 5027646.36135270 132.12558945
v 367568.15264771 5027646.36135270 129.27558945
v 367568.06259901 5027646.36127418 129.27558945
v 367568.06259901 5027646.36127418 132.12558945
v 367568.06280427 5027645.78867422 132.12558945
v 367568.06280427 5027645.78867422 129.27558945
v 367568.73772359 5027646.01386993 132.12558945
v 367568.73772359 5027646.01386993 129.27558945
v 367568.73780424 5027645.78886995 129.27558945
v 367568.73780424 5027645.78886995 132.12558945
v 367568.41280426 5027645.78875345 132.12558945
v 367568.73780424 5027645.78886995 132.12558945
v 367568.73780424 5027645.78886995 129.27558945
v 367568.41280426 5027645.78875345 129.27558945
v 367578.02406110 5027638.78484081 129.27558945
v 367578.02406110 5027638.78484081 132.12558945
v 367578.02384199 5027639.37234077 132.12558945
v 367578.02384199 5027639.37234077 129.27558945
v 367577.67384901 5027639.37226531 132.12558945
v 367577.20864904 5027639.37209855 132.12558945
v 367577.20864904 5027639.37209855 129.27558945
v 367577.67384901 5027639.37226531 129.27558945
v 367577.20873346 5027639.14709857 132.12558945
v 367577.20873346 5027639.14709857 129.27558945
v 367577.20865280 5027639.37209855 129.27558945
v 367577.20865280 5027639.37209855 132.12558945
v 367578.02248820 5027645.79230995 129.27558945
v 367578.02248820 5027645.79230995 132.12558945
v 367578.02226653 5027646.36490990 132.12558945
v 367578.02226653 5027646.36490990 129.27558945
v 367577.15921494 5027645.79201976 132.12558945
v 367577.15921494 5027645.79201976 129.27558945
v 367577.15913429 5027646.01701975 129.27558945
v 367577.15913429 5027646.01701975 132.12558945
v 367577.67245156 5027645.79220374 132.12558945
v 367577.67245156 5027645.79220374 129.27558945
v 367577.15925159 5027645.79201978 129.27558945
v 367577.15925159 5027645.79201978 132.12558945
v 367577.93223809 5027646.36485836 129.27558945
v 367577.93223809 5027646.36485836 132.12558945
v 367577.15903814 5027646.36458119 132.12558945
v 367577.15903814 5027646.36458119 129.27558945
v 367536.27359677 5027659.67429508 132.12558945
v 367536.27359677 5027659.67429508 134.97558945
v 367537.03859672 5027659.67456931 134.97558945
v 367537.03859672 5027659.67456931 132.12558945
v 367536.42355363 5027659.67434883 129.27558424
v 367536.42355363 5027659.67434883 129.36558424
v 367537.03855360 5027659.67456929 129.36558424
v 367537.03855360 5027659.67456929 129.27558424
v 367537.03855360 5027659.67456929 126.42558424
v 367536.27355364 5027659.67429507 126.42558424
v 367536.27355364 5027659.67429507 129.27558424
v 367536.27359677 5027659.67429508 129.27558945
v 367536.27359677 5027659.67429508 132.12558945
v 367537.03859672 5027659.67456931 132.12558945
v 367537.03859672 5027659.67456931 129.27558945
v 367544.78431473 5027658.16571435 120.72558945
v 367544.78431473 5027658.16571435 123.57558945
v 367544.78689429 5027651.81631487 123.57558945
v 367544.78689429 5027651.81631487 120.72558945
v 367568.06284346 5027645.78862671 127.02558945
v 367568.73414346 5027645.78882670 127.02558945
v 367568.73644346 5027639.36152671 127.02558945
v 367568.06514346 5027639.36132670 127.02558945
v 367568.06534346 5027638.78132670 127.02558945
v 367556.40484346 5027638.77712671 127.02558945
v 367556.40214346 5027646.35712671 127.02558945
v 367568.06264346 5027646.36132670 127.02558945
v 367577.30614421 5027651.84252004 138.22558945
v 367577.31074421 5027639.10762004 138.22558945
v 367568.64084421 5027639.10452004 138.22558945
v 367568.63834421 5027646.01152004 138.22558945
v 367575.47834421 5027646.01402004 138.22558945
v 367575.47624421 5027651.84102004 138.22558945
v 367538.96014421 5027651.82732004 138.22558945
v 367538.95784421 5027658.36152004 138.22558945
v 367537.07794421 5027658.36082004 138.22558945
v 367537.07744421 5027659.87752004 138.22558945
v 367536.42364421 5027659.87732004 138.22558945
v 367536.42134421 5027666.24782004 138.22558945
v 367619.00644421 5027666.27742004 138.22558945
v 367619.00904421 5027658.18712004 138.22558945
v 367621.50404421 5027658.18802004 138.22558945
v 367621.50634421 5027651.85832004 138.22558945
v 367577.24484487 5027638.78456754 123.95058945
v 367577.28494487 5027638.78466754 123.95058945
v 367577.28224487 5027646.42466754 123.95058945
v 367578.16514487 5027646.42496754 123.95058945
v 367578.16444487 5027648.28476754 123.95058945
v 367587.82444487 5027648.28826754 123.95058945
v 367587.82554487 5027645.16826754 123.95058945
v 367583.48834487 5027645.16666754 123.95058945
v 367583.49134487 5027636.84326754 123.95058945
v 367577.24554487 5027636.84096754 123.95058945
v 367568.06263100 5027646.26632793 126.52558945
v 367568.06283100 5027645.78862793 126.52558945
v 367568.73413100 5027645.78882793 126.52558945
v 367568.73653100 5027639.32152793 126.52558945
v 367568.05653100 5027639.32132793 126.52558945
v 367568.05663100 5027638.80132793 126.52558945
v 367556.46483100 5027638.79712793 126.52558945
v 367556.46213100 5027646.26212793 126.52558945
v 367568.06264993 5027646.24631090 126.92558945
v 367568.06284993 5027645.78861090 126.92558945
v 367568.73414993 5027645.78891090 126.92558945
v 367568.73644993 5027639.36161090 126.92558945
v 367568.06514993 5027639.36131090 126.92558945
v 367568.06524993 5027638.89731090 126.92558945
v 367556.52484993 5027638.89321090 126.92558945
v 367556.52214993 5027646.24221090 126.92558945
v 367559.20220284 5027646.20999058 126.42558945
v 367559.20480284 5027638.92919058 126.42558945
v 367556.54480284 5027638.92819058 126.42558945
v 367556.54220284 5027646.20899058 126.42558945
v 367575.21630013 5027651.59087488 140.72558945
v 367575.21830013 5027646.26387488 140.72558945
v 367572.93330013 5027646.26307488 140.72558945
v 367572.93130013 5027651.59007488 140.72558945
v 367577.36553824 5027636.90104749 123.92558945
v 367577.36213824 5027646.36464749 123.92558945
v 367578.22513824 5027646.36494749 123.92558945
v 367578.22453824 5027648.22484749 123.92558945
v 367587.76443824 5027648.22824749 123.92558945
v 367587.76553824 5027645.22824749 123.92558945
v 367583.42833824 5027645.22664749 123.92558945
v 367583.43133824 5027636.90324749 123.92558945
v 367620.16284241 5027658.32399504 132.92558945
v 367619.03424241 5027658.32359504 132.92558945
v 367619.03364241 5027660.02359504 132.92558945
v 367620.16224241 5027660.02399504 132.92558945
v 367615.59213380 5027658.32231599 126.10058945
v 367615.59153380 5027660.13831599 126.10058945
v 367613.14223380 5027660.13751599 126.10058945
v 367613.13993380 5027666.52551599 126.10058945
v 367618.99993380 5027666.52761599 126.10058945
v 367619.00223380 5027659.93941599 126.10058945
v 367620.08583380 5027659.93981599 126.10058945
v 367620.08643380 5027658.32401599 126.10058945
v 367621.46287617 5027658.34112058 129.67558945
v 367621.46527617 5027651.66832058 129.67558945
v 367616.36027617 5027651.66652058 129.67558945
v 367616.36007617 5027652.09262058 129.67558945
v 367615.56297617 5027652.09232058 129.67558945
v 367615.56077617 5027658.15232058 129.67558945
v 367620.08077617 5027658.15392058 129.67558945
v 367620.08077617 5027658.34062058 129.67558945
v 367567.76147789 5027663.68304813 140.72558945
v 367567.76217789 5027661.74244813 140.72558945
v 367562.35227789 5027661.74044813 140.72558945
v 367562.35157789 5027663.68104813 140.72558945
v 367544.98314457 5027665.77101941 140.72558945
v 367544.98494457 5027660.90301941 140.72558945
v 367543.72694457 5027660.90261941 140.72558945
v 367543.72644457 5027662.17061941 140.72558945
v 367542.42844457 5027662.17011941 140.72558945
v 367542.42714457 5027665.77011941 140.72558945
v 367573.45791774 5027658.14888655 138.82558945
v 367575.29341774 5027658.14948655 138.82558945
v 367575.29371774 5027657.31948655 138.82558945
v 367573.45821774 5027657.31888655 138.82558945
v 367567.76274509 5027660.02515476 140.97558945
v 367567.76434509 5027655.79125476 140.97558945
v 367564.37344509 5027655.78995476 140.97558945
v 367564.37394509 5027654.42995476 140.97558945
v 367559.98124509 5027654.42845476 140.97558945
v 367559.97924509 5027660.02235476 140.97558945
v 367543.72547446 5027665.03523638 121.92246445
v 367544.77547446 5027665.03553638 121.92246445
v 367544.77547446 5027665.06753638 121.92246445
v 367544.77507446 5027666.18253638 121.92246445
v 367543.74397446 5027666.18223638 121.92246445
v 367543.74437446 5027665.13223638 121.92246445
v 367543.73737446 5027665.13223638 121.92246445
v 367543.72547446 5027665.06723638 121.92246445
v 367614.19960382 5027653.23282140 122.27871445
v 367614.19960382 5027653.20082140 122.27871445
v 367614.19960382 5027653.04592140 122.27871445
v 367613.99090382 5027653.04592140 122.27871445
v 367613.99090382 5027653.03882140 122.27871445
v 367612.99090382 5027653.03852140 122.27871445
v 367612.99130382 5027651.89142140 122.27871445
v 367615.20000382 5027651.89222140 122.27871445
v 367615.19960382 5027653.20112140 122.27871445
v 367615.19960382 5027653.23322140 122.27871445
v 367543.45553759 5027664.86053059 120.32558945
v 367543.45633759 5027662.66033059 120.32558945
v 367544.85633759 5027662.66083059 120.32558945
v 367544.85683759 5027661.12703059 120.32558945
v 367543.79683759 5027661.12663059 120.32558945
v 367543.79703759 5027660.46363059 120.32558945
v 367542.45633759 5027660.46313059 120.32558945
v 367542.45653759 5027659.84333059 120.32558945
v 367541.19233759 5027659.84293059 120.32558945
v 367541.19283759 5027658.32933059 120.32558945
v 367543.24453759 5027658.33013059 120.32558945
v 367543.24453759 5027658.16613059 120.32558945
v 367544.95713759 5027658.16673059 120.32558945
v 367544.95943759 5027651.82953059 120.32558945
v 367572.92683759 5027651.83953059 120.32558945
v 367572.92693759 5027651.57003059 120.32558945
v 367575.47633759 5027651.57093059 120.32558945
v 367575.47833759 5027645.99093059 120.32558945
v 367559.19833759 5027645.98513059 120.32558945
v 367559.20083759 5027639.16513059 120.32558945
v 367577.30083759 5027639.17163059 120.32558945
v 367577.30143759 5027637.27163059 120.32558945
v 367583.30143759 5027637.27383059 120.32558945
v 367583.23733759 5027639.01933059 120.32558945
v 367580.83733759 5027639.01843059 120.32558945
v 367580.83553759 5027644.21573059 120.32558945
v 367583.26053759 5027644.21663059 120.32558945
v 367583.25983759 5027646.15663059 120.32558945
v 367577.35983759 5027646.15453059 120.32558945
v 367577.35773759 5027651.82953059 120.32558945
v 367615.55773759 5027651.84323059 120.32558945
v 367615.55483759 5027660.00323059 120.32558945
v 367612.77483759 5027660.00223059 120.32558945
v 367612.77253759 5027666.26223059 120.32558945
v 367539.66003759 5027666.23603059 120.32558945
v 367539.66053759 5027664.85923059 120.32558945
v 367575.47638766 5027651.57097997 123.17558945
v 367575.47838766 5027645.99097997 123.17558945
v 367568.65228766 5027645.98857997 123.17558945
v 367568.65468766 5027639.16857997 123.17558945
v 367577.28488766 5027639.17157997 123.17558945
v 367577.28038766 5027651.82947997 123.17558945
v 367615.55778766 5027651.84317997 123.17558945
v 367615.55478766 5027660.00317997 123.17558945
v 367612.77478766 5027660.00217997 123.17558945
v 367612.77258766 5027666.26217997 123.17558945
v 367544.94108766 5027666.23787997 123.17558945
v 367544.94228766 5027662.86077997 123.17558945
v 367543.45618766 5027662.86027997 123.17558945
v 367543.45548766 5027665.06057997 123.17558945
v 367542.06048766 5027665.06007997 123.17558945
v 367542.05998766 5027666.26007997 123.17558945
v 367541.69998766 5027666.25997997 123.17558945
v 367541.69998766 5027666.39997997 123.17558945
v 367536.97608766 5027666.39827997 123.17558945
v 367536.97898766 5027658.16387997 123.17558945
v 367544.95718766 5027658.16667997 123.17558945
v 367544.95948766 5027651.82957997 123.17558945
v 367572.92688766 5027651.83957997 123.17558945
v 367572.92698766 5027651.57007997 123.17558945
v 367575.47632682 5027651.57094858 126.02558945
v 367575.47832682 5027645.99094858 126.02558945
v 367568.65232682 5027645.98854858 126.02558945
v 367568.65472682 5027639.16854858 126.02558945
v 367577.26492682 5027639.17164858 126.02558945
v 367577.26032682 5027651.82944858 126.02558945
v 367615.55772682 5027651.84314858 126.02558945
v 367615.55542682 5027658.32784858 126.02558945
v 367620.03782682 5027658.32944858 126.02558945
v 367620.03732682 5027659.92364858 126.02558945
v 367618.93732682 5027659.92324858 126.02558945
v 367618.93502682 5027666.26444858 126.02558945
v 367544.94102682 5027666.23784858 126.02558945
v 367544.94222682 5027662.86084858 126.02558945
v 367543.55622682 5027662.86034858 126.02558945
v 367543.55602682 5027663.39554858 126.02558945
v 367542.52102682 5027663.39514858 126.02558945
v 367542.51992682 5027666.40024858 126.02558945
v 367536.42102682 5027666.39804858 126.02558945
v 367536.42342682 5027659.84114858 126.02558945
v 367538.95732682 5027659.84204858 126.02558945
v 367538.96022682 5027651.82744858 126.02558945
v 367572.92692682 5027651.83954858 126.02558945
v 367572.92702682 5027651.57004858 126.02558945
v 367575.47636316 5027651.57101526 128.87558945
v 367575.47836316 5027645.99101526 128.87558945
v 367568.65226316 5027645.98851526 128.87558945
v 367568.65476316 5027639.16851526 128.87558945
v 367577.26376316 5027639.17161526 128.87558945
v 367577.25916316 5027651.87451526 128.87558945
v 367615.46016316 5027651.88811526 128.87558945
v 367615.45786316 5027658.17731526 128.87558945
v 367618.87786316 5027658.17851526 128.87558945
v 367618.87506316 5027666.24941526 128.87558945
v 367544.94106316 5027666.22291526 128.87558945
v 367544.94226316 5027662.86081526 128.87558945
v 367543.55626316 5027662.86031526 128.87558945
v 367543.55606316 5027663.39551526 128.87558945
v 367542.52106316 5027663.39521526 128.87558945
v 367542.51996316 5027666.40021526 128.87558945
v 367536.43106316 5027666.39801526 128.87558945
v 367536.43336316 5027659.91621526 128.87558945
v 367538.65626316 5027659.91701526 128.87558945
v 367538.65686316 5027658.25881526 128.87558945
v 367538.96786316 5027658.25891526 128.87558945
v 367538.97016316 5027651.84741526 128.87558945
v 367572.92686316 5027651.85961526 128.87558945
v 367572.92696316 5027651.57001526 128.87558945
v 367575.47636347 5027651.57094517 131.72558945
v 367575.47836347 5027645.99094517 131.72558945
v 367568.65226347 5027645.98854517 131.72558945
v 367568.65476347 5027639.16854517 131.72558945
v 367577.26486347 5027639.17164517 131.72558945
v 367577.26036347 5027651.82944517 131.72558945
v 367621.54516347 5027651.84534517 131.72558945
v 367621.54286347 5027658.19944517 131.72558945
v 367618.93786347 5027658.19854517 131.72558945
v 367618.93496347 5027666.26444517 131.72558945
v 367544.94106347 5027666.23784517 131.72558945
v 367544.94226347 5027662.86084517 131.72558945
v 367543.55626347 5027662.86034517 131.72558945
v 367543.55606347 5027663.39554517 131.72558945
v 367542.52106347 5027663.39514517 131.72558945
v 367542.51996347 5027666.40024517 131.72558945
v 367536.42106347 5027666.39804517 131.72558945
v 367536.42346347 5027659.84114517 131.72558945
v 367538.95726347 5027659.84204517 131.72558945
v 367538.96016347 5027651.82744517 131.72558945
v 367572.92686347 5027651.83954517 131.72558945
v 367572.92696347 5027651.57004517 131.72558945
v 367575.47638513 5027651.57095714 134.57558945
v 367575.47838513 5027645.99095714 134.57558945
v 367568.65228513 5027645.98855714 134.57558945
v 367568.65468513 5027639.16855714 134.57558945
v 367577.28488513 5027639.17165714 134.57558945
v 367577.28038513 5027651.82945714 134.57558945
v 367621.54518513 5027651.84535714 134.57558945
v 367621.54288513 5027658.19945714 134.57558945
v 367618.93788513 5027658.19855714 134.57558945
v 367618.93498513 5027666.26445714 134.57558945
v 367544.94108513 5027666.23785714 134.57558945
v 367544.94228513 5027662.86085714 134.57558945
v 367543.55618513 5027662.86035714 134.57558945
v 367543.55608513 5027663.39555714 134.57558945
v 367542.52108513 5027663.39515714 134.57558945
v 367542.51998513 5027666.40025714 134.57558945
v 367536.42108513 5027666.39805714 134.57558945
v 367536.42338513 5027659.84115714 134.57558945
v 367538.95728513 5027659.84205714 134.57558945
v 367538.96018513 5027651.82735714 134.57558945
v 367572.92688513 5027651.83955714 134.57558945
v 367572.92698513 5027651.57005714 134.57558945
v 367540.91287890 5027658.32931314 119.72558945
v 367540.91227890 5027659.84261314 119.72558945
v 367542.59727890 5027659.84321314 119.72558945
v 367542.59707890 5027660.46321314 119.72558945
v 367543.78707890 5027660.46361314 119.72558945
v 367543.78687890 5027661.14541314 119.72558945
v 367544.85687890 5027661.14581314 119.72558945
v 367544.85627890 5027662.66081314 119.72558945
v 367543.45627890 5027662.66031314 119.72558945
v 367543.45547890 5027664.86061314 119.72558945
v 367539.66047890 5027664.85921314 119.72558945
v 367539.65997890 5027666.24891314 119.72558945
v 367536.51497890 5027666.24781314 119.72558945
v 367536.51787890 5027658.32771314 119.72558945
v 367542.40187222 5027658.32980018 120.02558945
v 367542.40127222 5027659.84310018 120.02558945
v 367540.91227222 5027659.84260018 120.02558945
v 367540.91287222 5027658.32930018 120.02558945
v 367544.78060684 5027664.61395846 124.77246445
v 367544.78060684 5027664.64595846 124.77246445
v 367544.78010684 5027666.04595846 124.77246445
v 367542.53760684 5027666.04515846 124.77246445
v 367542.53790684 5027665.05215846 124.77246445
v 367543.53790684 5027665.05255846 124.77246445
v 367543.53790684 5027665.04555846 124.77246445
v 367543.78040684 5027665.04565846 124.77246445
v 367543.78060684 5027664.64565846 124.77246445
v 367543.78060684 5027664.61355846 124.77246445
v 367544.78060684 5027664.61395846 127.62246445
v 367544.78060684 5027664.64595846 127.62246445
v 367544.78010684 5027666.04595846 127.62246445
v 367542.53760684 5027666.04515846 127.62246445
v 367542.53790684 5027665.05215846 127.62246445
v 367543.53790684 5027665.05255846 127.62246445
v 367543.53790684 5027665.04555846 127.62246445
v 367543.78040684 5027665.04565846 127.62246445
v 367543.78060684 5027664.64565846 127.62246445
v 367543.78060684 5027664.61355846 127.62246445
v 367544.78060684 5027664.61395846 130.47246445
v 367544.78060684 5027664.64595846 130.47246445
v 367544.78010684 5027666.04595846 130.47246445
v 367542.53760684 5027666.04515846 130.47246445
v 367542.53790684 5027665.05215846 130.47246445
v 367543.53790684 5027665.05255846 130.47246445
v 367543.53790684 5027665.04555846 130.47246445
v 367543.78040684 5027665.04565846 130.47246445
v 367543.78060684 5027664.64565846 130.47246445
v 367543.78060684 5027664.61355846 130.47246445
v 367544.78060684 5027664.61395846 133.32246445
v 367544.78060684 5027664.64595846 133.32246445
v 367544.78010684 5027666.04595846 133.32246445
v 367542.53760684 5027666.04515846 133.32246445
v 367542.53790684 5027665.05215846 133.32246445
v 367543.53790684 5027665.05255846 133.32246445
v 367543.53790684 5027665.04555846 133.32246445
v 367543.78040684 5027665.04565846 133.32246445
v 367543.78060684 5027664.64565846 133.32246445
v 367543.78060684 5027664.61355846 133.32246445
v 367544.78060684 5027664.61395846 136.17246445
v 367544.78060684 5027664.64595846 136.17246445
v 367544.78010684 5027666.04595846 136.17246445
v 367542.53760684 5027666.04515846 136.17246445
v 367542.53790684 5027665.05215846 136.17246445
v 367543.53790684 5027665.05255846 136.17246445
v 367543.53790684 5027665.04555846 136.17246445
v 367543.78040684 5027665.04565846 136.17246445
v 367543.78060684 5027664.64565846 136.17246445
v 367543.78060684 5027664.61355846 136.17246445
v 367614.19948023 5027653.40024091 124.95058945
v 367614.19948023 5027653.36824091 124.95058945
v 367614.19968023 5027653.02094091 124.95058945
v 367613.99098023 5027653.02084091 124.95058945
v 367613.99098023 5027653.01384091 124.95058945
v 367612.99098023 5027653.01354091 124.95058945
v 367612.99128023 5027652.02054091 124.95058945
v 367615.19998023 5027652.02134091 124.95058945
v 367615.19948023 5027653.36854091 124.95058945
v 367615.19948023 5027653.40054091 124.95058945
v 367614.19948023 5027653.40024091 127.80058945
v 367614.19948023 5027653.36824091 127.80058945
v 367614.19968023 5027653.02094091 127.80058945
v 367613.99098023 5027653.02084091 127.80058945
v 367613.99098023 5027653.01384091 127.80058945
v 367612.99098023 5027653.01354091 127.80058945
v 367612.99128023 5027652.02054091 127.80058945
v 367615.19998023 5027652.02134091 127.80058945
v 367615.19948023 5027653.36854091 127.80058945
v 367615.19948023 5027653.40054091 127.80058945
v 367614.19948023 5027653.40024091 130.65058945
v 367614.19948023 5027653.36824091 130.65058945
v 367614.19968023 5027653.02094091 130.65058945
v 367613.99098023 5027653.02084091 130.65058945
v 367613.99098023 5027653.01384091 130.65058945
v 367612.99098023 5027653.01354091 130.65058945
v 367612.99128023 5027652.02054091 130.65058945
v 367615.19998023 5027652.02134091 130.65058945
v 367615.19948023 5027653.36854091 130.65058945
v 367615.19948023 5027653.40054091 130.65058945
v 367614.19948023 5027653.40024091 133.50058945
v 367614.19948023 5027653.36824091 133.50058945
v 367614.19968023 5027653.02094091 133.50058945
v 367613.99098023 5027653.02084091 133.50058945
v 367613.99098023 5027653.01384091 133.50058945
v 367612.99098023 5027653.01354091 133.50058945
v 367612.99128023 5027652.02054091 133.50058945
v 367615.19998023 5027652.02134091 133.50058945
v 367615.19948023 5027653.36854091 133.50058945
v 367615.19948023 5027653.40054091 133.50058945
v 367577.36291460 5027644.07863571 116.82558945
v 367577.36541460 5027637.21463571 116.82558945
v 367583.36041460 5027637.21683571 116.82558945
v 367583.35971460 5027639.21683571 116.82558945
v 367583.02791460 5027639.21663571 116.82558945
v 367583.02671460 5027642.41033571 116.82558945
v 367583.29011460 5027642.41043571 116.82558945
v 367583.28751460 5027649.61073571 116.82558945
v 367591.71101460 5027649.61383571 116.82558945
v 367591.70781460 5027658.40383571 116.82558945
v 367573.20781460 5027658.39713571 116.82558945
v 367573.21021460 5027651.67713571 116.82558945
v 367569.99021460 5027651.67603571 116.82558945
v 367569.99291460 5027644.07603571 116.82558945
v 367615.62726964 5027653.07624078 129.27560076
v 367615.62725172 5027653.12624077 129.27560076
v 367615.62685382 5027654.23624070 129.27560076
v 367615.62683590 5027654.28624070 129.27560076
v 367615.62643800 5027655.39624063 129.27560076
v 367615.62642008 5027655.44624062 129.27560076
v 367615.62642008 5027655.44624062 129.22560076
v 367615.62635734 5027655.62124061 129.22560076
v 367615.62635734 5027655.62124061 129.27560076
v 367615.62615660 5027656.18124058 129.27560076
v 367615.62601501 5027656.57624055 129.27560076
v 367615.62599709 5027656.62624055 129.27560076
v 367615.62566909 5027657.54124049 129.27560076
v 367615.62565117 5027657.59124049 129.27560076
v 367615.62545580 5027658.13624045 129.27560076
v 367615.62544325 5027658.17124045 129.27560076
v 367615.62543788 5027658.18624045 129.27560076
v 367615.62542533 5027658.22124045 129.27560076
v 367615.62542533 5027658.22124045 126.70560076
v 367615.62542533 5027658.22124045 125.76560076
v 367615.62543788 5027658.18624045 125.76560076
v 367615.62543788 5027658.18624045 125.65060076
v 367615.62542533 5027658.22124045 125.65060076
v 367615.62542533 5027658.22124045 125.70060076
v 367615.62502564 5027659.33624037 125.70060076
v 367615.62500772 5027659.38624037 125.70060076
v 367615.62481235 5027659.93124034 125.70060076
v 367615.62479443 5027659.98124033 125.70060076
v 367615.62479443 5027659.98124033 123.74560076
v 367615.62479443 5027659.98124033 123.16560076
v 367615.62479443 5027659.98124033 120.72560076
v 367615.62481235 5027659.93124034 120.72560076
v 367615.62500772 5027659.38624037 120.72560076
v 367615.62502564 5027659.33624037 120.72560076
v 367615.62543788 5027658.18624045 120.72560076
v 367615.62545580 5027658.13624045 120.72560076
v 367615.62565117 5027657.59124049 120.72560076
v 367615.62566909 5027657.54124049 120.72560076
v 367615.62599709 5027656.62624055 120.72560076
v 367615.62601501 5027656.57624055 120.72560076
v 367615.62601501 5027656.57624055 123.14060076
v 367615.62615660 5027656.18124058 123.14060076
v 367615.62634838 5027655.64624061 123.14060076
v 367615.62634838 5027655.64624061 120.72560076
v 367615.62636631 5027655.59624061 120.72560076
v 367615.62642008 5027655.44624062 120.72560076
v 367615.62643800 5027655.39624063 120.72560076
v 367615.62683590 5027654.28624070 120.72560076
v 367615.62685382 5027654.23624070 120.72560076
v 367615.62725172 5027653.12624077 120.72560076
v 367615.62726964 5027653.07624078 120.72560076
v 367615.62760441 5027652.14234084 120.72560076
v 367615.62762234 5027652.09234084 120.72560076
v 367615.62762234 5027652.09234084 123.16560076
v 367615.62762234 5027652.09234084 123.74560076
v 367615.62762234 5027652.09234084 125.76560076
v 367615.62762234 5027652.09234084 126.70560076
v 367615.62762234 5027652.09234084 129.27560076
v 367615.62760441 5027652.14234084 129.27560076
v 367615.58562105 5027656.57620266 129.22563900
v 367615.58602612 5027655.44620273 129.22563900
v 367615.58602612 5027655.44620273 126.73063900
v 367615.58562105 5027656.57620266 126.73063900
v 367615.62925745 5027653.10281890 123.19054680
v 367615.62925745 5027653.10281890 123.72054680
v 367615.61225745 5027653.10281281 123.72054680
v 367615.61225745 5027653.10281281 123.74554680
v 367615.61225745 5027653.10281281 123.77054680
v 367615.62925745 5027653.10281890 123.77054680
v 367615.62925745 5027653.10281890 125.74054680
v 367615.61225745 5027653.10281281 125.74054680
v 367615.61225745 5027653.10281281 125.76554680
v 367615.61225745 5027653.10281281 125.79054680
v 367615.62925745 5027653.10281890 125.79054680
v 367615.62925745 5027653.10281890 126.68054680
v 367615.61225745 5027653.10281281 126.68054680
v 367615.61225745 5027653.10281281 126.70554680
v 367615.61225745 5027653.10281281 126.73054680
v 367615.62925745 5027653.10281890 126.73054680
v 367615.62925745 5027653.10281890 129.22554680
v 367615.61225745 5027653.10281281 129.22554680
v 367615.61225745 5027653.10281281 129.27554680
v 367615.54725745 5027653.10278951 129.27554680
v 367615.54725745 5027653.10278951 126.70554680
v 367615.54725745 5027653.10278951 125.76554680
v 367615.54725745 5027653.10278951 123.74554680
v 367615.54725745 5027653.10278951 123.16554680
v 367615.54725745 5027653.10278951 120.72554680
v 367615.61225745 5027653.10281281 120.72554680
v 367615.61225745 5027653.10281281 120.87554680
v 367615.62925745 5027653.10281890 120.87554680
v 367615.62925745 5027653.10281890 123.14054680
v 367615.61225745 5027653.10281281 123.14054680
v 367615.61225745 5027653.10281281 123.16554680
v 367615.61225745 5027653.10281281 123.19054680
v 367615.61257467 5027652.14238443 123.74558945
v 367615.61257467 5027652.14238443 125.76558945
v 367615.61257467 5027652.14238443 126.70558945
v 367615.61257467 5027652.14238443 129.27558945
v 367615.54757467 5027652.14236113 129.27558945
v 367615.54757467 5027652.14236113 126.70558945
v 367615.54757467 5027652.14236113 125.76558945
v 367615.54757467 5027652.14236113 123.74558945
v 367615.54757467 5027652.14236113 123.16558945
v 367615.54757467 5027652.14236113 120.72558945
v 367615.61257467 5027652.14238443 120.72558945
v 367615.61257467 5027652.14238443 123.16558945
v 367615.54683838 5027654.24276571 129.27556871
v 367615.61183837 5027654.24278900 129.27556871
v 367615.61183837 5027654.24278900 128.42716871
v 367615.62883837 5027654.24279510 126.73056871
v 367615.61183837 5027654.24278900 126.73056871
v 367615.61183837 5027654.24278900 126.70556871
v 367615.61183837 5027654.24278900 125.76556871
v 367615.61183837 5027654.24278900 125.11016871
v 367615.62883837 5027654.24279510 123.77056871
v 367615.61183837 5027654.24278900 123.77056871
v 367615.61183837 5027654.24278900 123.74556871
v 367615.61183837 5027654.24278900 123.16556871
v 367615.61183837 5027654.24278900 122.41576871
v 367615.62883837 5027654.24279510 120.87556871
v 367615.61183837 5027654.24278900 120.87556871
v 367615.61183837 5027654.24278900 120.72556871
v 367615.54683838 5027654.24276571 120.72556871
v 367615.54683838 5027654.24276571 123.16556871
v 367615.54683838 5027654.24276571 123.74556871
v 367615.54683838 5027654.24276571 125.76556871
v 367615.54683838 5027654.24276571 126.70556871
v 367615.61041410 5027658.14908394 129.27561137
v 367615.61041410 5027658.14908394 126.70561137
v 367615.61041410 5027658.14908394 125.76561137
v 367615.61041410 5027658.14908394 123.74561137
v 367615.61041410 5027658.14908394 123.16561137
v 367615.61041410 5027658.14908394 123.14061137
v 367615.62741410 5027658.14909003 123.14061137
v 367615.62741410 5027658.14909003 120.87561137
v 367615.61041410 5027658.14908394 120.87561137
v 367615.61041410 5027658.14908394 120.72561137
v 367615.54541411 5027658.14906064 120.72561137
v 367615.54541411 5027658.14906064 123.16561137
v 367615.54541411 5027658.14906064 123.74561137
v 367615.54541411 5027658.14906064 125.76561137
v 367615.54541411 5027658.14906064 126.70561137
v 367615.54541411 5027658.14906064 129.27561137
v 367615.54540468 5027658.17942100 125.76554813
v 367615.54540468 5027658.17942100 123.74554813
v 367615.54540468 5027658.17942100 123.16554813
v 367615.54540468 5027658.17942100 120.72554813
v 367615.61040467 5027658.17944430 120.72554813
v 367615.61040467 5027658.17944430 120.87554813
v 367615.62740467 5027658.17945040 120.87554813
v 367615.62740467 5027658.17945040 123.14054813
v 367615.61040467 5027658.17944430 123.14054813
v 367615.61040467 5027658.17944430 123.16554813
v 367615.61040467 5027658.17944430 123.74554813
v 367615.61040467 5027658.17944430 123.77054813
v 367615.62740467 5027658.17945040 123.77054813
v 367615.62740467 5027658.17945040 125.74054813
v 367615.61040467 5027658.17944430 125.74054813
v 367615.61040467 5027658.17944430 125.76554813
v 367615.61040467 5027658.17944430 125.79054813
v 367615.62740467 5027658.17945040 125.79054813
v 367615.62740467 5027658.17945040 126.68054813
v 367615.61040467 5027658.17944430 126.68054813
v 367615.61040467 5027658.17944430 126.70554813
v 367615.61040467 5027658.17944430 129.27554813
v 367615.54540468 5027658.17942100 129.27554813
v 367615.54540468 5027658.17942100 126.70554813
v 367615.54725420 5027653.08276578 129.27556871
v 367615.61225419 5027653.08278908 129.27556871
v 367615.61225419 5027653.08278908 128.42716871
v 367615.62925419 5027653.08279517 126.73056871
v 367615.61225419 5027653.08278908 126.73056871
v 367615.61225419 5027653.08278908 126.70556871
v 367615.61225419 5027653.08278908 125.76556871
v 367615.61225419 5027653.08278908 125.11016871
v 367615.62925419 5027653.08279517 123.77056871
v 367615.61225419 5027653.08278908 123.77056871
v 367615.61225419 5027653.08278908 123.74556871
v 367615.61225419 5027653.08278908 123.16556871
v 367615.61225419 5027653.08278908 122.41576871
v 367615.62925419 5027653.08279517 120.87556871
v 367615.61225419 5027653.08278908 120.87556871
v 367615.61225419 5027653.08278908 120.72556871
v 367615.54725420 5027653.08276578 120.72556871
v 367615.54725420 5027653.08276578 123.16556871
v 367615.54725420 5027653.08276578 123.74556871
v 367615.54725420 5027653.08276578 125.76556871
v 367615.54725420 5027653.08276578 126.70556871
v 367615.61096736 5027656.62621530 123.74558945
v 367615.61096736 5027656.62621530 125.76558945
v 367615.61096736 5027656.62621530 126.70558945
v 367615.61096736 5027656.62621530 129.27558945
v 367615.54596737 5027656.62619200 129.27558945
v 367615.54596737 5027656.62619200 126.70558945
v 367615.54596737 5027656.62619200 125.76558945
v 367615.54596737 5027656.62619200 123.74558945
v 367615.54596737 5027656.62619200 123.16558945
v 367615.54596737 5027656.62619200 120.72558945
v 367615.61096736 5027656.62621530 120.72558945
v 367615.61096736 5027656.62621530 123.16558945
v 367615.54759259 5027652.09236113 129.27558945
v 367615.61259259 5027652.09238443 129.27558945
v 367615.61259259 5027652.09238443 126.70558945
v 367615.61259259 5027652.09238443 125.76558945
v 367615.61259259 5027652.09238443 123.74558945
v 367615.61259259 5027652.09238443 123.16558945
v 367615.61259259 5027652.09238443 120.72558945
v 367615.54759259 5027652.09236113 120.72558945
v 367615.54759259 5027652.09236113 123.16558945
v 367615.54759259 5027652.09236113 123.74558945
v 367615.54759259 5027652.09236113 125.76558945
v 367615.54759259 5027652.09236113 126.70558945
v 367615.54598529 5027656.57619200 129.27558945
v 367615.61098529 5027656.57621530 129.27558945
v 367615.61098529 5027656.57621530 126.70558945
v 367615.61098529 5027656.57621530 125.76558945
v 367615.61098529 5027656.57621530 123.74558945
v 367615.61098529 5027656.57621530 123.16558945
v 367615.61098529 5027656.57621530 120.72558945
v 367615.54598529 5027656.57619200 120.72558945
v 367615.54598529 5027656.57619200 123.16558945
v 367615.54598529 5027656.57619200 123.74558945
v 367615.54598529 5027656.57619200 125.76558945
v 367615.54598529 5027656.57619200 126.70558945
v 367615.54563937 5027657.54119194 129.27558945
v 367615.61063937 5027657.54121524 129.27558945
v 367615.61063937 5027657.54121524 126.70558945
v 367615.61063937 5027657.54121524 125.76558945
v 367615.61063937 5027657.54121524 123.74558945
v 367615.61063937 5027657.54121524 123.16558945
v 367615.61063937 5027657.54121524 120.72558945
v 367615.54563937 5027657.54119194 120.72558945
v 367615.54563937 5027657.54119194 123.16558945
v 367615.54563937 5027657.54119194 123.74558945
v 367615.54563937 5027657.54119194 125.76558945
v 367615.54563937 5027657.54119194 126.70558945
v 367615.54641802 5027655.40300103 129.27560759
v 367615.61141801 5027655.40302433 129.27560759
v 367615.61141801 5027655.40302433 129.22560759
v 367615.62841801 5027655.40303043 129.22560759
v 367615.61141801 5027655.40302433 127.52900759
v 367615.61141801 5027655.40302433 126.70560759
v 367615.61141801 5027655.40302433 125.76560759
v 367615.61141801 5027655.40302433 125.74060759
v 367615.62841801 5027655.40303043 125.74060759
v 367615.61141801 5027655.40302433 124.40100759
v 367615.61141801 5027655.40302433 123.74560759
v 367615.61141801 5027655.40302433 123.72060759
v 367615.62841801 5027655.40303043 123.72060759
v 367615.62841801 5027655.40303043 123.19060759
v 367615.61141801 5027655.40302433 123.19060759
v 367615.61141801 5027655.40302433 123.16560759
v 367615.61141801 5027655.40302433 120.72560759
v 367615.54641802 5027655.40300103 120.72560759
v 367615.54641802 5027655.40300103 123.16560759
v 367615.54641802 5027655.40300103 123.74560759
v 367615.54641802 5027655.40300103 125.76560759
v 367615.54641802 5027655.40300103 126.70560759
v 367615.62838483 5027655.43957508 123.19062862
v 367615.62838483 5027655.43957508 123.72062862
v 367615.61138483 5027655.43956899 123.72062862
v 367615.61138483 5027655.43956899 123.74562862
v 367615.61138483 5027655.43956899 125.76562862
v 367615.61138483 5027655.43956899 125.79062862
v 367615.62838483 5027655.43957508 125.79062862
v 367615.62838483 5027655.43957508 126.68062862
v 367615.61138483 5027655.43956899 126.68062862
v 367615.61138483 5027655.43956899 126.70562862
v 367615.61138483 5027655.43956899 129.27562862
v 367615.54638483 5027655.43954569 129.27562862
v 367615.54638483 5027655.43954569 126.70562862
v 367615.54638483 5027655.43954569 125.76562862
v 367615.54638483 5027655.43954569 123.74562862
v 367615.54638483 5027655.43954569 123.16562862
v 367615.54638483 5027655.43954569 120.72562862
v 367615.61138483 5027655.43956899 120.72562862
v 367615.61138483 5027655.43956899 123.16562862
v 367615.61138483 5027655.43956899 123.19062862
v 367615.62765690 5027657.56781861 123.19054680
v 367615.62765690 5027657.56781861 123.72054680
v 367615.61065690 5027657.56781252 123.72054680
v 367615.61065690 5027657.56781252 123.74554680
v 367615.61065690 5027657.56781252 123.77054680
v 367615.62765690 5027657.56781861 123.77054680
v 367615.62765690 5027657.56781861 125.74054680
v 367615.61065690 5027657.56781252 125.74054680
v 367615.61065690 5027657.56781252 125.76554680
v 367615.61065690 5027657.56781252 125.79054680
v 367615.62765690 5027657.56781861 125.79054680
v 367615.62765690 5027657.56781861 126.68054680
v 367615.61065690 5027657.56781252 126.68054680
v 367615.61065690 5027657.56781252 126.70554680
v 367615.61065690 5027657.56781252 126.73054680
v 367615.62765690 5027657.56781861 126.73054680
v 367615.62765690 5027657.56781861 129.22554680
v 367615.61065690 5027657.56781252 129.22554680
v 367615.61065690 5027657.56781252 129.27554680
v 367615.54565690 5027657.56778922 129.27554680
v 367615.54565690 5027657.56778922 126.70554680
v 367615.54565690 5027657.56778922 125.76554680
v 367615.54565690 5027657.56778922 123.74554680
v 367615.54565690 5027657.56778922 123.16554680
v 367615.54565690 5027657.56778922 120.72554680
v 367615.61065690 5027657.56781252 120.72554680
v 367615.61065690 5027657.56781252 120.87554680
v 367615.62765690 5027657.56781861 120.87554680
v 367615.62765690 5027657.56781861 123.14054680
v 367615.61065690 5027657.56781252 123.14054680
v 367615.61065690 5027657.56781252 123.16554680
v 367615.61065690 5027657.56781252 123.19054680
v 367615.62877797 5027654.27454515 123.19060648
v 367615.62877797 5027654.27454515 123.72060648
v 367615.61177797 5027654.27453906 123.72060648
v 367615.61177797 5027654.27453906 123.74560648
v 367615.61177797 5027654.27453906 123.77060648
v 367615.62877797 5027654.27454515 123.77060648
v 367615.62877797 5027654.27454515 125.74060648
v 367615.61177797 5027654.27453906 124.40100648
v 367615.61177797 5027654.27453906 125.76560648
v 367615.61177797 5027654.27453906 125.79060648
v 367615.62877797 5027654.27454515 125.79060648
v 367615.62877797 5027654.27454515 126.68060648
v 367615.61177797 5027654.27453906 126.68060648
v 367615.61177797 5027654.27453906 126.70560648
v 367615.61177797 5027654.27453906 126.73060648
v 367615.62877797 5027654.27454515 126.73060648
v 367615.62877797 5027654.27454515 129.22560648
v 367615.61177797 5027654.27453906 127.52900648
v 367615.61177797 5027654.27453906 129.27560648
v 367615.54677797 5027654.27451576 129.27560648
v 367615.54677797 5027654.27451576 126.70560648
v 367615.54677797 5027654.27451576 125.76560648
v 367615.54677797 5027654.27451576 123.74560648
v 367615.54677797 5027654.27451576 123.16560648
v 367615.54677797 5027654.27451576 120.72560648
v 367615.61177797 5027654.27453906 120.72560648
v 367615.61177797 5027654.27453906 120.87560648
v 367615.62877797 5027654.27454515 120.87560648
v 367615.62877797 5027654.27454515 123.14060648
v 367615.61177797 5027654.27453906 121.60040648
v 367615.61177797 5027654.27453906 123.16560648
v 367615.61177797 5027654.27453906 123.19060648
v 367615.54596738 5027656.62616939 123.14056030
v 367615.54563938 5027657.54116933 123.14056030
v 367615.54563938 5027657.54116933 120.72556030
v 367615.54562146 5027657.59116933 120.72556030
v 367615.54562146 5027657.59116933 123.14056030
v 367615.54542609 5027658.13616929 123.14056030
v 367615.54542609 5027658.13616929 120.72556030
v 367615.54540817 5027658.18616929 120.72556030
v 367615.54540817 5027658.18616929 123.14056030
v 367615.54499593 5027659.33616922 123.14056030
v 367615.54499593 5027659.33616922 120.72556030
v 367615.54497801 5027659.38616921 120.72556030
v 367615.54497801 5027659.38616921 123.14056030
v 367615.54478264 5027659.93116918 123.14056030
v 367615.54478264 5027659.93116918 120.72556030
v 367615.54476472 5027659.98116918 120.72556030
v 367615.54476472 5027659.98116918 123.16556030
v 367615.54476472 5027659.98116918 123.74556030
v 367615.54476472 5027659.98116918 125.70056030
v 367615.54478264 5027659.93116918 125.70056030
v 367615.54497801 5027659.38616921 125.70056030
v 367615.54499593 5027659.33616922 125.70056030
v 367615.54539562 5027658.22116929 125.70056030
v 367615.54539562 5027658.22116929 125.65056030
v 367615.54499593 5027659.33616922 125.65056030
v 367615.54499593 5027659.33616922 123.77056030
v 367615.54540817 5027658.18616929 123.77056030
v 367615.54540817 5027658.18616929 125.76556030
v 367615.54539562 5027658.22116929 125.76556030
v 367615.54539562 5027658.22116929 126.70556030
v 367615.54539562 5027658.22116929 129.27556030
v 367615.54540817 5027658.18616929 129.27556030
v 367615.54541354 5027658.17116929 129.27556030
v 367615.54542609 5027658.13616929 129.27556030
v 367615.54562146 5027657.59116933 129.27556030
v 367615.54563938 5027657.54116933 129.27556030
v 367615.54596738 5027656.62616939 129.27556030
v 367615.54598530 5027656.57616939 129.27556030
v 367615.54612689 5027656.18116942 129.27556030
v 367615.54632764 5027655.62116946 129.27556030
v 367615.54632764 5027655.62116946 129.22556030
v 367615.54612689 5027656.18116942 129.22556030
v 367615.54598530 5027656.57616939 129.22556030
v 367615.54598530 5027656.57616939 126.73056030
v 367615.54612689 5027656.18116942 126.73056030
v 367615.54632764 5027655.62116946 126.73056030
v 367615.54632764 5027655.62116946 126.68056030
v 367615.54612689 5027656.18116942 126.68056030
v 367615.54598530 5027656.57616939 126.68056030
v 367615.54598530 5027656.57616939 125.79056030
v 367615.54612689 5027656.18116942 125.79056030
v 367615.54632764 5027655.62116946 125.79056030
v 367615.54632764 5027655.62116946 125.74056030
v 367615.54612689 5027656.18116942 125.74056030
v 367615.54598530 5027656.57616939 125.74056030
v 367615.54598530 5027656.57616939 123.77056030
v 367615.54612689 5027656.18116942 123.77056030
v 367615.54632764 5027655.62116946 123.77056030
v 367615.54632764 5027655.62116946 123.72056030
v 367615.54612689 5027656.18116942 123.72056030
v 367615.54598530 5027656.57616939 123.72056030
v 367615.54598530 5027656.57616939 123.19056030
v 367615.54612689 5027656.18116942 123.19056030
v 367615.54631867 5027655.64616945 123.19056030
v 367615.54633660 5027655.59616946 123.19056030
v 367615.54633660 5027655.59616946 120.72556030
v 367615.54631867 5027655.64616945 120.72556030
v 367615.54631867 5027655.64616945 123.14056030
v 367615.54612689 5027656.18116942 123.14056030
v 367615.54598530 5027656.57616939 123.14056030
v 367615.54598530 5027656.57616939 120.72556030
v 367615.54596738 5027656.62616939 120.72556030
v 367577.32082572 5027647.65753589 123.42562675
v 367577.32127126 5027646.41463597 123.42562675
v 367577.32127126 5027646.41463597 120.87562675
v 367577.32127126 5027646.41463597 120.72562675
v 367577.32082572 5027647.65753589 120.72562675
v 367577.32082572 5027647.65753589 120.87562675
v 367577.34903779 5027646.41466096 123.77555835
v 367577.34859229 5027647.65746088 123.77555835
v 367577.34859229 5027647.65746088 123.72555835
v 367577.34857437 5027647.70746087 123.72555835
v 367577.34857437 5027647.70746087 123.77555835
v 367577.34814062 5027648.91746080 123.77555835
v 367577.34814062 5027648.91746080 123.72555835
v 367577.34812270 5027648.96746079 123.72555835
v 367577.34812270 5027648.96746079 123.77555835
v 367577.34768895 5027650.17746072 123.77555835
v 367577.34768895 5027650.17746072 123.72555835
v 367577.34767103 5027650.22746071 123.72555835
v 367577.34767103 5027650.22746071 123.77555835
v 367577.34747208 5027650.78246068 123.77555835
v 367577.34723549 5027651.44246063 123.77555835
v 367577.34723549 5027651.44246063 123.72555835
v 367577.34721757 5027651.49246063 123.72555835
v 367577.34721757 5027651.49246063 123.45055835
v 367577.34721757 5027651.49246063 120.72555835
v 367577.34723549 5027651.44246063 120.72555835
v 367577.34747208 5027650.78246068 120.72555835
v 367577.34767103 5027650.22746071 120.72555835
v 367577.34768895 5027650.17746072 120.72555835
v 367577.34812270 5027648.96746079 120.72555835
v 367577.34814062 5027648.91746080 120.72555835
v 367577.34857437 5027647.70746087 120.72555835
v 367577.34859229 5027647.65746088 120.72555835
v 367577.34903779 5027646.41466096 120.72555835
v 367577.34905572 5027646.36466096 120.72555835
v 367577.34905572 5027646.36466096 123.45055835
v 367577.34905572 5027646.36466096 123.72555835
v 367577.34903779 5027646.41466096 123.72555835
v 367577.26975430 5027646.41466319 120.72557853
v 367577.26975430 5027646.41466319 123.42557853
v 367577.26930879 5027647.65746311 123.42557853
v 367577.26930879 5027647.65746311 120.72557853
v 367577.26929087 5027647.70746311 120.72557853
v 367577.26929087 5027647.70746311 123.42557853
v 367577.26885712 5027648.91746303 123.42557853
v 367577.26885712 5027648.91746303 120.72557853
v 367577.26883920 5027648.96746302 120.72557853
v 367577.26883920 5027648.96746302 123.42557853
v 367577.26840546 5027650.17746295 123.42557853
v 367577.26840546 5027650.17746295 120.72557853
v 367577.26838753 5027650.22746294 120.72557853
v 367577.26838753 5027650.22746294 123.42557853
v 367577.26818858 5027650.78246291 123.42557853
v 367577.26795200 5027651.44246287 123.42557853
v 367577.26795200 5027651.44246287 120.72557853
v 367577.26793407 5027651.49246286 120.72557853
v 367577.26793407 5027651.49246286 123.45057853
v 367577.26793407 5027651.49246286 123.72557853
v 367577.26795200 5027651.44246287 123.72557853
v 367577.26795200 5027651.44246287 123.47557853
v 367577.26818858 5027650.78246291 123.47557853
v 367577.26838753 5027650.22746294 123.47557853
v 367577.26838753 5027650.22746294 123.72557853
v 367577.26840546 5027650.17746295 123.72557853
v 367577.26840546 5027650.17746295 123.47557853
v 367577.26883920 5027648.96746302 123.47557853
v 367577.26883920 5027648.96746302 123.72557853
v 367577.26885712 5027648.91746303 123.72557853
v 367577.26885712 5027648.91746303 123.47557853
v 367577.26929087 5027647.70746311 123.47557853
v 367577.26929087 5027647.70746311 123.72557853
v 367577.26930879 5027647.65746311 123.72557853
v 367577.26930879 5027647.65746311 123.47557853
v 367577.26975430 5027646.41466319 123.47557853
v 367577.26975430 5027646.41466319 123.72557853
v 367577.26977222 5027646.36466319 123.72557853
v 367577.26977222 5027646.36466319 123.45057853
v 367577.26977222 5027646.36466319 120.72557853
v 367537.04437442 5027658.10477321 123.57560969
v 367536.99437443 5027658.10475529 123.57560969
v 367536.99437443 5027658.10475529 126.41560969
v 367537.04437442 5027658.10477321 126.41560969
v 367537.22367441 5027658.10483748 126.41560969
v 367537.27367441 5027658.10485541 126.41560969
v 367538.72367432 5027658.10537518 126.41560969
v 367538.77367431 5027658.10539311 126.41560969
v 367538.77367431 5027658.10539311 125.81560969
v 367538.78297431 5027658.10539644 125.81560969
v 367538.78297431 5027658.10539644 126.41560969
v 367538.83297431 5027658.10541436 126.41560969
v 367538.83297431 5027658.10541436 125.80970969
v 367539.79997425 5027658.10576100 125.69560969
v 367540.22367422 5027658.10591288 125.69560969
v 367540.27367422 5027658.10593081 125.69560969
v 367541.72367412 5027658.10645058 125.69560969
v 367541.77367412 5027658.10646851 125.69560969
v 367543.22367403 5027658.10698828 125.69560969
v 367543.27367402 5027658.10700621 125.69560969
v 367544.73437393 5027658.10752982 125.69560969
v 367544.78437393 5027658.10754774 125.69560969
v 367544.78437393 5027658.10754774 123.57560969
v 367544.73437393 5027658.10752982 123.57560969
v 367543.27367402 5027658.10700621 123.57560969
v 367543.22367403 5027658.10698828 123.57560969
v 367541.77367412 5027658.10646851 123.57560969
v 367541.72367412 5027658.10645058 123.57560969
v 367540.27367422 5027658.10593081 123.57560969
v 367540.22367422 5027658.10591288 123.57560969
v 367538.77367431 5027658.10539311 123.57560969
v 367538.72367432 5027658.10537518 123.57560969
v 367537.27367441 5027658.10485541 123.57560969
v 367537.22367441 5027658.10483748 123.57560969
v 367537.22367441 5027658.10483748 123.62560969
v 367537.04437442 5027658.10477321 123.62560969
v 367537.27372219 5027658.12893198 123.62554557
v 367538.72372210 5027658.12945176 123.62554557
v 367538.72372210 5027658.12945176 126.41554557
v 367537.27372219 5027658.12893198 126.41554557
v 367538.72366771 5027658.18569957 123.57560475
v 367538.77366771 5027658.18571749 123.57560475
v 367540.22366761 5027658.18623727 123.57560475
v 367540.27366761 5027658.18625519 123.57560475
v 367541.72366752 5027658.18677497 123.57560475
v 367541.77366751 5027658.18679289 123.57560475
v 367543.22366742 5027658.18731267 123.57560475
v 367543.27366742 5027658.18733059 123.57560475
v 367544.73426732 5027658.18785417 123.57560475
v 367544.78426732 5027658.18787209 123.57560475
v 367544.78426732 5027658.18787209 125.69560475
v 367544.73426732 5027658.18785417 125.69560475
v 367543.27366742 5027658.18733059 125.69560475
v 367543.22366742 5027658.18731267 125.69560475
v 367541.77366751 5027658.18679289 125.69560475
v 367541.72366752 5027658.18677497 125.69560475
v 367540.27366761 5027658.18625519 125.69560475
v 367540.22366761 5027658.18623727 125.69560475
v 367538.83286770 5027658.18573871 125.69560475
v 367538.83286770 5027658.18573871 126.41560475
v 367538.78286771 5027658.18572079 126.41560475
v 367538.78286771 5027658.18572079 125.64560475
v 367538.83286770 5027658.18573871 125.64560475
v 367540.22366761 5027658.18623727 125.64560475
v 367540.22366761 5027658.18623727 123.62560475
v 367538.77366771 5027658.18571749 123.62560475
v 367538.77366771 5027658.18571749 126.41560475
v 367538.72366771 5027658.18569957 126.41560475
v 367538.72366771 5027658.18569957 123.62560475
v 367537.27366780 5027658.18517979 123.62560475
v 367537.27366780 5027658.18517979 126.41560475
v 367537.22366781 5027658.18516187 126.41560475
v 367537.22366781 5027658.18516187 123.57560475
v 367537.27366780 5027658.18517979 123.57560475
v 367536.93122030 5027658.12639627 123.57557812
v 367536.93120237 5027658.17639627 123.57557812
v 367536.93068977 5027659.60639617 123.57557812
v 367536.93067184 5027659.65639617 123.57557812
v 367536.93030800 5027660.67139611 123.57557812
v 367536.93029008 5027660.72139610 123.57557812
v 367536.92990472 5027661.79639603 123.57557812
v 367536.92988680 5027661.84639603 123.57557812
v 367536.92949966 5027662.92639596 123.57557812
v 367536.92948173 5027662.97639596 123.57557812
v 367536.92909817 5027664.04639589 123.57557812
v 367536.92908025 5027664.09639589 123.57557812
v 367536.92869246 5027665.17819582 123.57557812
v 367536.92867454 5027665.22819581 123.57557812
v 367536.92831550 5027666.22979575 123.57557812
v 367536.92826173 5027666.37979574 123.57557812
v 367536.92826173 5027666.37979574 126.42557812
v 367536.92831550 5027666.22979575 126.42557812
v 367536.92867454 5027665.22819581 126.42557812
v 367536.92869246 5027665.17819582 126.42557812
v 367536.92908025 5027664.09639589 126.42557812
v 367536.92909817 5027664.04639589 126.42557812
v 367536.92948173 5027662.97639596 126.42557812
v 367536.92949966 5027662.92639596 126.42557812
v 367536.92988680 5027661.84639603 126.42557812
v 367536.92990472 5027661.79639603 126.42557812
v 367536.93029008 5027660.72139610 126.42557812
v 367536.93030800 5027660.67139611 126.42557812
v 367536.93067184 5027659.65639617 126.42557812
v 367536.93068977 5027659.60639617 126.42557812
v 367536.93120237 5027658.17639627 126.42557812
v 367536.93122030 5027658.12639627 126.42557812
v 367536.93122030 5027658.12639627 126.37557812
v 367536.93122166 5027658.12259627 126.37557812
v 367536.93122166 5027658.12259627 123.57557812
v 367536.95581988 5027658.12253041 126.37554814
v 367536.95581852 5027658.12633041 126.37554814
v 367536.95581852 5027658.12633041 126.42554814
v 367536.95580060 5027658.17633041 126.42554814
v 367536.95528799 5027659.60633032 126.42554814
v 367536.95528799 5027659.60633032 123.62554814
v 367536.95580060 5027658.17633041 123.62554814
v 367536.95580060 5027658.17633041 123.57554814
v 367536.95581852 5027658.12633041 123.57554814
v 367536.95581988 5027658.12253041 123.57554814
v 367537.01098899 5027659.65638069 126.42560156
v 367537.01098899 5027659.65638069 123.62560156
v 367537.01062515 5027660.67138062 123.62560156
v 367537.01062515 5027660.67138062 126.42560156
v 367537.01060723 5027660.72138062 126.42560156
v 367537.01022187 5027661.79638055 126.42560156
v 367537.01020395 5027661.84638055 126.42560156
v 367537.00981681 5027662.92638048 126.42560156
v 367537.00979888 5027662.97638047 126.42560156
v 367537.00941532 5027664.04638041 126.42560156
v 367537.00939740 5027664.09638040 126.42560156
v 367537.00900961 5027665.17818033 126.42560156
v 367537.00899169 5027665.22818033 126.42560156
v 367537.00863265 5027666.22978027 126.42560156
v 367537.00863265 5027666.22978027 126.37560156
v 367537.00899169 5027665.22818033 126.37560156
v 367537.00899169 5027665.22818033 123.62560156
v 367537.00863265 5027666.22978027 123.62560156
v 367537.00863265 5027666.22978027 123.57560156
v 367537.00899169 5027665.22818033 123.57560156
v 367537.00900961 5027665.17818033 123.57560156
v 367537.00939740 5027664.09638040 123.57560156
v 367537.00941532 5027664.04638041 123.57560156
v 367537.00979888 5027662.97638047 123.57560156
v 367537.00981681 5027662.92638048 123.57560156
v 367537.01020395 5027661.84638055 123.57560156
v 367537.01022187 5027661.79638055 123.57560156
v 367537.01060723 5027660.72138062 123.57560156
v 367537.01062515 5027660.67138062 123.57560156
v 367537.01098899 5027659.65638069 123.57560156
v 367537.01100692 5027659.60638069 123.57560156
v 367537.01151953 5027658.17638078 123.57560156
v 367537.01151953 5027658.17638078 123.62560156
v 367537.01100692 5027659.60638069 123.62560156
v 367537.01100692 5027659.60638069 126.42560156
v 367559.29438668 5027641.39318454 126.37554747
v 367559.29397623 5027642.53818447 126.37554747
v 367559.29397623 5027642.53818447 123.87554747
v 367559.29397623 5027642.53818447 123.57554747
v 367559.29397623 5027642.53818447 121.02554747
v 367559.29397623 5027642.53818447 120.72554747
v 367559.29438668 5027641.39318454 120.72554747
v 367559.29438668 5027641.39318454 121.02554747
v 367559.29438668 5027641.39318454 123.57554747
v 367559.29438668 5027641.39318454 123.87554747
v 367559.26593352 5027639.43818128 120.72560049
v 367559.26567901 5027640.14818123 120.72560049
v 367559.26566109 5027640.19818123 120.72560049
v 367559.26525064 5027641.34318116 120.72560049
v 367559.26523272 5027641.39318115 120.72560049
v 367559.26482227 5027642.53818108 120.72560049
v 367559.26480435 5027642.58818108 120.72560049
v 367559.26439211 5027643.73818100 120.72560049
v 367559.26437419 5027643.78818100 120.72560049
v 367559.26437419 5027643.78818100 120.77560049
v 367559.26432580 5027643.92318099 120.77560049
v 367559.26432580 5027643.92318099 120.72560049
v 367559.26430787 5027643.97318099 120.72560049
v 367559.26396195 5027644.93818093 120.72560049
v 367559.26394403 5027644.98818092 120.72560049
v 367559.26365547 5027645.79318087 120.72560049
v 367559.26363754 5027645.84318087 120.72560049
v 367559.26363754 5027645.84318087 121.53890049
v 367559.26363754 5027645.84318087 122.13890049
v 367559.26363754 5027645.84318087 123.16560049
v 367559.26363754 5027645.84318087 123.72560049
v 367559.26363754 5027645.84318087 126.42560049
v 367559.26365547 5027645.79318087 126.42560049
v 367559.26394403 5027644.98818092 126.42560049
v 367559.26396195 5027644.93818093 126.42560049
v 367559.26431684 5027643.94818099 126.42560049
v 367559.26431684 5027643.94818099 126.37560049
v 367559.26437419 5027643.78818100 126.37560049
v 367559.26437419 5027643.78818100 126.42560049
v 367559.26439211 5027643.73818100 126.42560049
v 367559.26480435 5027642.58818108 126.42560049
v 367559.26482227 5027642.53818108 126.42560049
v 367559.26523272 5027641.39318115 126.42560049
v 367559.26525064 5027641.34318116 126.42560049
v 367559.26566109 5027640.19818123 126.42560049
v 367559.26567901 5027640.14818123 126.42560049
v 367559.26593352 5027639.43818128 126.42560049
v 367559.26595144 5027639.38818128 126.42560049
v 367559.26595144 5027639.38818128 123.72560049
v 367559.26595144 5027639.38818128 123.16560049
v 367559.26595144 5027639.38818128 122.13890049
v 367559.26595144 5027639.38818128 121.53890049
v 367559.26595144 5027639.38818128 120.72560049
v 367559.23959290 5027639.38901932 120.72563772
v 367559.23959290 5027639.38901932 121.53893772
v 367559.23959290 5027639.38901932 122.13893772
v 367559.23959290 5027639.38901932 123.16563772
v 367559.23959290 5027639.38901932 123.72563772
v 367559.23959290 5027639.38901932 126.42563772
v 367559.38959289 5027639.38907309 126.42563772
v 367559.38959289 5027639.38907309 123.72563772
v 367559.38959289 5027639.38907309 123.16563772
v 367559.38959289 5027639.38907309 122.13893772
v 367559.38959289 5027639.38907309 121.53893772
v 367559.38959289 5027639.38907309 120.72563772
v 367559.33959290 5027639.38905516 120.72563772
v 367559.28959290 5027639.38903724 120.72563772
v 367559.23842324 5027642.54398430 120.72560157
v 367559.23842324 5027642.54398430 121.53890157
v 367559.23842324 5027642.54398430 122.13890157
v 367559.23842324 5027642.54398430 123.16560157
v 367559.23842324 5027642.54398430 123.72560157
v 367559.23842324 5027642.54398430 126.42560157
v 367559.38842323 5027642.54403807 126.42560157
v 367559.38842323 5027642.54403807 123.72560157
v 367559.38842323 5027642.54403807 123.16560157
v 367559.38842323 5027642.54403807 122.13890157
v 367559.38842323 5027642.54403807 121.53890157
v 367559.38842323 5027642.54403807 120.72560157
v 367559.33842324 5027642.54402015 120.72560157
v 367559.28842324 5027642.54400223 120.72560157
v 367559.38804419 5027643.78419291 120.72561007
v 367559.38804419 5027643.78419291 121.53891007
v 367559.38804419 5027643.78419291 122.13891007
v 367559.38804419 5027643.78419291 123.16561007
v 367559.38804419 5027643.78419291 123.72561007
v 367559.38804419 5027643.78419291 126.42561007
v 367559.23804420 5027643.78413914 126.42561007
v 367559.23804420 5027643.78413914 123.72561007
v 367559.23804420 5027643.78413914 123.16561007
v 367559.23804420 5027643.78413914 122.13891007
v 367559.23804420 5027643.78413914 121.53891007
v 367559.23804420 5027643.78413914 120.72561007
v 367559.38891102 5027641.34736639 122.13894521
v 367559.38891102 5027641.34736639 121.53894521
v 367559.38891102 5027641.34736639 120.72554521
v 367559.33891102 5027641.34734847 120.72554521
v 367559.28891102 5027641.34733055 120.72554521
v 367559.23891103 5027641.34731262 120.72554521
v 367559.23891103 5027641.34731262 121.53894521
v 367559.23891103 5027641.34731262 122.13894521
v 367559.23891103 5027641.34731262 123.16554521
v 367559.23891103 5027641.34731262 123.72554521
v 367559.23891103 5027641.34731262 126.42554521
v 367559.38891102 5027641.34736639 126.42554521
v 367559.38891102 5027641.34736639 123.72554521
v 367559.38891102 5027641.34736639 123.16554521
v 367559.38760371 5027644.93821066 123.16558945
v 367559.38760371 5027644.93821066 122.13888945
v 367559.38760371 5027644.93821066 121.53888945
v 367559.38760371 5027644.93821066 120.72558945
v 367559.23760372 5027644.93815689 120.72558945
v 367559.23760372 5027644.93815689 121.53888945
v 367559.23760372 5027644.93815689 122.13888945
v 367559.23760372 5027644.93815689 123.16558945
v 367559.23760372 5027644.93815689 123.72558945
v 367559.23760372 5027644.93815689 126.42558945
v 367559.38760371 5027644.93821066 126.42558945
v 367559.38760371 5027644.93821066 123.72558945
v 367559.38890849 5027641.39122887 123.16560981
v 367559.38890849 5027641.39122887 123.72560981
v 367559.38890849 5027641.39122887 126.42560981
v 367559.23890849 5027641.39117510 126.42560981
v 367559.23890849 5027641.39117510 123.72560981
v 367559.23890849 5027641.39117510 123.16560981
v 367559.23890849 5027641.39117510 122.13890981
v 367559.23890849 5027641.39117510 121.53890981
v 367559.23890849 5027641.39117510 120.72560981
v 367559.38890849 5027641.39122887 120.72560981
v 367559.38890849 5027641.39122887 121.53890981
v 367559.38890849 5027641.39122887 122.13890981
v 367559.38756657 5027644.98480466 123.16557528
v 367559.38756657 5027644.98480466 123.72557528
v 367559.38756657 5027644.98480466 126.42557528
v 367559.23756658 5027644.98475089 126.42557528
v 367559.23756658 5027644.98475089 123.72557528
v 367559.23756658 5027644.98475089 123.16557528
v 367559.23756658 5027644.98475089 122.13887528
v 367559.23756658 5027644.98475089 121.53887528
v 367559.23756658 5027644.98475089 120.72557528
v 367559.38756657 5027644.98480466 120.72557528
v 367559.38756657 5027644.98480466 121.53887528
v 367559.38756657 5027644.98480466 122.13887528
v 367559.38846828 5027642.58675359 120.72557928
v 367559.38846828 5027642.58675359 121.53887928
v 367559.38846828 5027642.58675359 122.13887928
v 367559.38846828 5027642.58675359 123.16557928
v 367559.38846828 5027642.58675359 123.72557928
v 367559.38846828 5027642.58675359 126.42557928
v 367559.23846829 5027642.58669982 126.42557928
v 367559.23846829 5027642.58669982 123.72557928
v 367559.23846829 5027642.58669982 123.16557928
v 367559.23846829 5027642.58669982 122.13887928
v 367559.23846829 5027642.58669982 121.53887928
v 367559.23846829 5027642.58669982 120.72557928
v 367559.38732110 5027645.83677747 120.72558117
v 367559.38732110 5027645.83677747 121.53888117
v 367559.38732110 5027645.83677747 122.13888117
v 367559.38732110 5027645.83677747 123.16558117
v 367559.38732110 5027645.83677747 123.72558117
v 367559.38732110 5027645.83677747 126.42558117
v 367559.23732111 5027645.83672370 126.42558117
v 367559.23732111 5027645.83672370 123.72558117
v 367559.23732111 5027645.83672370 123.16558117
v 367559.23732111 5027645.83672370 122.13888117
v 367559.23732111 5027645.83672370 121.53888117
v 367559.23732111 5027645.83672370 120.72558117
v 367559.38729722 5027645.79321058 123.16558945
v 367559.38729722 5027645.79321058 122.13888945
v 367559.38729722 5027645.79321058 121.53888945
v 367559.38729722 5027645.79321058 120.72558945
v 367559.23729723 5027645.79315681 120.72558945
v 367559.23729723 5027645.79315681 121.53888945
v 367559.23729723 5027645.79315681 122.13888945
v 367559.23729723 5027645.79315681 123.16558945
v 367559.23729723 5027645.79315681 123.72558945
v 367559.23729723 5027645.79315681 126.42558945
v 367559.38729722 5027645.79321058 126.42558945
v 367559.38729722 5027645.79321058 123.72558945
v 367559.38930166 5027640.15355081 126.42557755
v 367559.38930166 5027640.15355081 123.72557755
v 367559.38930166 5027640.15355081 123.16557755
v 367559.38930166 5027640.15355081 122.13887755
v 367559.38930166 5027640.15355081 121.53887755
v 367559.38930166 5027640.15355081 120.72557755
v 367559.33930167 5027640.15353289 120.72557755
v 367559.28930167 5027640.15351496 120.72557755
v 367559.23930167 5027640.15349704 120.72557755
v 367559.23930167 5027640.15349704 121.53887755
v 367559.23930167 5027640.15349704 122.13887755
v 367559.23930167 5027640.15349704 123.16557755
v 367559.23930167 5027640.15349704 123.72557755
v 367559.23930167 5027640.15349704 126.42557755
v 367559.38930018 5027640.19282742 120.72560864
v 367559.38930018 5027640.19282742 121.53890864
v 367559.38930018 5027640.19282742 122.13890864
v 367559.38930018 5027640.19282742 123.16560864
v 367559.38930018 5027640.19282742 123.72560864
v 367559.38930018 5027640.19282742 126.42560864
v 367559.23930019 5027640.19277365 126.42560864
v 367559.23930019 5027640.19277365 123.72560864
v 367559.23930019 5027640.19277365 123.16560864
v 367559.23930019 5027640.19277365 122.13890864
v 367559.23930019 5027640.19277365 121.53890864
v 367559.23930019 5027640.19277365 120.72560864
v 367559.38803958 5027643.74144471 122.13897062
v 367559.38803958 5027643.74144471 121.53897062
v 367559.38803958 5027643.74144471 120.72557062
v 367559.23803959 5027643.74139094 120.72557062
v 367559.23803959 5027643.74139094 121.53897062
v 367559.23803959 5027643.74139094 122.13897062
v 367559.23803959 5027643.74139094 123.16557062
v 367559.23803959 5027643.74139094 123.72557062
v 367559.23803959 5027643.74139094 126.42557062
v 367559.38803958 5027643.74144471 126.42557062
v 367559.38803958 5027643.74144471 123.72557062
v 367559.38803958 5027643.74144471 123.16557062
v 367559.38957528 5027639.43821101 122.13888945
v 367559.38957528 5027639.43821101 123.16558945
v 367559.38957528 5027639.43821101 123.72558945
v 367559.38957528 5027639.43821101 126.42558945
v 367559.23957529 5027639.43815724 126.42558945
v 367559.23957529 5027639.43815724 123.72558945
v 367559.23957529 5027639.43815724 123.16558945
v 367559.23957529 5027639.43815724 122.13888945
v 367559.23957529 5027639.43815724 121.53888945
v 367559.23957529 5027639.43815724 120.72558945
v 367559.38957528 5027639.43821101 120.72558945
v 367559.38957528 5027639.43821101 121.53888945
v 367559.38261079 5027639.43823178 123.72555723
v 367559.38261079 5027639.43823178 123.16555723
v 367559.38261079 5027639.43823178 122.13895723
v 367559.38261079 5027639.43823178 121.53895723
v 367559.38261079 5027639.43823178 120.72555723
v 367559.38262871 5027639.38823178 120.72555723
v 367559.38262871 5027639.38823178 121.53895723
v 367559.38262871 5027639.38823178 122.13895723
v 367559.38262871 5027639.38823178 123.16555723
v 367559.38262871 5027639.38823178 123.72555723
v 367559.38262871 5027639.38823178 126.42555723
v 367559.38261079 5027639.43823178 126.42555723
v 367559.38235628 5027640.14823173 126.42555723
v 367559.38233835 5027640.19823173 126.42555723
v 367559.38192791 5027641.34323165 126.42555723
v 367559.38190999 5027641.39323165 126.42555723
v 367559.38149954 5027642.53823158 126.42555723
v 367559.38148162 5027642.58823157 126.42555723
v 367559.38106938 5027643.73823150 126.42555723
v 367559.38105146 5027643.78823150 126.42555723
v 367559.38105146 5027643.78823150 123.72555723
v 367559.38105146 5027643.78823150 123.16555723
v 367559.38105146 5027643.78823150 122.13895723
v 367559.38105146 5027643.78823150 121.53895723
v 367559.38105146 5027643.78823150 120.72555723
v 367559.38106938 5027643.73823150 120.72555723
v 367559.38106938 5027643.73823150 121.51395723
v 367559.38148162 5027642.58823157 121.51395723
v 367559.38148162 5027642.58823157 120.72555723
v 367559.38149954 5027642.53823158 120.72555723
v 367559.38149954 5027642.53823158 121.53895723
v 367559.38149954 5027642.53823158 122.13895723
v 367559.38149954 5027642.53823158 123.16555723
v 367559.38149954 5027642.53823158 123.72555723
v 367559.38149954 5027642.53823158 126.37555723
v 367559.38190999 5027641.39323165 126.37555723
v 367559.38190999 5027641.39323165 123.72555723
v 367559.38190999 5027641.39323165 123.16555723
v 367559.38190999 5027641.39323165 122.13895723
v 367559.38190999 5027641.39323165 121.53895723
v 367559.38190999 5027641.39323165 120.72555723
v 367559.38192791 5027641.34323165 120.72555723
v 367559.38192791 5027641.34323165 121.51395723
v 367559.38233835 5027640.19823173 121.51395723
v 367559.38233835 5027640.19823173 120.72555723
v 367559.38235628 5027640.14823173 120.72555723
v 367559.38235628 5027640.14823173 121.53895723
v 367559.38235628 5027640.14823173 122.13895723
v 367559.38235628 5027640.14823173 123.16555723
v 367559.38235628 5027640.14823173 123.72555723
v 367559.38235628 5027640.14823173 126.37555723
v 367559.38261079 5027639.43823178 126.37555723
v 367560.58475935 5027639.03413942 126.37558945
v 367561.68475928 5027639.03453373 126.37558945
v 367561.68475928 5027639.03453373 125.47558945
v 367560.58475935 5027639.03413942 125.47558945
v 367559.43466456 5027639.05622940 126.42558945
v 367559.43466456 5027639.05622940 125.42558945
v 367559.48466456 5027639.05624732 125.42558945
v 367560.53466449 5027639.05662371 125.42558945
v 367560.58466449 5027639.05664163 125.42558945
v 367561.68466442 5027639.05703595 125.42558945
v 367561.73466442 5027639.05705387 125.42558945
v 367562.83466435 5027639.05744818 125.42558945
v 367562.88466434 5027639.05746611 125.42558945
v 367563.98466427 5027639.05786042 125.42558945
v 367564.03466427 5027639.05787834 125.42558945
v 367565.13466420 5027639.05827266 125.42558945
v 367565.18466420 5027639.05829058 125.42558945
v 367566.28466412 5027639.05868489 125.42558945
v 367566.33466412 5027639.05870282 125.42558945
v 367567.43466405 5027639.05909713 125.42558945
v 367567.48466405 5027639.05911505 125.42558945
v 367568.01526401 5027639.05930525 125.42558945
v 367568.06526401 5027639.05932318 125.42558945
v 367568.06526401 5027639.05932318 126.42558945
v 367568.01526401 5027639.05930525 126.42558945
v 367567.48466405 5027639.05911505 126.42558945
v 367567.43466405 5027639.05909713 126.42558945
v 367566.33466412 5027639.05870282 126.42558945
v 367566.28466412 5027639.05868489 126.42558945
v 367565.18466420 5027639.05829058 126.42558945
v 367565.13466420 5027639.05827266 126.42558945
v 367564.03466427 5027639.05787834 126.42558945
v 367563.98466427 5027639.05786042 126.42558945
v 367562.88466434 5027639.05746611 126.42558945
v 367562.83466435 5027639.05744818 126.42558945
v 367561.73466442 5027639.05705387 126.42558945
v 367561.68466442 5027639.05703595 126.42558945
v 367560.58466449 5027639.05664163 126.42558945
v 367560.53466449 5027639.05662371 126.42558945
v 367559.48466456 5027639.05624732 126.42558945
v 367559.48471770 5027638.97674509 126.42558945
v 367560.53471763 5027638.97712148 126.42558945
v 367560.58471763 5027638.97713940 126.42558945
v 367561.68471756 5027638.97753371 126.42558945
v 367561.73471755 5027638.97755164 126.42558945
v 367562.83471748 5027638.97794595 126.42558945
v 367562.88471748 5027638.97796387 126.42558945
v 367563.98471741 5027638.97835819 126.42558945
v 367564.03471741 5027638.97837611 126.42558945
v 367565.13471734 5027638.97877042 126.42558945
v 367565.18471733 5027638.97878835 126.42558945
v 367566.28471726 5027638.97918266 126.42558945
v 367566.33471726 5027638.97920058 126.42558945
v 367567.43471719 5027638.97959490 126.42558945
v 367567.48471719 5027638.97961282 126.42558945
v 367568.01521715 5027638.97980299 126.42558945
v 367568.06521715 5027638.97982091 126.42558945
v 367568.06521715 5027638.97982091 125.42558945
v 367568.01521715 5027638.97980299 125.42558945
v 367567.48471719 5027638.97961282 125.42558945
v 367567.43471719 5027638.97959490 125.42558945
v 367566.33471726 5027638.97920058 125.42558945
v 367566.28471726 5027638.97918266 125.42558945
v 367565.18471733 5027638.97878835 125.42558945
v 367565.13471734 5027638.97877042 125.42558945
v 367564.03471741 5027638.97837611 125.42558945
v 367563.98471741 5027638.97835819 125.42558945
v 367562.88471748 5027638.97796387 125.42558945
v 367562.83471748 5027638.97794595 125.42558945
v 367561.73471755 5027638.97755164 125.42558945
v 367561.68471756 5027638.97753371 125.42558945
v 367560.58471763 5027638.97713940 125.42558945
v 367560.53471763 5027638.97712148 125.42558945
v 367559.48471770 5027638.97674509 125.42558945
v 367559.43471770 5027638.97672716 125.42558945
v 367559.43471770 5027638.97672716 126.42558945
v 367559.43219992 5027646.07616439 125.42558945
v 367559.43219992 5027646.07616439 126.42558945
v 367559.48219991 5027646.07618231 126.42558945
v 367560.58219984 5027646.07657663 126.42558945
v 367560.63219984 5027646.07659455 126.42558945
v 367561.73219977 5027646.07698886 126.42558945
v 367561.78219977 5027646.07700679 126.42558945
v 367562.88219970 5027646.07740110 126.42558945
v 367562.93219969 5027646.07741902 126.42558945
v 367564.03219962 5027646.07781334 126.42558945
v 367564.08219962 5027646.07783126 126.42558945
v 367565.18219955 5027646.07822557 126.42558945
v 367565.23219954 5027646.07824349 126.42558945
v 367566.33219947 5027646.07863781 126.42558945
v 367566.38219947 5027646.07865573 126.42558945
v 367567.48219940 5027646.07905004 126.42558945
v 367567.53219940 5027646.07906797 126.42558945
v 367568.01259937 5027646.07924017 126.42558945
v 367568.06259936 5027646.07925810 126.42558945
v 367568.06259936 5027646.07925810 125.42558945
v 367568.01259937 5027646.07924017 125.42558945
v 367567.53219940 5027646.07906797 125.42558945
v 367567.48219940 5027646.07905004 125.42558945
v 367566.38219947 5027646.07865573 125.42558945
v 367566.33219947 5027646.07863781 125.42558945
v 367565.23219954 5027646.07824349 125.42558945
v 367565.18219955 5027646.07822557 125.42558945
v 367564.08219962 5027646.07783126 125.42558945
v 367564.03219962 5027646.07781334 125.42558945
v 367562.93219969 5027646.07741902 125.42558945
v 367562.88219970 5027646.07740110 125.42558945
v 367561.78219977 5027646.07700679 125.42558945
v 367561.73219977 5027646.07698886 125.42558945
v 367560.63219984 5027646.07659455 125.42558945
v 367560.58219984 5027646.07657663 125.42558945
v 367559.48219991 5027646.07618231 125.42558945
v 367559.48223746 5027646.09867986 125.47558945
v 367560.58223739 5027646.09907417 125.47558945
v 367560.58223739 5027646.09907417 126.37558945
v 367559.48223746 5027646.09867986 126.37558945
v 367560.63212757 5027646.15612412 125.42558945
v 367561.73212750 5027646.15651844 125.42558945
v 367561.78212749 5027646.15653636 125.42558945
v 367562.88212742 5027646.15693067 125.42558945
v 367562.93212742 5027646.15694860 125.42558945
v 367564.03212735 5027646.15734291 125.42558945
v 367564.08212735 5027646.15736083 125.42558945
v 367565.18212728 5027646.15775515 125.42558945
v 367565.23212727 5027646.15777307 125.42558945
v 367566.33212720 5027646.15816738 125.42558945
v 367566.38212720 5027646.15818531 125.42558945
v 367567.48212713 5027646.15857962 125.42558945
v 367567.53212712 5027646.15859754 125.42558945
v 367568.01252709 5027646.15876975 125.42558945
v 367568.06252709 5027646.15878767 125.42558945
v 367568.06252709 5027646.15878767 126.42558945
v 367568.01252709 5027646.15876975 126.42558945
v 367567.53212712 5027646.15859754 126.42558945
v 367567.48212713 5027646.15857962 126.42558945
v 367566.38212720 5027646.15818531 126.42558945
v 367566.33212720 5027646.15816738 126.42558945
v 367565.23212727 5027646.15777307 126.42558945
v 367565.18212728 5027646.15775515 126.42558945
v 367564.08212735 5027646.15736083 126.42558945
v 367564.03212735 5027646.15734291 126.42558945
v 367562.93212742 5027646.15694860 126.42558945
v 367562.88212742 5027646.15693067 126.42558945
v 367561.78212749 5027646.15653636 126.42558945
v 367561.73212750 5027646.15651844 126.42558945
v 367560.63212757 5027646.15612412 126.42558945
v 367560.58212757 5027646.15610620 126.42558945
v 367559.48212764 5027646.15571189 126.42558945
v 367559.43212764 5027646.15569396 126.42558945
v 367559.43212764 5027646.15569396 125.42558945
v 367559.48212764 5027646.15571189 125.42558945
v 367560.58212757 5027646.15610620 125.42558945
v 367568.61243268 5027642.54775634 137.73057101
v 367568.61243268 5027642.54775634 135.02557101
v 367568.61284491 5027641.39775641 135.02557101
v 367568.61284491 5027641.39775641 137.73057101
v 367568.58533823 5027639.36396484 135.00060036
v 367568.58533823 5027639.36396484 134.95060036
v 367568.58301092 5027645.85636442 134.95060036
v 367568.58301092 5027645.85636442 134.97560036
v 367568.58301092 5027645.85636442 135.00060036
v 367568.58301092 5027645.85636442 135.84060036
v 367568.58301092 5027645.85636442 136.45560036
v 367568.58301092 5027645.85636442 137.75560036
v 367568.58301092 5027645.85636442 138.40230036
v 367568.58302884 5027645.80636443 138.40230036
v 367568.58302884 5027645.80636443 138.42730036
v 367568.58332052 5027644.99266448 138.42730036
v 367568.58332052 5027644.99266448 138.42560036
v 367568.58332052 5027644.99266448 138.40230036
v 367568.58333845 5027644.94266448 138.40230036
v 367568.58333845 5027644.94266448 138.42560036
v 367568.58333845 5027644.94266448 138.42730036
v 367568.58374889 5027643.79766456 138.42730036
v 367568.58374889 5027643.79766456 138.40230036
v 367568.58376682 5027643.74766456 138.40230036
v 367568.58376682 5027643.74766456 138.42730036
v 367568.58417905 5027642.59766463 138.42730036
v 367568.58417905 5027642.59766463 138.42560036
v 367568.58417905 5027642.59766463 138.40230036
v 367568.58419698 5027642.54766464 138.40230036
v 367568.58419698 5027642.54766464 138.42730036
v 367568.58460921 5027641.39766471 138.42730036
v 367568.58460921 5027641.39766471 138.42560036
v 367568.58460921 5027641.39766471 138.40230036
v 367568.58462714 5027641.34766471 138.40230036
v 367568.58462714 5027641.34766471 138.42560036
v 367568.58462714 5027641.34766471 138.42730036
v 367568.58503937 5027640.19766479 138.42730036
v 367568.58503937 5027640.19766479 138.42560036
v 367568.58503937 5027640.19766479 138.40230036
v 367568.58505730 5027640.14766479 138.40230036
v 367568.58505730 5027640.14766479 138.42730036
v 367568.58532030 5027639.41396484 138.42730036
v 367568.58532030 5027639.41396484 138.42560036
v 367568.58532030 5027639.41396484 138.40230036
v 367568.58533823 5027639.36396484 138.40230036
v 367568.58533823 5027639.36396484 137.75560036
v 367568.58533823 5027639.36396484 136.45560036
v 367568.58533823 5027639.36396484 135.84060036
v 367568.66135280 5027641.34777640 134.95861780
v 367568.66135280 5027641.39777640 134.95861780
v 367568.66125280 5027641.82667640 134.95861780
v 367568.66095280 5027642.59777640 134.95861780
v 367568.66065280 5027643.27227640 134.95861780
v 367568.66055280 5027643.79777640 134.95861780
v 367568.66025280 5027644.61107640 134.95861780
v 367568.65975280 5027645.85637640 134.95861780
v 367568.63475280 5027645.85637640 134.95861780
v 367568.61475280 5027645.85627640 134.95861780
v 367568.59475280 5027645.85627640 134.95861780
v 367568.56975280 5027645.85627640 134.95861780
v 367568.57205280 5027639.36397640 134.95861780
v 367568.59705280 5027639.36397640 134.95861780
v 367568.61715280 5027639.36397640 134.95861780
v 367568.63705280 5027639.36397640 134.95861780
v 367568.66205280 5027639.36407640 134.95861780
v 367568.66205280 5027639.41407640 134.95861780
v 367568.66195280 5027639.80377640 134.95861780
v 367568.66185280 5027640.19777640 134.95861780
v 367568.66205280 5027639.36407640 135.00861780
v 367568.63705280 5027639.36397640 135.00861780
v 367568.61715280 5027639.36397640 135.00861780
v 367568.59705280 5027639.36397640 135.00861780
v 367568.57205280 5027639.36397640 135.00861780
v 367568.56975280 5027645.85627640 135.00861780
v 367568.59475280 5027645.85627640 135.00861780
v 367568.61475280 5027645.85627640 135.00861780
v 367568.63475280 5027645.85637640 135.00861780
v 367568.65975280 5027645.85637640 135.00861780
v 367568.66025280 5027644.61107640 135.00861780
v 367568.66055280 5027643.79777640 135.00861780
v 367568.66065280 5027643.27227640 135.00861780
v 367568.66095280 5027642.59777640 135.00861780
v 367568.66125280 5027641.82667640 135.00861780
v 367568.66135280 5027641.39777640 135.00861780
v 367568.66135280 5027641.34777640 135.00861780
v 367568.66185280 5027640.19777640 135.00861780
v 367568.66195280 5027639.80377640 135.00861780
v 367568.66205280 5027639.41407640 135.00861780
v 367568.66180360 5027640.19771003 138.42725349
v 367568.66139136 5027641.34770996 138.42725349
v 367568.66139136 5027641.34770996 138.40225349
v 367568.66137344 5027641.39770995 138.40225349
v 367568.66137344 5027641.39770995 138.42725349
v 367568.66096120 5027642.54770988 138.42725349
v 367568.66096120 5027642.54770988 138.40225349
v 367568.66094328 5027642.59770988 138.40225349
v 367568.66094328 5027642.59770988 138.42725349
v 367568.66053104 5027643.74770980 138.42725349
v 367568.66053104 5027643.74770980 138.40225349
v 367568.66051312 5027643.79770980 138.40225349
v 367568.66051312 5027643.79770980 138.42725349
v 367568.66010267 5027644.94270973 138.42725349
v 367568.66010267 5027644.94270973 138.40225349
v 367568.66008475 5027644.99270972 138.40225349
v 367568.66008475 5027644.99270972 138.42725349
v 367568.65979310 5027645.80630967 138.42725349
v 367568.65979310 5027645.80630967 138.40225349
v 367568.65977518 5027645.85630967 138.40225349
v 367568.65977518 5027645.85630967 137.75555349
v 367568.65977518 5027645.85630967 136.45555349
v 367568.65977518 5027645.85630967 135.84055349
v 367568.65977518 5027645.85630967 135.00055349
v 367568.65977518 5027645.85630967 134.97555349
v 367568.65977518 5027645.85630967 134.95055349
v 367568.66210245 5027639.36401008 134.95055349
v 367568.66210245 5027639.36401008 134.97555349
v 367568.66210245 5027639.36401008 135.00055349
v 367568.66210245 5027639.36401008 135.84055349
v 367568.66210245 5027639.36401008 136.45555349
v 367568.66210245 5027639.36401008 137.75555349
v 367568.66210245 5027639.36401008 138.40225349
v 367568.66208453 5027639.41401008 138.40225349
v 367568.66208453 5027639.41401008 138.42725349
v 367568.66182152 5027640.14771003 138.42725349
v 367568.66182152 5027640.14771003 138.40225349
v 367568.66180360 5027640.19771003 138.40225349
v 367538.84195543 5027653.71823993 127.26557457
v 367538.84253471 5027652.10224004 127.26557457
v 367538.84253471 5027652.10224004 128.82557457
v 367538.84195543 5027653.71823993 128.82557457
v 367538.80234925 5027652.05222563 127.24058945
v 367538.80234925 5027652.05222563 125.70058945
v 367538.80233132 5027652.10222563 125.70058945
v 367538.80175204 5027653.71822553 125.70058945
v 367538.80173412 5027653.76822552 125.70058945
v 367538.80173412 5027653.76822552 127.24058945
v 367538.80173412 5027653.76822552 128.87558945
v 367538.80175204 5027653.71822553 128.87558945
v 367538.80233132 5027652.10222563 128.87558945
v 367538.80234925 5027652.05222563 128.87558945
v 367538.88198709 5027653.76825429 128.87563464
v 367538.88198709 5027653.76825429 127.24063464
v 367538.88198709 5027653.76825429 125.70063464
v 367538.88200502 5027653.71825429 125.70063464
v 367538.88258430 5027652.10225440 125.70063464
v 367538.88260222 5027652.05225440 125.70063464
v 367538.88260222 5027652.05225440 127.24063464
v 367538.88260222 5027652.05225440 128.87563464
v 367538.88258430 5027652.10225440 128.87563464
v 367538.88200502 5027653.71825429 128.87563464
v 367539.81467335 5027666.42807226 123.57558945
v 367539.86467334 5027666.42809018 123.57558945
v 367541.01467327 5027666.42850242 123.57558945
v 367541.06467327 5027666.42852034 123.57558945
v 367541.62967323 5027666.42872288 123.57558945
v 367541.67967323 5027666.42874080 123.57558945
v 367541.67967323 5027666.42874080 126.42558945
v 367541.62967323 5027666.42872288 126.42558945
v 367541.06467327 5027666.42852034 126.42558945
v 367541.01467327 5027666.42850242 126.42558945
v 367539.86467334 5027666.42809018 126.42558945
v 367539.81467335 5027666.42807226 126.42558945
v 367538.66467342 5027666.42766002 126.42558945
v 367538.61467342 5027666.42764210 126.42558945
v 367537.38467350 5027666.42720119 126.42558945
v 367537.33467351 5027666.42718326 126.42558945
v 367537.12607352 5027666.42710849 126.42558945
v 367536.97607353 5027666.42705472 126.42558945
v 367536.97607353 5027666.42705472 123.57558945
v 367537.12607352 5027666.42710849 123.57558945
v 367537.33467351 5027666.42718326 123.57558945
v 367537.38467350 5027666.42720119 123.57558945
v 367538.61467342 5027666.42764210 123.57558945
v 367538.66467342 5027666.42766002 123.57558945
v 367537.38465896 5027666.40270612 126.37558945
v 367538.61465888 5027666.40314704 126.37558945
v 367538.61465888 5027666.40314704 123.62558945
v 367537.38465896 5027666.40270612 123.62558945
v 367538.61476285 5027666.34787276 126.42558945
v 367538.66476285 5027666.34789068 126.42558945
v 367539.81476278 5027666.34830292 126.42558945
v 367539.86476277 5027666.34832084 126.42558945
v 367541.01476270 5027666.34873308 126.42558945
v 367541.06476270 5027666.34875100 126.42558945
v 367541.62976266 5027666.34895354 126.42558945
v 367541.67976266 5027666.34897146 126.42558945
v 367541.67976266 5027666.34897146 123.57558945
v 367541.62976266 5027666.34895354 123.57558945
v 367541.06476270 5027666.34875100 123.57558945
v 367541.01476270 5027666.34873308 123.57558945
v 367539.86476277 5027666.34832084 123.57558945
v 367539.81476278 5027666.34830292 123.57558945
v 367538.66476285 5027666.34789068 123.57558945
v 367538.61476285 5027666.34787276 123.57558945
v 367537.38476293 5027666.34743185 123.57558945
v 367537.33476294 5027666.34741392 123.57558945
v 367537.12606295 5027666.34733911 123.57558945
v 367537.12606295 5027666.34733911 123.62558945
v 367537.33476294 5027666.34741392 123.62558945
v 367537.33476294 5027666.34741392 126.37558945
v 367537.12606295 5027666.34733911 126.37558945
v 367537.12606295 5027666.34733911 126.42558945
v 367537.33476294 5027666.34741392 126.42558945
v 367537.38476293 5027666.34743185 126.42558945
v 367619.13824797 5027658.49863066 138.62563350
v 367619.13777157 5027659.82763057 138.62563350
v 367619.13775364 5027659.87763057 138.62563350
v 367619.13775364 5027659.87763057 137.82563350
v 367619.13775364 5027659.87763057 135.20563350
v 367619.13775364 5027659.87763057 134.61563350
v 367619.13777157 5027659.82763057 134.61563350
v 367619.13777157 5027659.82763057 134.57563350
v 367619.13824797 5027658.49863066 134.57563350
v 367619.13824797 5027658.49863066 134.61563350
v 367619.13826589 5027658.44863066 134.61563350
v 367619.13826589 5027658.44863066 135.20563350
v 367619.13826589 5027658.44863066 137.82563350
v 367619.13826589 5027658.44863066 138.62563350
v 367619.10303019 5027659.82761812 137.80056198
v 367619.10350659 5027658.49861821 137.80056198
v 367619.10350659 5027658.49861821 135.23056198
v 367619.10303019 5027659.82761812 135.23056198
v 367619.05822141 5027658.44860197 137.82557567
v 367619.05822141 5027658.44860197 135.20557567
v 367619.05822141 5027658.44860197 134.61557567
v 367619.05820349 5027658.49860197 134.61557567
v 367619.05820349 5027658.49860197 134.57557567
v 367619.05772708 5027659.82760188 134.57557567
v 367619.05772708 5027659.82760188 134.61557567
v 367619.05770916 5027659.87760188 134.61557567
v 367619.05770916 5027659.87760188 135.20557567
v 367619.05770916 5027659.87760188 137.82557567
v 367619.05770916 5027659.87760188 138.62557567
v 367619.05772708 5027659.82760188 138.62557567
v 367619.05820349 5027658.49860197 138.62557567
v 367619.05822141 5027658.44860197 138.62557567
v 367616.65430725 5027658.23463993 128.70059340
v 367616.65430725 5027658.23463993 128.87559340
v 367617.75430718 5027658.23503425 128.87559340
v 367617.75430718 5027658.23503425 128.70059340
v 367617.80430717 5027658.23505217 128.70059340
v 367617.80430717 5027658.23505217 128.87559340
v 367618.87790711 5027658.23543702 128.87559340
v 367618.90430710 5027658.23544648 128.87559340
v 367618.90430710 5027658.23544648 128.70059340
v 367618.95430710 5027658.23546441 128.70059340
v 367618.95430710 5027658.23546441 128.87559340
v 367620.05430703 5027658.23585872 128.87559340
v 367620.05430703 5027658.23585872 128.70059340
v 367620.10430703 5027658.23587664 128.70059340
v 367620.10430703 5027658.23587664 126.70059340
v 367620.10430703 5027658.23587664 125.70059340
v 367620.05430703 5027658.23585872 125.70059340
v 367618.95430710 5027658.23546441 125.70059340
v 367618.90430710 5027658.23544648 125.70059340
v 367617.80430717 5027658.23505217 125.70059340
v 367617.75430718 5027658.23503425 125.70059340
v 367616.65430725 5027658.23463993 125.70059340
v 367616.60430725 5027658.23462201 125.70059340
v 367615.64330731 5027658.23427752 125.70059340
v 367615.59330732 5027658.23425960 125.70059340
v 367615.59330732 5027658.23425960 126.70059340
v 367615.59330732 5027658.23425960 128.70059340
v 367615.64330731 5027658.23427752 128.70059340
v 367615.64330731 5027658.23427752 128.87559340
v 367616.60430725 5027658.23462201 128.87559340
v 367616.60430725 5027658.23462201 128.70059340
v 367617.80428968 5027658.28386973 125.70059340
v 367618.90428960 5027658.28426404 125.70059340
v 367618.95428960 5027658.28428196 125.70059340
v 367620.05428953 5027658.28467628 125.70059340
v 367620.10428953 5027658.28469420 125.70059340
v 367620.10428953 5027658.28469420 126.70059340
v 367620.10428953 5027658.28469420 128.70059340
v 367620.05428953 5027658.28467628 128.70059340
v 367620.05428953 5027658.28467628 128.87559340
v 367618.95428960 5027658.28428196 128.87559340
v 367618.95428960 5027658.28428196 128.70059340
v 367618.90428960 5027658.28426404 128.70059340
v 367618.90428960 5027658.28426404 128.87559340
v 367618.87788961 5027658.28425458 128.87559340
v 367617.80428968 5027658.28386973 128.87559340
v 367617.80428968 5027658.28386973 128.70059340
v 367617.75428968 5027658.28385180 128.70059340
v 367617.75428968 5027658.28385180 128.87559340
v 367616.65428975 5027658.28345749 128.87559340
v 367616.65428975 5027658.28345749 128.70059340
v 367616.60428975 5027658.28343957 128.70059340
v 367616.60428975 5027658.28343957 128.87559340
v 367615.64328981 5027658.28309508 128.87559340
v 367615.64328981 5027658.28309508 128.70059340
v 367615.59328982 5027658.28307716 128.70059340
v 367615.59328982 5027658.28307716 126.70059340
v 367615.59328982 5027658.28307716 125.70059340
v 367615.64328981 5027658.28309508 125.70059340
v 367616.60428975 5027658.28343957 125.70059340
v 367616.65428975 5027658.28345749 125.70059340
v 367617.75428968 5027658.28385180 125.70059340
v 367577.37256647 5027643.78963792 126.02557312
v 367577.37256647 5027643.78963792 125.10237312
v 367577.37214885 5027644.95463784 125.10237312
v 367577.37214885 5027644.95463784 126.02557312
v 367577.39442218 5027643.78963255 126.07558711
v 367577.39400457 5027644.95463247 126.07558711
v 367577.39398664 5027645.00463247 126.07558711
v 367577.39372227 5027645.74213242 126.07558711
v 367577.39370435 5027645.79213242 126.07558711
v 367577.39370435 5027645.79213242 125.07738711
v 367577.39370435 5027645.79213242 124.47738711
v 367577.39370435 5027645.79213242 123.90238711
v 367577.39372227 5027645.74213242 123.90238711
v 367577.39398664 5027645.00463247 123.90238711
v 367577.39400457 5027644.95463247 123.90238711
v 367577.39442218 5027643.78963255 123.90238711
v 367577.39444010 5027643.73963255 123.90238711
v 367577.39444010 5027643.73963255 124.47738711
v 367577.39444010 5027643.73963255 125.07738711
v 367577.39444010 5027643.73963255 126.07558711
v 367577.31513094 5027645.00461169 123.90240961
v 367577.31486657 5027645.74211164 123.90240961
v 367577.31484864 5027645.79211164 123.90240961
v 367577.31484864 5027645.79211164 124.47740961
v 367577.31484864 5027645.79211164 125.07740961
v 367577.31484864 5027645.79211164 126.07560961
v 367577.31486657 5027645.74211164 126.07560961
v 367577.31513094 5027645.00461169 126.07560961
v 367577.31514886 5027644.95461169 126.07560961
v 367577.31556647 5027643.78961177 126.07560961
v 367577.31558440 5027643.73961177 126.07560961
v 367577.31558440 5027643.73961177 125.07740961
v 367577.31558440 5027643.73961177 124.47740961
v 367577.31558440 5027643.73961177 123.90240961
v 367577.31556647 5027643.78961177 123.90240961
v 367577.31514886 5027644.95461169 123.90240961
v 367577.31000191 5027637.29463475 120.72558945
v 367577.31001983 5027637.24463475 120.72558945
v 367577.31001983 5027637.24463475 123.57558945
v 367577.31000191 5027637.29463475 123.57558945
v 367577.30988003 5027637.63463473 123.57558945
v 367577.30986211 5027637.68463472 123.57558945
v 367577.30948572 5027638.73463466 123.57558945
v 367577.30946780 5027638.78463465 123.57558945
v 367577.30946780 5027638.78463465 120.72558945
v 367577.30948572 5027638.73463466 120.72558945
v 367577.30986211 5027637.68463472 120.72558945
v 367577.30988003 5027637.63463473 120.72558945
v 367577.28667997 5027638.73459627 123.52558945
v 367577.28705636 5027637.68459633 123.52558945
v 367577.28705636 5027637.68459633 120.77558945
v 367577.28667997 5027638.73459627 120.77558945
v 367577.23005634 5027637.68464107 120.72558945
v 367577.22967995 5027638.73464100 120.72558945
v 367577.22966202 5027638.78464100 120.72558945
v 367577.22966202 5027638.78464100 123.57558945
v 367577.22967995 5027638.73464100 123.57558945
v 367577.23005634 5027637.68464107 123.57558945
v 367577.23007426 5027637.63464107 123.57558945
v 367577.23019614 5027637.29464109 123.57558945
v 367577.23021406 5027637.24464110 123.57558945
v 367577.23021406 5027637.24464110 120.72558945
v 367577.23019614 5027637.29464109 120.72558945
v 367577.23007426 5027637.63464107 120.72558945
v 367582.13744463 5027637.35072007 120.72558945
v 367583.13244457 5027637.35107674 120.72558945
v 367583.18244456 5027637.35109467 120.72558945
v 367583.18244456 5027637.35109467 120.77558945
v 367583.23744456 5027637.35111438 120.77558945
v 367583.23744456 5027637.35111438 120.72558945
v 367583.28744456 5027637.35113231 120.72558945
v 367583.28744456 5027637.35113231 123.57558945
v 367583.23744456 5027637.35111438 123.57558945
v 367583.23744456 5027637.35111438 123.52558945
v 367583.18244456 5027637.35109467 123.52558945
v 367583.18244456 5027637.35109467 123.57558945
v 367583.13244457 5027637.35107674 123.57558945
v 367582.13744463 5027637.35072007 123.57558945
v 367582.08744463 5027637.35070215 123.57558945
v 367580.88244471 5027637.35027019 123.57558945
v 367580.83244471 5027637.35025227 123.57558945
v 367580.83244471 5027637.35025227 120.72558945
v 367580.88244471 5027637.35027019 120.72558945
v 367582.08744463 5027637.35070215 120.72558945
v 367582.08745872 5027637.32762312 120.77558945
v 367580.88245880 5027637.32719117 120.77558945
v 367580.88245880 5027637.32719117 123.52558945
v 367582.08745872 5027637.32762312 123.52558945
v 367582.13742994 5027637.27064103 123.57558945
v 367583.13242987 5027637.27099770 123.57558945
v 367583.18242987 5027637.27101563 123.57558945
v 367583.18242987 5027637.27101563 120.72558945
v 367583.13242987 5027637.27099770 120.72558945
v 367582.13742994 5027637.27064103 120.72558945
v 367582.08742994 5027637.27062310 120.72558945
v 367580.88243002 5027637.27019115 120.72558945
v 367580.83243002 5027637.27017323 120.72558945
v 367580.83243002 5027637.27017323 123.57558945
v 367580.88243002 5027637.27019115 123.57558945
v 367582.08742994 5027637.27062310 123.57558945
v 367583.23883818 5027639.37174807 120.72558945
v 367583.23882026 5027639.42174807 120.72558945
v 367583.23848266 5027640.36354801 120.72558945
v 367583.23846473 5027640.41354800 120.72558945
v 367583.23804533 5027641.58354793 120.72558945
v 367583.23802740 5027641.63354792 120.72558945
v 367583.23760620 5027642.80854785 120.72558945
v 367583.23758828 5027642.85854785 120.72558945
v 367583.23716708 5027644.03354777 120.72558945
v 367583.23714916 5027644.08354777 120.72558945
v 367583.23665089 5027645.47354768 120.72558945
v 367583.23663297 5027645.52354767 120.72558945
v 367583.23655411 5027645.74354766 120.72558945
v 367583.23653618 5027645.79354766 120.72558945
v 367583.23641674 5027646.12674764 120.72558945
v 367583.23639882 5027646.17674763 120.72558945
v 367583.23639882 5027646.17674763 123.57558945
v 367583.23641674 5027646.12674764 123.57558945
v 367583.23653618 5027645.79354766 123.57558945
v 367583.23655411 5027645.74354766 123.57558945
v 367583.23663297 5027645.52354767 123.57558945
v 367583.23665089 5027645.47354768 123.57558945
v 367583.23714916 5027644.08354777 123.57558945
v 367583.23716708 5027644.03354777 123.57558945
v 367583.23758828 5027642.85854785 123.57558945
v 367583.23760620 5027642.80854785 123.57558945
v 367583.23802740 5027641.63354792 123.57558945
v 367583.23804533 5027641.58354793 123.57558945
v 367583.23846473 5027640.41354800 123.57558945
v 367583.23848266 5027640.36354801 123.57558945
v 367583.23882026 5027639.42174807 123.57558945
v 367583.23883818 5027639.37174807 123.57558945
v 367583.23931071 5027638.05354815 123.57558945
v 367583.23932864 5027638.00354816 123.57558945
v 367583.23941108 5027637.77354817 123.57558945
v 367583.23942901 5027637.72354818 123.57558945
v 367583.23956164 5027637.35354820 123.57558945
v 367583.23957956 5027637.30354820 123.57558945
v 367583.23957956 5027637.30354820 120.72558945
v 367583.23956164 5027637.35354820 120.72558945
v 367583.23942901 5027637.72354818 120.72558945
v 367583.23941108 5027637.77354817 120.72558945
v 367583.23932864 5027638.00354816 120.72558945
v 367583.23931071 5027638.05354815 120.72558945
v 367583.26053591 5027644.08354627 123.52558945
v 367583.26003764 5027645.47354618 123.52558945
v 367583.26003764 5027645.47354618 120.77558945
v 367583.26053591 5027644.08354627 120.77558945
v 367583.31971538 5027638.00359572 123.57558945
v 367583.31969745 5027638.05359572 123.57558945
v 367583.31922492 5027639.37179563 123.57558945
v 367583.31920700 5027639.42179563 123.57558945
v 367583.31886939 5027640.36359557 123.57558945
v 367583.31885147 5027640.41359557 123.57558945
v 367583.31843206 5027641.58359549 123.57558945
v 367583.31841414 5027641.63359549 123.57558945
v 367583.31799294 5027642.80859541 123.57558945
v 367583.31797502 5027642.85859541 123.57558945
v 367583.31755382 5027644.03359533 123.57558945
v 367583.31753590 5027644.08359533 123.57558945
v 367583.31703763 5027645.47359524 123.57558945
v 367583.31701970 5027645.52359524 123.57558945
v 367583.31694084 5027645.74359522 123.57558945
v 367583.31692292 5027645.79359522 123.57558945
v 367583.31680348 5027646.12679520 123.57558945
v 367583.31678555 5027646.17679520 123.57558945
v 367583.31678555 5027646.17679520 120.72558945
v 367583.31680348 5027646.12679520 120.72558945
v 367583.31692292 5027645.79359522 120.72558945
v 367583.31694084 5027645.74359522 120.72558945
v 367583.31701970 5027645.52359524 120.72558945
v 367583.31703763 5027645.47359524 120.72558945
v 367583.31753590 5027644.08359533 120.72558945
v 367583.31755382 5027644.03359533 120.72558945
v 367583.31797502 5027642.85859541 120.72558945
v 367583.31799294 5027642.80859541 120.72558945
v 367583.31841414 5027641.63359549 120.72558945
v 367583.31843206 5027641.58359549 120.72558945
v 367583.31885147 5027640.41359557 120.72558945
v 367583.31886939 5027640.36359557 120.72558945
v 367583.31920700 5027639.42179563 120.72558945
v 367583.31922492 5027639.37179563 120.72558945
v 367583.31969745 5027638.05359572 120.72558945
v 367583.31971538 5027638.00359572 120.72558945
v 367583.31979782 5027637.77359574 120.72558945
v 367583.31981575 5027637.72359574 120.72558945
v 367583.31994838 5027637.35359576 120.72558945
v 367583.31996630 5027637.30359577 120.72558945
v 367583.31996630 5027637.30359577 123.57558945
v 367583.31994838 5027637.35359576 123.57558945
v 367583.31981575 5027637.72359574 123.57558945
v 367583.31979782 5027637.77359574 123.57558945
v 367577.84740484 5027646.12735928 120.72559839
v 367577.84740484 5027646.12735928 123.13559839
v 367577.84740484 5027646.12735928 123.57559839
v 367577.89740484 5027646.12737720 123.57559839
v 367578.82430478 5027646.12770946 123.57559839
v 367578.87430477 5027646.12772738 123.57559839
v 367579.78430471 5027646.12805359 123.57559839
v 367579.83430471 5027646.12807151 123.57559839
v 367580.70430466 5027646.12838338 123.57559839
v 367580.75430465 5027646.12840130 123.57559839
v 367581.98430457 5027646.12884222 123.57559839
v 367582.03430457 5027646.12886014 123.57559839
v 367583.23430449 5027646.12929030 123.57559839
v 367583.28430449 5027646.12930822 123.57559839
v 367583.28430449 5027646.12930822 123.13559839
v 367583.28430449 5027646.12930822 120.72559839
v 367583.23430449 5027646.12929030 120.72559839
v 367582.03430457 5027646.12886014 120.72559839
v 367581.98430457 5027646.12884222 120.72559839
v 367580.75430465 5027646.12840130 120.72559839
v 367580.70430466 5027646.12838338 120.72559839
v 367579.80930471 5027646.12806255 120.72559839
v 367578.87430477 5027646.12772738 120.72559839
v 367578.82430478 5027646.12770946 120.72559839
v 367577.89740484 5027646.12737720 120.72559839
v 367580.75433373 5027646.15136998 120.77559685
v 367581.98433365 5027646.15181090 120.77559685
v 367581.98433365 5027646.15181090 123.52559685
v 367580.75433373 5027646.15136998 123.52559685
v 367577.89728190 5027646.20734583 120.72563109
v 367578.82428185 5027646.20767813 120.72563109
v 367578.87428184 5027646.20769605 120.72563109
v 367579.80928178 5027646.20803122 120.72563109
v 367580.70428172 5027646.20835205 120.72563109
v 367580.75428172 5027646.20836997 120.72563109
v 367581.98428164 5027646.20881088 120.72563109
v 367582.03428164 5027646.20882881 120.72563109
v 367583.23428156 5027646.20925896 120.72563109
v 367583.28428156 5027646.20927689 120.72563109
v 367583.28428156 5027646.20927689 123.13563109
v 367583.28428156 5027646.20927689 123.57563109
v 367583.23428156 5027646.20925896 123.57563109
v 367582.03428164 5027646.20882881 123.57563109
v 367581.98428164 5027646.20881088 123.57563109
v 367580.75428172 5027646.20836997 123.57563109
v 367580.70428172 5027646.20835205 123.57563109
v 367579.83428178 5027646.20804018 123.57563109
v 367579.78428178 5027646.20802226 123.57563109
v 367578.87428184 5027646.20769605 123.57563109
v 367578.82428185 5027646.20767813 123.57563109
v 367577.89728190 5027646.20734583 123.57563109
v 367577.84728191 5027646.20732791 123.57563109
v 367577.84728191 5027646.20732791 123.13563109
v 367577.84728191 5027646.20732791 120.72563109
v 367619.18247209 5027660.01065339 128.92336631
v 367619.13247210 5027660.01063547 128.92336631
v 367619.13247210 5027660.01063547 126.70056631
v 367619.13247210 5027660.01063547 125.70056631
v 367619.18247209 5027660.01065339 125.70056631
v 367620.05367204 5027660.01096569 125.70056631
v 367620.10367203 5027660.01098361 125.70056631
v 367620.10367203 5027660.01098361 126.70056631
v 367620.10367203 5027660.01098361 128.92336631
v 367620.05367204 5027660.01096569 128.92336631
v 367620.05368392 5027659.97782198 126.72555567
v 367619.18248397 5027659.97750968 126.72555567
v 367619.18248397 5027659.97750968 128.92335567
v 367620.05368392 5027659.97782198 128.92335567
v 367620.05370063 5027659.93118943 126.72554117
v 367620.05370063 5027659.93118943 128.92334117
v 367620.10370063 5027659.93120736 128.92334117
v 367620.10370063 5027659.93120736 126.70054117
v 367620.10370063 5027659.93120736 125.70054117
v 367620.05370063 5027659.93118943 125.70054117
v 367619.18250069 5027659.93087714 125.70054117
v 367619.13250069 5027659.93085922 125.70054117
v 367619.13250069 5027659.93085922 126.70054117
v 367619.13250069 5027659.93085922 128.92334117
v 367619.18250069 5027659.93087714 128.92334117
v 367619.18250069 5027659.93087714 126.72554117
v 367620.15055611 5027658.33396548 129.31554252
v 367620.15050890 5027658.46566547 129.31554252
v 367620.15050890 5027658.46566547 128.92334252
v 367620.15049636 5027658.50066547 128.92334252
v 367620.15040204 5027658.76376545 128.92334252
v 367620.15038412 5027658.81376545 128.92334252
v 367620.15016897 5027659.41396541 128.92334252
v 367620.15015105 5027659.46396541 128.92334252
v 367620.14998981 5027659.91376538 128.92334252
v 367620.14997188 5027659.96376538 128.92334252
v 367620.14997188 5027659.96376538 126.70054252
v 367620.14997188 5027659.96376538 125.70054252
v 367620.14998981 5027659.91376538 125.70054252
v 367620.15015105 5027659.46396541 125.70054252
v 367620.15016897 5027659.41396541 125.70054252
v 367620.15038412 5027658.81376545 125.70054252
v 367620.15040204 5027658.76376545 125.70054252
v 367620.15049636 5027658.50066547 125.70054252
v 367620.15051428 5027658.45066547 125.70054252
v 367620.15051428 5027658.45066547 125.75054252
v 367620.15055611 5027658.33396548 125.75054252
v 367620.15055611 5027658.33396548 125.70054252
v 367620.15057404 5027658.28396548 125.70054252
v 367620.15057404 5027658.28396548 126.70054252
v 367620.15057404 5027658.28396548 129.31554252
v 367620.11815937 5027658.81375268 126.72553959
v 367620.11794422 5027659.41395264 126.72553959
v 367620.11794422 5027659.41395264 128.87333959
v 367620.11815937 5027658.81375268 128.87333959
v 367620.07167171 5027658.50059487 125.70057883
v 367620.07157739 5027658.76369485 125.70057883
v 367620.07155947 5027658.81369485 125.70057883
v 367620.07134428 5027659.41399481 125.70057883
v 367620.07132636 5027659.46399481 125.70057883
v 367620.07116516 5027659.91369478 125.70057883
v 367620.07114723 5027659.96369478 125.70057883
v 367620.07114723 5027659.96369478 126.70057883
v 367620.07114723 5027659.96369478 128.92337883
v 367620.07116516 5027659.91369478 128.92337883
v 367620.07132636 5027659.46399481 128.92337883
v 367620.07134428 5027659.41399481 128.92337883
v 367620.07155947 5027658.81369485 128.92337883
v 367620.07157739 5027658.76369485 128.92337883
v 367620.07167171 5027658.50059487 128.92337883
v 367620.07168963 5027658.45059487 128.92337883
v 367620.07168963 5027658.45059487 126.70057883
v 367620.07168963 5027658.45059487 125.70057883
v 367614.49673750 5027660.04880473 120.77562108
v 367614.49673750 5027660.04880473 120.72562108
v 367614.54673750 5027660.04882266 120.72562108
v 367615.51673744 5027660.04917037 120.72562108
v 367615.56673743 5027660.04918829 120.72562108
v 367615.56673743 5027660.04918829 123.16562108
v 367615.56673743 5027660.04918829 123.72562108
v 367615.51673744 5027660.04917037 123.72562108
v 367615.51673744 5027660.04917037 123.74562108
v 367615.56673743 5027660.04918829 123.74562108
v 367615.56673743 5027660.04918829 125.70062108
v 367615.51673744 5027660.04917037 125.70062108
v 367614.54673750 5027660.04882266 125.70062108
v 367614.49673750 5027660.04880473 125.70062108
v 367614.49673750 5027660.04880473 123.74562108
v 367614.54673750 5027660.04882266 123.74562108
v 367614.54673750 5027660.04882266 123.72562108
v 367614.49673750 5027660.04880473 123.72562108
v 367614.49673750 5027660.04880473 123.16562108
v 367614.49673750 5027660.04880473 123.14062108
v 367614.49173750 5027660.04880294 123.14062108
v 367614.49173750 5027660.04880294 123.16562108
v 367614.49173750 5027660.04880294 123.72562108
v 367614.44173751 5027660.04878502 123.72562108
v 367614.44173751 5027660.04878502 123.74562108
v 367614.49173750 5027660.04880294 123.74562108
v 367614.49173750 5027660.04880294 125.70062108
v 367614.44173751 5027660.04878502 125.70062108
v 367613.39673757 5027660.04841042 125.70062108
v 367613.34673758 5027660.04839250 125.70062108
v 367613.34673758 5027660.04839250 123.74562108
v 367613.39673757 5027660.04841042 123.74562108
v 367613.39673757 5027660.04841042 123.72562108
v 367613.34673758 5027660.04839250 123.72562108
v 367613.34673758 5027660.04839250 123.16562108
v 367613.34673758 5027660.04839250 120.72562108
v 367613.39673757 5027660.04841042 120.72562108
v 367614.44173751 5027660.04878502 120.72562108
v 367614.49173750 5027660.04880294 120.72562108
v 367614.49173750 5027660.04880294 120.77562108
v 367613.39669422 5027660.02066567 120.72561838
v 367613.39669422 5027660.02066567 120.87561838
v 367613.39669422 5027660.02066567 123.14061838
v 367614.44169415 5027660.02104026 123.14061838
v 367614.44169415 5027660.02104026 120.87561838
v 367614.44169415 5027660.02104026 120.72561838
v 367614.49173003 5027659.96946570 123.74559689
v 367614.44173003 5027659.96944778 123.74559689
v 367614.44173003 5027659.96944778 123.72559689
v 367614.49173003 5027659.96946570 123.72559689
v 367614.49173003 5027659.96946570 123.16559689
v 367614.49173003 5027659.96946570 120.72559689
v 367614.44173003 5027659.96944778 120.72559689
v 367614.44173003 5027659.96944778 123.14059689
v 367613.39673010 5027659.96907318 123.14059689
v 367613.39673010 5027659.96907318 120.72559689
v 367613.34673010 5027659.96905526 120.72559689
v 367613.34673010 5027659.96905526 123.16559689
v 367613.34673010 5027659.96905526 123.72559689
v 367613.39673010 5027659.96907318 123.72559689
v 367613.39673010 5027659.96907318 123.74559689
v 367613.34673010 5027659.96905526 123.74559689
v 367613.34673010 5027659.96905526 125.70059689
v 367613.39673010 5027659.96907318 125.70059689
v 367614.44173003 5027659.96944778 125.70059689
v 367614.49173003 5027659.96946570 125.70059689
v 367538.83781752 5027653.71823836 129.95058587
v 367538.83839680 5027652.10223846 129.95058587
v 367538.83839680 5027652.10223846 131.72558587
v 367538.83781752 5027653.71823836 131.72558587
v 367538.80238901 5027652.10222556 131.77558945
v 367538.80240693 5027652.05222556 131.77558945
v 367538.80240693 5027652.05222556 129.92558945
v 367538.80240693 5027652.05222556 128.82558945
v 367538.80238901 5027652.10222556 128.82558945
v 367538.80180973 5027653.71822545 128.82558945
v 367538.80179181 5027653.76822545 128.82558945
v 367538.80179181 5027653.76822545 129.92558945
v 367538.80179181 5027653.76822545 131.77558945
v 367538.80180973 5027653.71822545 131.77558945
v 367538.88200502 5027653.71825419 131.77560680
v 367538.88198709 5027653.76825419 131.77560680
v 367538.88198709 5027653.76825419 129.92560680
v 367538.88198709 5027653.76825419 128.82560680
v 367538.88200502 5027653.71825419 128.82560680
v 367538.88258430 5027652.10225429 128.82560680
v 367538.88260222 5027652.05225429 128.82560680
v 367538.88260222 5027652.05225429 129.92560680
v 367538.88260222 5027652.05225429 131.77560680
v 367538.88258430 5027652.10225429 131.77560680
v 367538.83781752 5027653.71823836 132.80058587
v 367538.83839680 5027652.10223846 132.80058587
v 367538.83839680 5027652.10223846 134.57558587
v 367538.83781752 5027653.71823836 134.57558587
v 367538.80238901 5027652.10222556 134.62558945
v 367538.80240693 5027652.05222556 134.62558945
v 367538.80240693 5027652.05222556 132.77558945
v 367538.80240693 5027652.05222556 131.67558945
v 367538.80238901 5027652.10222556 131.67558945
v 367538.80180973 5027653.71822545 131.67558945
v 367538.80179181 5027653.76822545 131.67558945
v 367538.80179181 5027653.76822545 132.77558945
v 367538.80179181 5027653.76822545 134.62558945
v 367538.80180973 5027653.71822545 134.62558945
v 367538.88200502 5027653.71825419 134.62560680
v 367538.88198709 5027653.76825419 134.62560680
v 367538.88198709 5027653.76825419 132.77560680
v 367538.88198709 5027653.76825419 131.67560680
v 367538.88200502 5027653.71825419 131.67560680
v 367538.88258430 5027652.10225429 131.67560680
v 367538.88260222 5027652.05225429 131.67560680
v 367538.88260222 5027652.05225429 132.77560680
v 367538.88260222 5027652.05225429 134.62560680
v 367538.88258430 5027652.10225429 134.62560680
v 367538.84071015 5027653.71823940 135.65054329
v 367538.84128943 5027652.10223950 135.65054329
v 367538.84128943 5027652.10223950 137.80054329
v 367538.84071015 5027653.71823940 137.80054329
v 367538.80177664 5027653.71822544 134.52558944
v 367538.80175872 5027653.76822544 134.52558944
v 367538.80175872 5027653.76822544 135.62558944
v 367538.80175872 5027653.76822544 137.82558944
v 367538.80175872 5027653.76822544 138.62558944
v 367538.80177664 5027653.71822544 138.62558944
v 367538.80235592 5027652.10222554 138.62558944
v 367538.80237384 5027652.05222555 138.62558944
v 367538.80237384 5027652.05222555 137.82558944
v 367538.80237384 5027652.05222555 135.62558944
v 367538.80237384 5027652.05222555 134.52558944
v 367538.80235592 5027652.10222554 134.52558944
v 367538.88260222 5027652.05225429 134.52555004
v 367538.88260222 5027652.05225429 135.62555004
v 367538.88260222 5027652.05225429 137.82555004
v 367538.88260222 5027652.05225429 138.62555004
v 367538.88258430 5027652.10225428 138.62555004
v 367538.88200502 5027653.71825418 138.62555004
v 367538.88198709 5027653.76825418 138.62555004
v 367538.88198709 5027653.76825418 137.82555004
v 367538.88198709 5027653.76825418 135.62555004
v 367538.88198709 5027653.76825418 134.52555004
v 367538.88200502 5027653.71825418 134.52555004
v 367538.88258430 5027652.10225428 134.52555004
v 367536.29438717 5027660.95930254 128.92555885
v 367536.29436924 5027661.00930254 128.92555885
v 367536.29397493 5027662.10930247 128.92555885
v 367536.29395701 5027662.15930246 128.92555885
v 367536.29395701 5027662.15930246 127.62055885
v 367536.29395701 5027662.15930246 127.12055885
v 367536.29395701 5027662.15930246 126.42555885
v 367536.29397493 5027662.10930247 126.42555885
v 367536.29436924 5027661.00930254 126.42555885
v 367536.29438717 5027660.95930254 126.42555885
v 367536.29438717 5027660.95930254 127.12055885
v 367536.29438717 5027660.95930254 127.62055885
v 367536.26043483 5027662.10929039 128.87556512
v 367536.26082914 5027661.00929047 128.87556512
v 367536.26082914 5027661.00929047 127.64556512
v 367536.26043483 5027662.10929039 127.64556512
v 367536.21514664 5027662.15927443 126.42560647
v 367536.21514664 5027662.15927443 127.12060647
v 367536.21514664 5027662.15927443 127.62060647
v 367536.21514664 5027662.15927443 128.92560647
v 367536.21516456 5027662.10927444 128.92560647
v 367536.21555888 5027661.00927451 128.92560647
v 367536.21557680 5027660.95927451 128.92560647
v 367536.21557680 5027660.95927451 127.62060647
v 367536.21557680 5027660.95927451 127.12060647
v 367536.21557680 5027660.95927451 126.42560647
v 367536.21555888 5027661.00927451 126.42560647
v 367536.21516456 5027662.10927444 126.42560647
v 367536.29467227 5027660.95930290 131.77558439
v 367536.29465434 5027661.00930290 131.77558439
v 367536.29426003 5027662.10930283 131.77558439
v 367536.29424211 5027662.15930283 131.77558439
v 367536.29424211 5027662.15930283 130.37058439
v 367536.29424211 5027662.15930283 129.87058439
v 367536.29424211 5027662.15930283 128.87558439
v 367536.29426003 5027662.10930283 128.87558439
v 367536.29465434 5027661.00930290 128.87558439
v 367536.29467227 5027660.95930290 128.87558439
v 367536.29467227 5027660.95930290 129.87058439
v 367536.29467227 5027660.95930290 130.37058439
v 367536.25785345 5027662.10928973 131.72560056
v 367536.25824776 5027661.00928980 131.72560056
v 367536.25824776 5027661.00928980 130.39560056
v 367536.25785345 5027662.10928973 130.39560056
v 367536.21557680 5027660.95927480 130.37057376
v 367536.21557680 5027660.95927480 129.87057376
v 367536.21557680 5027660.95927480 128.87557376
v 367536.21555888 5027661.00927480 128.87557376
v 367536.21516456 5027662.10927473 128.87557376
v 367536.21514664 5027662.15927472 128.87557376
v 367536.21514664 5027662.15927472 129.87057376
v 367536.21514664 5027662.15927472 130.37057376
v 367536.21514664 5027662.15927472 131.77557376
v 367536.21516456 5027662.10927473 131.77557376
v 367536.21555888 5027661.00927480 131.77557376
v 367536.21557680 5027660.95927480 131.77557376
v 367536.29467227 5027660.95930264 134.62558439
v 367536.29465434 5027661.00930263 134.62558439
v 367536.29426003 5027662.10930256 134.62558439
v 367536.29424211 5027662.15930256 134.62558439
v 367536.29424211 5027662.15930256 133.22058439
v 367536.29424211 5027662.15930256 132.72058439
v 367536.29424211 5027662.15930256 131.72558439
v 367536.29426003 5027662.10930256 131.72558439
v 367536.29465434 5027661.00930263 131.72558439
v 367536.29467227 5027660.95930264 131.72558439
v 367536.29467227 5027660.95930264 132.72058439
v 367536.29467227 5027660.95930264 133.22058439
v 367536.25785345 5027662.10928947 134.57560056
v 367536.25824776 5027661.00928954 134.57560056
v 367536.25824776 5027661.00928954 133.24560056
v 367536.25785345 5027662.10928947 133.24560056
v 367536.21557680 5027660.95927449 134.62557376
v 367536.21557680 5027660.95927449 133.22057376
v 367536.21557680 5027660.95927449 132.72057376
v 367536.21557680 5027660.95927449 131.72557376
v 367536.21555888 5027661.00927449 131.72557376
v 367536.21516456 5027662.10927442 131.72557376
v 367536.21514664 5027662.15927441 131.72557376
v 367536.21514664 5027662.15927441 132.72057376
v 367536.21514664 5027662.15927441 133.22057376
v 367536.21514664 5027662.15927441 134.62557376
v 367536.21516456 5027662.10927442 134.62557376
v 367536.21555888 5027661.00927449 134.62557376
v 367536.29492845 5027660.95930300 138.62554301
v 367536.29491053 5027661.00930300 138.62554301
v 367536.29451621 5027662.10930292 138.62554301
v 367536.29449829 5027662.15930292 138.62554301
v 367536.29449829 5027662.15930292 137.85054301
v 367536.29449829 5027662.15930292 136.07054301
v 367536.29449829 5027662.15930292 135.57054301
v 367536.29449829 5027662.15930292 134.57554301
v 367536.29451621 5027662.10930292 134.57554301
v 367536.29491053 5027661.00930300 134.57554301
v 367536.29492845 5027660.95930300 134.57554301
v 367536.29492845 5027660.95930300 135.57054301
v 367536.29492845 5027660.95930300 136.07054301
v 367536.29492845 5027660.95930300 137.85054301
v 367536.25563350 5027661.00928886 137.82559243
v 367536.25563350 5027661.00928886 136.09559243
v 367536.25523919 5027662.10928879 136.09559243
v 367536.25523919 5027662.10928879 137.82559243
v 367536.21514664 5027662.15927477 134.57561592
v 367536.21514664 5027662.15927477 135.57061592
v 367536.21514664 5027662.15927477 136.07061592
v 367536.21514664 5027662.15927477 137.85061592
v 367536.21514664 5027662.15927477 138.62561592
v 367536.21516456 5027662.10927477 138.62561592
v 367536.21555888 5027661.00927484 138.62561592
v 367536.21557680 5027660.95927484 138.62561592
v 367536.21557680 5027660.95927484 137.85061592
v 367536.21557680 5027660.95927484 136.07061592
v 367536.21557680 5027660.95927484 135.57061592
v 367536.21557680 5027660.95927484 134.57561592
v 367536.21555888 5027661.00927484 134.57561592
v 367536.21516456 5027662.10927477 134.57561592
v 367619.02662231 5027664.93361188 127.24058945
v 367619.02662231 5027664.93361188 128.87558945
v 367619.02660439 5027664.98361188 128.87558945
v 367619.02623919 5027666.00241181 128.87558945
v 367619.02622126 5027666.05241181 128.87558945
v 367619.02622126 5027666.05241181 127.24058945
v 367619.02622126 5027666.05241181 125.70058945
v 367619.02623919 5027666.00241181 125.70058945
v 367619.02660439 5027664.98361188 125.70058945
v 367619.02662231 5027664.93361188 125.70058945
v 367618.98653969 5027666.00239758 128.82557457
v 367618.98690489 5027664.98359765 128.82557457
v 367618.98690489 5027664.98359765 127.26557457
v 367618.98653969 5027666.00239758 127.26557457
v 367618.94647218 5027666.05238322 125.70054492
v 367618.94647218 5027666.05238322 127.24054492
v 367618.94647218 5027666.05238322 128.87554492
v 367618.94649010 5027666.00238322 128.87554492
v 367618.94685531 5027664.98358329 128.87554492
v 367618.94687323 5027664.93358329 128.87554492
v 367618.94687323 5027664.93358329 127.24054492
v 367618.94687323 5027664.93358329 125.70054492
v 367618.94685531 5027664.98358329 125.70054492
v 367618.94649010 5027666.00238322 125.70054492
v 367619.02656653 5027664.93361186 129.92558945
v 367619.02656653 5027664.93361186 131.77558945
v 367619.02654861 5027664.98361186 131.77558945
v 367619.02618340 5027666.00241179 131.77558945
v 367619.02616548 5027666.05241179 131.77558945
v 367619.02616548 5027666.05241179 129.92558945
v 367619.02616548 5027666.05241179 128.82558945
v 367619.02618340 5027666.00241179 128.82558945
v 367619.02654861 5027664.98361186 128.82558945
v 367619.02656653 5027664.93361186 128.82558945
v 367618.99067760 5027666.00239906 131.72558587
v 367618.99104280 5027664.98359913 131.72558587
v 367618.99104280 5027664.98359913 129.95058587
v 367618.99067760 5027666.00239906 129.95058587
v 367618.94647218 5027666.05238322 128.82563413
v 367618.94647218 5027666.05238322 129.92563413
v 367618.94647218 5027666.05238322 131.77563413
v 367618.94649010 5027666.00238322 131.77563413
v 367618.94685531 5027664.98358329 131.77563413
v 367618.94687323 5027664.93358329 131.77563413
v 367618.94687323 5027664.93358329 129.92563413
v 367618.94687323 5027664.93358329 128.82563413
v 367618.94685531 5027664.98358329 128.82563413
v 367618.94649010 5027666.00238322 128.82563413
v 367619.02655296 5027664.93361186 132.82558945
v 367619.02655296 5027664.93361186 134.62558945
v 367619.02653504 5027664.98361185 134.62558945
v 367619.02616983 5027666.00241179 134.62558945
v 367619.02615191 5027666.05241178 134.62558945
v 367619.02615191 5027666.05241178 132.82558945
v 367619.02615191 5027666.05241178 131.72558945
v 367619.02616983 5027666.00241179 131.72558945
v 367619.02653504 5027664.98361185 131.72558945
v 367619.02655296 5027664.93361186 131.72558945
v 367618.99044464 5027666.00239898 134.57555308
v 367618.99080985 5027664.98359905 134.57555308
v 367618.99080985 5027664.98359905 132.85055308
v 367618.99044464 5027666.00239898 132.85055308
v 367618.94647218 5027666.05238322 131.72562829
v 367618.94647218 5027666.05238322 132.82562829
v 367618.94647218 5027666.05238322 134.62562829
v 367618.94649010 5027666.00238322 134.62562829
v 367618.94685531 5027664.98358329 134.62562829
v 367618.94687323 5027664.93358329 134.62562829
v 367618.94687323 5027664.93358329 132.82562829
v 367618.94687323 5027664.93358329 131.72562829
v 367618.94685531 5027664.98358329 131.72562829
v 367618.94649010 5027666.00238322 131.72562829
v 367619.02658921 5027664.93361187 137.82558945
v 367619.02658921 5027664.93361187 138.62558945
v 367619.02657128 5027664.98361186 138.62558945
v 367619.02620608 5027666.00241180 138.62558945
v 367619.02618816 5027666.05241180 138.62558945
v 367619.02618816 5027666.05241180 137.82558945
v 367619.02618816 5027666.05241180 135.67558945
v 367619.02618816 5027666.05241180 134.57558945
v 367619.02620608 5027666.00241180 134.57558945
v 367619.02657128 5027664.98361186 134.57558945
v 367619.02658921 5027664.93361187 134.57558945
v 367619.02658921 5027664.93361187 135.67558945
v 367618.98794621 5027664.98359802 137.80059334
v 367618.98794621 5027664.98359802 135.70059334
v 367618.98758101 5027666.00239795 135.70059334
v 367618.98758101 5027666.00239795 137.80059334
v 367618.94687323 5027664.93358329 137.82559214
v 367618.94687323 5027664.93358329 135.67559214
v 367618.94687323 5027664.93358329 134.57559214
v 367618.94685531 5027664.98358329 134.57559214
v 367618.94649010 5027666.00238322 134.57559214
v 367618.94647218 5027666.05238322 134.57559214
v 367618.94647218 5027666.05238322 135.67559214
v 367618.94647218 5027666.05238322 137.82559214
v 367618.94647218 5027666.05238322 138.62559214
v 367618.94649010 5027666.00238322 138.62559214
v 367618.94685531 5027664.98358329 138.62559214
v 367618.94687323 5027664.93358329 138.62559214
v 367621.53983049 5027657.10376708 130.79557593
v 367621.54021763 5027656.02376715 130.79557593
v 367621.54021763 5027656.02376715 131.72557593
v 367621.53983049 5027657.10376708 131.72557593
v 367621.50062226 5027657.15375305 129.27557565
v 367621.50062226 5027657.15375305 130.27057565
v 367621.50062226 5027657.15375305 130.77057565
v 367621.50062226 5027657.15375305 131.77557565
v 367621.50064018 5027657.10375305 131.77557565
v 367621.50102733 5027656.02375312 131.77557565
v 367621.50104525 5027655.97375312 131.77557565
v 367621.50104525 5027655.97375312 130.77057565
v 367621.50104525 5027655.97375312 130.27057565
v 367621.50104525 5027655.97375312 129.27557565
v 367621.50102733 5027656.02375312 129.27557565
v 367621.50064018 5027657.10375305 129.27557565
v 367621.57981223 5027656.02378143 129.27563065
v 367621.57983015 5027655.97378144 129.27563065
v 367621.57983015 5027655.97378144 130.27063065
v 367621.57983015 5027655.97378144 130.77063065
v 367621.57983015 5027655.97378144 131.77563065
v 367621.57981223 5027656.02378143 131.77563065
v 367621.57942508 5027657.10378136 131.77563065
v 367621.57940716 5027657.15378136 131.77563065
v 367621.57940716 5027657.15378136 130.77063065
v 367621.57940716 5027657.15378136 130.27063065
v 367621.57940716 5027657.15378136 129.27563065
v 367621.57942508 5027657.10378136 129.27563065
v 367621.53673620 5027657.10376597 133.24560056
v 367621.53712334 5027656.02376604 133.24560056
v 367621.53712334 5027656.02376604 134.57560056
v 367621.53673620 5027657.10376597 134.57560056
v 367621.50033700 5027657.15375294 131.72562336
v 367621.50033700 5027657.15375294 132.72062336
v 367621.50033700 5027657.15375294 133.22062336
v 367621.50033700 5027657.15375294 134.62562336
v 367621.50035492 5027657.10375294 134.62562336
v 367621.50074207 5027656.02375301 134.62562336
v 367621.50075999 5027655.97375302 134.62562336
v 367621.50075999 5027655.97375302 133.22062336
v 367621.50075999 5027655.97375302 132.72062336
v 367621.50075999 5027655.97375302 131.72562336
v 367621.50074207 5027656.02375301 131.72562336
v 367621.50035492 5027657.10375294 131.72562336
v 367621.57981223 5027656.02378142 131.72563449
v 367621.57983015 5027655.97378143 131.72563449
v 367621.57983015 5027655.97378143 132.72063449
v 367621.57983015 5027655.97378143 133.22063449
v 367621.57983015 5027655.97378143 134.62563449
v 367621.57981223 5027656.02378142 134.62563449
v 367621.57942508 5027657.10378135 134.62563449
v 367621.57940716 5027657.15378135 134.62563449
v 367621.57940716 5027657.15378135 133.22063449
v 367621.57940716 5027657.15378135 132.72063449
v 367621.57940716 5027657.15378135 131.72563449
v 367621.57942508 5027657.10378135 131.72563449
v 367621.53961165 5027657.10376700 136.09556556
v 367621.53999880 5027656.02376707 136.09556556
v 367621.53999880 5027656.02376707 137.57556556
v 367621.53999880 5027656.02376707 137.80056556
v 367621.53961165 5027657.10376700 137.80056556
v 367621.53961165 5027657.10376700 137.57556556
v 367621.50050311 5027655.97375293 135.57059133
v 367621.50050311 5027655.97375293 134.57559133
v 367621.50048519 5027656.02375292 134.57559133
v 367621.50009804 5027657.10375285 134.57559133
v 367621.50008012 5027657.15375285 134.57559133
v 367621.50008012 5027657.15375285 135.57059133
v 367621.50008012 5027657.15375285 136.07059133
v 367621.50008012 5027657.15375285 137.57559133
v 367621.50008012 5027657.15375285 137.82559133
v 367621.50008012 5027657.15375285 138.62559133
v 367621.50009804 5027657.10375285 138.62559133
v 367621.50048519 5027656.02375292 138.62559133
v 367621.50050311 5027655.97375293 138.62559133
v 367621.50050311 5027655.97375293 137.82559133
v 367621.50050311 5027655.97375293 137.57559133
v 367621.50050311 5027655.97375293 136.07059133
v 367621.57983015 5027655.97378144 137.82558943
v 367621.57983015 5027655.97378144 138.62558943
v 367621.57981223 5027656.02378143 138.62558943
v 367621.57942508 5027657.10378136 138.62558943
v 367621.57940716 5027657.15378136 138.62558943
v 367621.57940716 5027657.15378136 137.82558943
v 367621.57940716 5027657.15378136 137.57558943
v 367621.57940716 5027657.15378136 136.07058943
v 367621.57940716 5027657.15378136 135.57058943
v 367621.57940716 5027657.15378136 134.57558943
v 367621.57942508 5027657.10378136 134.57558943
v 367621.57981223 5027656.02378143 134.57558943
v 367621.57983015 5027655.97378144 134.57558943
v 367621.57983015 5027655.97378144 135.57058943
v 367621.57983015 5027655.97378144 136.07058943
v 367621.57983015 5027655.97378144 137.57558943
v 367619.13762082 5027659.86763052 134.62591951
v 367619.13760289 5027659.91763052 134.62591951
v 367619.13760289 5027659.91763052 132.93091951
v 367619.13762082 5027659.86763052 132.93091951
v 367619.13811156 5027658.49863061 132.93091951
v 367619.13812948 5027658.44863062 132.93091951
v 367619.13812948 5027658.44863062 134.62591951
v 367619.13811156 5027658.49863061 134.62591951
v 367619.11471274 5027659.86762231 132.98091951
v 367619.11471274 5027659.86762231 134.57591951
v 367619.11520348 5027658.49862240 134.57591951
v 367619.11520348 5027658.49862240 132.98091951
v 367619.05771275 5027659.86760188 132.93091951
v 367619.05769482 5027659.91760188 132.93091951
v 367619.05769482 5027659.91760188 134.62591951
v 367619.05771275 5027659.86760188 134.62591951
v 367619.05820349 5027658.49860197 134.62591951
v 367619.05822141 5027658.44860197 134.62591951
v 367619.05822141 5027658.44860197 132.93091951
v 367619.05820349 5027658.49860197 132.93091951
v 367620.12159295 5027658.81372256 129.25832302
v 367620.12137776 5027659.41402252 129.25832302
v 367620.12137776 5027659.41402252 132.26372302
v 367620.12159295 5027658.81372256 132.26372302
v 367620.15078041 5027658.81369229 132.82556631
v 367620.15056522 5027659.41399226 132.82556631
v 367620.15054730 5027659.46399225 132.82556631
v 367620.15038610 5027659.91369222 132.82556631
v 367620.15036817 5027659.96369222 132.82556631
v 367620.15036817 5027659.96369222 132.28876631
v 367620.15036817 5027659.96369222 129.23336631
v 367620.15036817 5027659.96369222 128.92336631
v 367620.15038610 5027659.91369222 128.92336631
v 367620.15054730 5027659.46399225 128.92336631
v 367620.15056522 5027659.41399226 128.92336631
v 367620.15078041 5027658.81369229 128.92336631
v 367620.15079833 5027658.76369230 128.92336631
v 367620.15088723 5027658.51569231 128.92336631
v 367620.15090157 5027658.47569232 128.92336631
v 367620.15090516 5027658.46569232 128.92336631
v 367620.15090516 5027658.46569232 129.23336631
v 367620.15090516 5027658.46569232 132.28876631
v 367620.15090516 5027658.46569232 132.82556631
v 367620.15088723 5027658.51569231 132.82556631
v 367620.15079833 5027658.76369230 132.82556631
v 367620.07155947 5027658.81370483 128.92333564
v 367620.07155947 5027658.81370483 129.20833564
v 367620.07134428 5027659.41400479 129.20833564
v 367620.07134428 5027659.41400479 128.92333564
v 367620.07132636 5027659.46400479 128.92333564
v 367620.07132636 5027659.46400479 129.20833564
v 367620.07116515 5027659.91370476 129.20833564
v 367620.07116515 5027659.91370476 128.92333564
v 367620.07114723 5027659.96370475 128.92333564
v 367620.07114723 5027659.96370475 129.23333564
v 367620.07114723 5027659.96370475 132.28873564
v 367620.07114723 5027659.96370475 132.82563564
v 367620.07116515 5027659.91370476 132.82563564
v 367620.07132636 5027659.46400479 132.82563564
v 367620.07134428 5027659.41400479 132.82563564
v 367620.07155947 5027658.81370483 132.82563564
v 367620.07157739 5027658.76370483 132.82563564
v 367620.07166633 5027658.51560485 132.82563564
v 367620.07168425 5027658.46560485 132.82563564
v 367620.07168425 5027658.46560485 132.28873564
v 367620.07168425 5027658.46560485 129.23333564
v 367620.07168425 5027658.46560485 128.92333564
v 367620.07166633 5027658.51560485 128.92333564
v 367620.07166633 5027658.51560485 129.20833564
v 367620.07157739 5027658.76370483 129.20833564
v 367620.07157739 5027658.76370483 128.92333564
v 367619.13247221 5027660.01032707 129.23336631
v 367619.13247221 5027660.01032707 128.92336631
v 367619.18247220 5027660.01034500 128.92336631
v 367620.05367215 5027660.01065729 128.92336631
v 367620.10367214 5027660.01067522 128.92336631
v 367620.10367214 5027660.01067522 129.23336631
v 367620.10367214 5027660.01067522 132.28876631
v 367620.10367214 5027660.01067522 132.82556631
v 367620.05367215 5027660.01065729 132.82556631
v 367619.18247220 5027660.01034500 132.82556631
v 367619.13247221 5027660.01032707 132.82556631
v 367619.13247221 5027660.01032707 132.28876631
v 367620.05368256 5027659.98160152 129.25833012
v 367619.18248262 5027659.98128922 129.25833012
v 367619.18248262 5027659.98128922 132.26373012
v 367620.05368256 5027659.98160152 132.26373012
v 367619.13250069 5027659.93085922 128.92336063
v 367619.13250069 5027659.93085922 129.23336063
v 367619.13250069 5027659.93085922 132.28876063
v 367619.13250069 5027659.93085922 132.82556063
v 367619.18250069 5027659.93087714 132.82556063
v 367620.05370063 5027659.93118943 132.82556063
v 367620.10370063 5027659.93120736 132.82556063
v 367620.10370063 5027659.93120736 132.28876063
v 367620.10370063 5027659.93120736 129.23336063
v 367620.10370063 5027659.93120736 128.92336063
v 367620.05370063 5027659.93118943 128.92336063
v 367619.18250069 5027659.93087714 128.92336063
v 367577.39183586 5027643.73966095 138.42562081
v 367577.39181794 5027643.78966094 138.42562081
v 367577.39140032 5027644.95466087 138.42562081
v 367577.39138240 5027645.00466086 138.42562081
v 367577.39111807 5027645.74206082 138.42562081
v 367577.39110014 5027645.79206081 138.42562081
v 367577.39110014 5027645.79206081 137.80562081
v 367577.39110014 5027645.79206081 136.45562081
v 367577.39110014 5027645.79206081 135.84062081
v 367577.39110014 5027645.79206081 135.01562081
v 367577.39110014 5027645.79206081 134.57562081
v 367577.39111807 5027645.74206082 134.57562081
v 367577.39138240 5027645.00466086 134.57562081
v 367577.39140032 5027644.95466087 134.57562081
v 367577.39181794 5027643.78966094 134.57562081
v 367577.39183586 5027643.73966095 134.57562081
v 367577.39183586 5027643.73966095 135.01562081
v 367577.39183586 5027643.73966095 135.84062081
v 367577.39183586 5027643.73966095 136.45562081
v 367577.39183586 5027643.73966095 137.80562081
v 367577.35529369 5027643.78966201 136.48056556
v 367577.35487607 5027644.95466194 136.48056556
v 367577.35487607 5027644.95466194 137.78056556
v 367577.35529369 5027643.78966201 137.78056556
v 367577.31513094 5027645.00460411 134.57557419
v 367577.31486657 5027645.74210406 134.57557419
v 367577.31484865 5027645.79210406 134.57557419
v 367577.31484865 5027645.79210406 135.01557419
v 367577.31484865 5027645.79210406 135.84057419
v 367577.31484865 5027645.79210406 136.45557419
v 367577.31484865 5027645.79210406 137.80557419
v 367577.31484865 5027645.79210406 138.42557419
v 367577.31486657 5027645.74210406 138.42557419
v 367577.31513094 5027645.00460411 138.42557419
v 367577.31514886 5027644.95460411 138.42557419
v 367577.31556648 5027643.78960419 138.42557419
v 367577.31558440 5027643.73960419 138.42557419
v 367577.31558440 5027643.73960419 137.80557419
v 367577.31558440 5027643.73960419 136.45557419
v 367577.31558440 5027643.73960419 135.84057419
v 367577.31558440 5027643.73960419 135.01557419
v 367577.31558440 5027643.73960419 134.57557419
v 367577.31556648 5027643.78960419 134.57557419
v 367577.31514886 5027644.95460411 134.57557419
v 367577.36764902 5027643.78966477 127.60560751
v 367577.36723140 5027644.95466470 127.60560751
v 367577.36723140 5027644.95466470 128.87560751
v 367577.36764902 5027643.78966477 128.87560751
v 367577.39465186 5027643.78968276 128.92561396
v 367577.39423424 5027644.95468269 128.92561396
v 367577.39421632 5027645.00468268 128.92561396
v 367577.39395199 5027645.74208264 128.92561396
v 367577.39393406 5027645.79208263 128.92561396
v 367577.39393406 5027645.79208263 127.58061396
v 367577.39393406 5027645.79208263 126.98061396
v 367577.39393406 5027645.79208263 126.42561396
v 367577.39393406 5027645.79208263 126.02561396
v 367577.39395199 5027645.74208264 126.02561396
v 367577.39421632 5027645.00468268 126.02561396
v 367577.39423424 5027644.95468269 126.02561396
v 367577.39465186 5027643.78968276 126.02561396
v 367577.39466978 5027643.73968276 126.02561396
v 367577.39466978 5027643.73968276 126.42561396
v 367577.39466978 5027643.73968276 126.98061396
v 367577.39466978 5027643.73968276 127.58061396
v 367577.39466978 5027643.73968276 128.92561396
v 367577.31513092 5027645.00466327 126.02556763
v 367577.31486658 5027645.74206322 126.02556763
v 367577.31484866 5027645.79206322 126.02556763
v 367577.31484866 5027645.79206322 126.42556763
v 367577.31484866 5027645.79206322 126.98056763
v 367577.31484866 5027645.79206322 127.58056763
v 367577.31484866 5027645.79206322 128.92556763
v 367577.31486658 5027645.74206322 128.92556763
v 367577.31513092 5027645.00466327 128.92556763
v 367577.31514884 5027644.95466327 128.92556763
v 367577.31556646 5027643.78966335 128.92556763
v 367577.31558438 5027643.73966335 128.92556763
v 367577.31558438 5027643.73966335 127.58056763
v 367577.31558438 5027643.73966335 126.98056763
v 367577.31558438 5027643.73966335 126.42556763
v 367577.31558438 5027643.73966335 126.02556763
v 367577.31556646 5027643.78966335 126.02556763
v 367577.31514884 5027644.95466327 126.02556763
v 367577.36764902 5027643.78966477 130.45560751
v 367577.36723140 5027644.95466470 130.45560751
v 367577.36723140 5027644.95466470 131.72560751
v 367577.36764902 5027643.78966477 131.72560751
v 367577.39466978 5027643.73968276 131.77561396
v 367577.39465186 5027643.78968276 131.77561396
v 367577.39423424 5027644.95468269 131.77561396
v 367577.39421632 5027645.00468268 131.77561396
v 367577.39395199 5027645.74208264 131.77561396
v 367577.39393406 5027645.79208263 131.77561396
v 367577.39393406 5027645.79208263 130.43061396
v 367577.39393406 5027645.79208263 129.83061396
v 367577.39393406 5027645.79208263 129.27561396
v 367577.39393406 5027645.79208263 128.87561396
v 367577.39395199 5027645.74208264 128.87561396
v 367577.39421632 5027645.00468268 128.87561396
v 367577.39423424 5027644.95468269 128.87561396
v 367577.39465186 5027643.78968276 128.87561396
v 367577.39466978 5027643.73968276 128.87561396
v 367577.39466978 5027643.73968276 129.27561396
v 367577.39466978 5027643.73968276 129.83061396
v 367577.39466978 5027643.73968276 130.43061396
v 367577.31513092 5027645.00466327 128.87556763
v 367577.31486658 5027645.74206323 128.87556763
v 367577.31484866 5027645.79206322 128.87556763
v 367577.31484866 5027645.79206322 129.27556763
v 367577.31484866 5027645.79206322 129.83056763
v 367577.31484866 5027645.79206322 130.43056763
v 367577.31484866 5027645.79206322 131.77556763
v 367577.31486658 5027645.74206323 131.77556763
v 367577.31513092 5027645.00466327 131.77556763
v 367577.31514884 5027644.95466328 131.77556763
v 367577.31556646 5027643.78966335 131.77556763
v 367577.31558438 5027643.73966335 131.77556763
v 367577.31558438 5027643.73966335 130.43056763
v 367577.31558438 5027643.73966335 129.83056763
v 367577.31558438 5027643.73966335 129.27556763
v 367577.31558438 5027643.73966335 128.87556763
v 367577.31556646 5027643.78966335 128.87556763
v 367577.31514884 5027644.95466328 128.87556763
v 367577.36764902 5027643.78966477 133.30560751
v 367577.36723140 5027644.95466470 133.30560751
v 367577.36723140 5027644.95466470 134.57560751
v 367577.36764902 5027643.78966477 134.57560751
v 367577.39466978 5027643.73968276 134.62561396
v 367577.39465186 5027643.78968276 134.62561396
v 367577.39423424 5027644.95468269 134.62561396
v 367577.39421632 5027645.00468268 134.62561396
v 367577.39395199 5027645.74208264 134.62561396
v 367577.39393406 5027645.79208263 134.62561396
v 367577.39393406 5027645.79208263 133.28061396
v 367577.39393406 5027645.79208263 132.68061396
v 367577.39393406 5027645.79208263 132.12561396
v 367577.39393406 5027645.79208263 131.72561396
v 367577.39395199 5027645.74208264 131.72561396
v 367577.39421632 5027645.00468268 131.72561396
v 367577.39423424 5027644.95468269 131.72561396
v 367577.39465186 5027643.78968276 131.72561396
v 367577.39466978 5027643.73968276 131.72561396
v 367577.39466978 5027643.73968276 132.12561396
v 367577.39466978 5027643.73968276 132.68061396
v 367577.39466978 5027643.73968276 133.28061396
v 367577.31513092 5027645.00466327 131.72556763
v 367577.31486658 5027645.74206323 131.72556763
v 367577.31484866 5027645.79206322 131.72556763
v 367577.31484866 5027645.79206322 132.12556763
v 367577.31484866 5027645.79206322 132.68056763
v 367577.31484866 5027645.79206322 133.28056763
v 367577.31484866 5027645.79206322 134.62556763
v 367577.31486658 5027645.74206323 134.62556763
v 367577.31513092 5027645.00466327 134.62556763
v 367577.31514884 5027644.95466328 134.62556763
v 367577.31556646 5027643.78966335 134.62556763
v 367577.31558438 5027643.73966335 134.62556763
v 367577.31558438 5027643.73966335 133.28056763
v 367577.31558438 5027643.73966335 132.68056763
v 367577.31558438 5027643.73966335 132.12556763
v 367577.31558438 5027643.73966335 131.72556763
v 367577.31556646 5027643.78966335 131.72556763
v 367577.31514884 5027644.95466328 131.72556763
v 367577.31816181 5027650.78244754 123.57553945
v 367577.31786249 5027651.61744749 123.57553945
v 367577.31786249 5027651.61744749 123.72553945
v 367577.31786249 5027651.61744749 126.02553945
v 367577.31836076 5027650.22744758 126.02553945
v 367577.31836076 5027650.22744758 123.72553945
v 367577.31836076 5027650.22744758 123.57553945
v 367577.34874127 5027647.65747413 126.47558945
v 367577.34872335 5027647.70747413 126.47558945
v 367577.34828960 5027648.91747405 126.47558945
v 367577.34827168 5027648.96747405 126.47558945
v 367577.34783793 5027650.17747397 126.47558945
v 367577.34782001 5027650.22747397 126.47558945
v 367577.34762106 5027650.78247393 126.47558945
v 367577.34732174 5027651.61747388 126.47558945
v 367577.34730382 5027651.66747387 126.47558945
v 367577.34730382 5027651.66747387 126.05058945
v 367577.34730382 5027651.66747387 123.57558945
v 367577.34732174 5027651.61747388 123.57558945
v 367577.34762106 5027650.78247393 123.57558945
v 367577.34782001 5027650.22747397 123.57558945
v 367577.34783793 5027650.17747397 123.57558945
v 367577.34827168 5027648.96747405 123.57558945
v 367577.34828960 5027648.91747405 123.57558945
v 367577.34872335 5027647.70747413 123.57558945
v 367577.34874127 5027647.65747413 123.57558945
v 367577.34918677 5027646.41467421 123.57558945
v 367577.34920469 5027646.36467422 123.57558945
v 367577.34920469 5027646.36467422 126.05058945
v 367577.34920469 5027646.36467422 126.47558945
v 367577.34918677 5027646.41467421 126.47558945
v 367577.26977223 5027646.36462834 123.57560385
v 367577.26975431 5027646.41462834 123.57560385
v 367577.26975431 5027646.41462834 126.02560385
v 367577.26930881 5027647.65742826 126.02560385
v 367577.26930881 5027647.65742826 123.57560385
v 367577.26929088 5027647.70742826 123.57560385
v 367577.26929088 5027647.70742826 126.02560385
v 367577.26885714 5027648.91742818 126.02560385
v 367577.26885714 5027648.91742818 123.57560385
v 367577.26883921 5027648.96742818 123.57560385
v 367577.26883921 5027648.96742818 126.02560385
v 367577.26840547 5027650.17742810 126.02560385
v 367577.26840547 5027650.17742810 123.57560385
v 367577.26838755 5027650.22742810 123.57560385
v 367577.26838755 5027650.22742810 126.02560385
v 367577.26818860 5027650.78242806 126.02560385
v 367577.26788928 5027651.61742801 126.02560385
v 367577.26788928 5027651.61742801 123.57560385
v 367577.26787135 5027651.66742800 123.57560385
v 367577.26787135 5027651.66742800 126.05060385
v 367577.26787135 5027651.66742800 126.47560385
v 367577.26788928 5027651.61742801 126.47560385
v 367577.26818860 5027650.78242806 126.47560385
v 367577.26838755 5027650.22742810 126.47560385
v 367577.26840547 5027650.17742810 126.47560385
v 367577.26883921 5027648.96742818 126.47560385
v 367577.26885714 5027648.91742818 126.47560385
v 367577.26929088 5027647.70742826 126.47560385
v 367577.26930881 5027647.65742826 126.47560385
v 367577.26975431 5027646.41462834 126.47560385
v 367577.26977223 5027646.36462834 126.47560385
v 367577.26977223 5027646.36462834 126.05060385
v 367577.31818415 5027650.22744788 128.88058437
v 367577.31818415 5027650.22744788 126.47558437
v 367577.31818415 5027650.22744788 126.32558437
v 367577.31798520 5027650.78244784 126.32558437
v 367577.31768588 5027651.61744779 126.32558437
v 367577.31768588 5027651.61744779 126.47558437
v 367577.31768588 5027651.61744779 128.88058437
v 367577.34906121 5027646.41464175 129.37563519
v 367577.34861568 5027647.65754168 129.37563519
v 367577.34861568 5027647.65754168 129.32563519
v 367577.34859775 5027647.70754167 129.32563519
v 367577.34859775 5027647.70754167 129.37563519
v 367577.34816401 5027648.91754159 129.37563519
v 367577.34816401 5027648.91754159 129.32563519
v 367577.34814609 5027648.96754159 129.32563519
v 367577.34814609 5027648.96754159 129.37563519
v 367577.34771234 5027650.17754151 129.37563519
v 367577.34771234 5027650.17754151 129.32563519
v 367577.34769442 5027650.22754151 129.32563519
v 367577.34769442 5027650.22754151 129.37563519
v 367577.34749547 5027650.78254147 129.37563519
v 367577.34719615 5027651.61754142 129.37563519
v 367577.34719615 5027651.61754142 129.32563519
v 367577.34717823 5027651.66754142 129.32563519
v 367577.34717823 5027651.66754142 128.90563519
v 367577.34717823 5027651.66754142 126.32563519
v 367577.34719615 5027651.61754142 126.32563519
v 367577.34749547 5027650.78254147 126.32563519
v 367577.34769442 5027650.22754151 126.32563519
v 367577.34771234 5027650.17754151 126.32563519
v 367577.34814609 5027648.96754159 126.32563519
v 367577.34816401 5027648.91754159 126.32563519
v 367577.34859775 5027647.70754167 126.32563519
v 367577.34861568 5027647.65754168 126.32563519
v 367577.34906121 5027646.41464175 126.32563519
v 367577.34907914 5027646.36464176 126.32563519
v 367577.34907914 5027646.36464176 128.90563519
v 367577.34907914 5027646.36464176 129.32563519
v 367577.34906121 5027646.41464175 129.32563519
v 367577.26975432 5027646.41458720 126.32554147
v 367577.26975432 5027646.41458720 128.88054147
v 367577.26930878 5027647.65748712 128.88054147
v 367577.26930878 5027647.65748712 126.32554147
v 367577.26929086 5027647.70748711 126.32554147
v 367577.26929086 5027647.70748711 128.88054147
v 367577.26885712 5027648.91748704 128.88054147
v 367577.26885712 5027648.91748704 126.32554147
v 367577.26883919 5027648.96748703 126.32554147
v 367577.26883919 5027648.96748703 128.88054147
v 367577.26840545 5027650.17748696 128.88054147
v 367577.26840545 5027650.17748696 126.32554147
v 367577.26838752 5027650.22748695 126.32554147
v 367577.26838752 5027650.22748695 128.88054147
v 367577.26818858 5027650.78248692 128.88054147
v 367577.26788926 5027651.61748686 128.88054147
v 367577.26788926 5027651.61748686 126.32554147
v 367577.26787133 5027651.66748686 126.32554147
v 367577.26787133 5027651.66748686 128.90554147
v 367577.26787133 5027651.66748686 129.32554147
v 367577.26788926 5027651.61748686 129.32554147
v 367577.26788926 5027651.61748686 128.93054147
v 367577.26818858 5027650.78248692 128.93054147
v 367577.26838752 5027650.22748695 128.93054147
v 367577.26838752 5027650.22748695 129.32554147
v 367577.26840545 5027650.17748696 129.32554147
v 367577.26840545 5027650.17748696 128.93054147
v 367577.26883919 5027648.96748703 128.93054147
v 367577.26883919 5027648.96748703 129.32554147
v 367577.26885712 5027648.91748704 129.32554147
v 367577.26885712 5027648.91748704 128.93054147
v 367577.26929086 5027647.70748711 128.93054147
v 367577.26929086 5027647.70748711 129.32554147
v 367577.26930878 5027647.65748712 129.32554147
v 367577.26930878 5027647.65748712 128.93054147
v 367577.26975432 5027646.41458720 128.93054147
v 367577.26975432 5027646.41458720 129.32554147
v 367577.26977225 5027646.36458720 129.32554147
v 367577.26977225 5027646.36458720 128.90554147
v 367577.26977225 5027646.36458720 126.32554147
v 367577.34923910 5027646.36467454 132.22558946
v 367577.34922117 5027646.41467453 132.22558946
v 367577.34877567 5027647.65747445 132.22558946
v 367577.34875775 5027647.70747445 132.22558946
v 367577.34832400 5027648.91747437 132.22558946
v 367577.34830608 5027648.96747437 132.22558946
v 367577.34787233 5027650.17747429 132.22558946
v 367577.34785441 5027650.22747429 132.22558946
v 367577.34765546 5027650.78247425 132.22558946
v 367577.34741887 5027651.44247421 132.22558946
v 367577.34740095 5027651.49247421 132.22558946
v 367577.34740095 5027651.49247421 131.75058946
v 367577.34740095 5027651.49247421 129.22558946
v 367577.34741887 5027651.44247421 129.22558946
v 367577.34765546 5027650.78247425 129.22558946
v 367577.34785441 5027650.22747429 129.22558946
v 367577.34787233 5027650.17747429 129.22558946
v 367577.34830608 5027648.96747437 129.22558946
v 367577.34832400 5027648.91747437 129.22558946
v 367577.34875775 5027647.70747445 129.22558946
v 367577.34877567 5027647.65747445 129.22558946
v 367577.34922117 5027646.41467453 129.22558946
v 367577.34923910 5027646.36467454 129.22558946
v 367577.34923910 5027646.36467454 131.75058946
v 367577.31892084 5027647.65753557 131.72558602
v 367577.31936638 5027646.41463565 131.72558602
v 367577.31936638 5027646.41463565 129.37558602
v 367577.31936638 5027646.41463565 129.22558602
v 367577.31892084 5027647.65753557 129.22558602
v 367577.31892084 5027647.65753557 129.37558602
v 367577.26975430 5027646.41463937 129.22558803
v 367577.26975430 5027646.41463937 131.72558803
v 367577.26930880 5027647.65743929 131.72558803
v 367577.26930880 5027647.65743929 129.22558803
v 367577.26929088 5027647.70743929 129.22558803
v 367577.26929088 5027647.70743929 131.72558803
v 367577.26885713 5027648.91743921 131.72558803
v 367577.26885713 5027648.91743921 129.22558803
v 367577.26883921 5027648.96743921 129.22558803
v 367577.26883921 5027648.96743921 131.72558803
v 367577.26840547 5027650.17743913 131.72558803
v 367577.26840547 5027650.17743913 129.22558803
v 367577.26838754 5027650.22743913 129.22558803
v 367577.26838754 5027650.22743913 131.72558803
v 367577.26818859 5027650.78243909 131.72558803
v 367577.26795200 5027651.44243905 131.72558803
v 367577.26795200 5027651.44243905 129.22558803
v 367577.26793408 5027651.49243905 129.22558803
v 367577.26793408 5027651.49243905 131.75058803
v 367577.26793408 5027651.49243905 132.22558803
v 367577.26795200 5027651.44243905 132.22558803
v 367577.26818859 5027650.78243909 132.22558803
v 367577.26838754 5027650.22743913 132.22558803
v 367577.26840547 5027650.17743913 132.22558803
v 367577.26883921 5027648.96743921 132.22558803
v 367577.26885713 5027648.91743921 132.22558803
v 367577.26929088 5027647.70743929 132.22558803
v 367577.26930880 5027647.65743929 132.22558803
v 367577.26975430 5027646.41463937 132.22558803
v 367577.26977223 5027646.36463938 132.22558803
v 367577.26977223 5027646.36463938 131.75058803
v 367577.26977223 5027646.36463938 129.22558803
v 367577.34877567 5027647.65747384 135.07558945
v 367577.34875775 5027647.70747384 135.07558945
v 367577.34832400 5027648.91747376 135.07558945
v 367577.34830608 5027648.96747376 135.07558945
v 367577.34787233 5027650.17747368 135.07558945
v 367577.34785441 5027650.22747368 135.07558945
v 367577.34765546 5027650.78247364 135.07558945
v 367577.34741887 5027651.44247360 135.07558945
v 367577.34740095 5027651.49247360 135.07558945
v 367577.34740095 5027651.49247360 134.59558945
v 367577.34740095 5027651.49247360 132.07558945
v 367577.34741887 5027651.44247360 132.07558945
v 367577.34765546 5027650.78247364 132.07558945
v 367577.34785441 5027650.22747368 132.07558945
v 367577.34787233 5027650.17747368 132.07558945
v 367577.34830608 5027648.96747376 132.07558945
v 367577.34832400 5027648.91747376 132.07558945
v 367577.34875775 5027647.70747384 132.07558945
v 367577.34877567 5027647.65747384 132.07558945
v 367577.34922117 5027646.41467392 132.07558945
v 367577.34923910 5027646.36467392 132.07558945
v 367577.34923910 5027646.36467392 134.59558945
v 367577.34923910 5027646.36467392 135.07558945
v 367577.34922117 5027646.41467392 135.07558945
v 367577.31930603 5027646.41463498 132.07557221
v 367577.31886049 5027647.65753490 132.07557221
v 367577.31886049 5027647.65753490 132.22557221
v 367577.31886049 5027647.65753490 134.57057221
v 367577.31930603 5027646.41463498 134.57057221
v 367577.31930603 5027646.41463498 132.22557221
v 367577.26975430 5027646.41463914 132.07560283
v 367577.26975430 5027646.41463914 134.57060283
v 367577.26930880 5027647.65743906 134.57060283
v 367577.26930880 5027647.65743906 132.07560283
v 367577.26929088 5027647.70743906 132.07560283
v 367577.26929088 5027647.70743906 134.57060283
v 367577.26885713 5027648.91743898 134.57060283
v 367577.26885713 5027648.91743898 132.07560283
v 367577.26883921 5027648.96743898 132.07560283
v 367577.26883921 5027648.96743898 134.57060283
v 367577.26840547 5027650.17743890 134.57060283
v 367577.26840547 5027650.17743890 132.07560283
v 367577.26838754 5027650.22743890 132.07560283
v 367577.26838754 5027650.22743890 134.57060283
v 367577.26818859 5027650.78243886 134.57060283
v 367577.26795200 5027651.44243882 134.57060283
v 367577.26795200 5027651.44243882 132.07560283
v 367577.26793408 5027651.49243882 132.07560283
v 367577.26793408 5027651.49243882 134.59560283
v 367577.26793408 5027651.49243882 135.07560283
v 367577.26795200 5027651.44243882 135.07560283
v 367577.26818859 5027650.78243886 135.07560283
v 367577.26838754 5027650.22743890 135.07560283
v 367577.26840547 5027650.17743890 135.07560283
v 367577.26883921 5027648.96743898 135.07560283
v 367577.26885713 5027648.91743898 135.07560283
v 367577.26929088 5027647.70743906 135.07560283
v 367577.26930880 5027647.65743906 135.07560283
v 367577.26975430 5027646.41463914 135.07560283
v 367577.26977223 5027646.36463915 135.07560283
v 367577.26977223 5027646.36463915 134.59560283
v 367577.26977223 5027646.36463915 132.07560283
v 367577.31729488 5027647.65753435 137.81062001
v 367577.31774042 5027646.41463443 137.81062001
v 367577.31774042 5027646.41463443 135.07562001
v 367577.31774042 5027646.41463443 134.92562001
v 367577.31729488 5027647.65753435 134.92562001
v 367577.31729488 5027647.65753435 135.07562001
v 367577.34908018 5027647.70747396 138.62558945
v 367577.34864644 5027648.91747388 138.62558945
v 367577.34862852 5027648.96747388 138.62558945
v 367577.34819477 5027650.17747380 138.62558945
v 367577.34817685 5027650.22747380 138.62558945
v 367577.34797790 5027650.78247376 138.62558945
v 367577.34774131 5027651.44247372 138.62558945
v 367577.34772339 5027651.49247371 138.62558945
v 367577.34772339 5027651.49247371 137.83558945
v 367577.34772339 5027651.49247371 134.92558945
v 367577.34774131 5027651.44247372 134.92558945
v 367577.34797790 5027650.78247376 134.92558945
v 367577.34817685 5027650.22747380 134.92558945
v 367577.34819477 5027650.17747380 134.92558945
v 367577.34862852 5027648.96747388 134.92558945
v 367577.34864644 5027648.91747388 134.92558945
v 367577.34908018 5027647.70747396 134.92558945
v 367577.34909811 5027647.65747396 134.92558945
v 367577.34954361 5027646.41467404 134.92558945
v 367577.34956153 5027646.36467404 134.92558945
v 367577.34956153 5027646.36467404 137.83558945
v 367577.34956153 5027646.36467404 138.62558945
v 367577.34954361 5027646.41467404 138.62558945
v 367577.34909811 5027647.65747396 138.62558945
v 367577.26975429 5027646.41466790 134.92563389
v 367577.26975429 5027646.41466790 137.81063389
v 367577.26930879 5027647.65746782 137.81063389
v 367577.26930879 5027647.65746782 134.92563389
v 367577.26929087 5027647.70746782 134.92563389
v 367577.26929087 5027647.70746782 137.81063389
v 367577.26885712 5027648.91746774 137.81063389
v 367577.26885712 5027648.91746774 134.92563389
v 367577.26883920 5027648.96746774 134.92563389
v 367577.26883920 5027648.96746774 137.81063389
v 367577.26840545 5027650.17746766 137.81063389
v 367577.26840545 5027650.17746766 134.92563389
v 367577.26838753 5027650.22746766 134.92563389
v 367577.26838753 5027650.22746766 137.81063389
v 367577.26818858 5027650.78246762 137.81063389
v 367577.26795199 5027651.44246758 137.81063389
v 367577.26795199 5027651.44246758 134.92563389
v 367577.26793407 5027651.49246758 134.92563389
v 367577.26793407 5027651.49246758 137.83563389
v 367577.26793407 5027651.49246758 138.62563389
v 367577.26795199 5027651.44246758 138.62563389
v 367577.26818858 5027650.78246762 138.62563389
v 367577.26838753 5027650.22746766 138.62563389
v 367577.26840545 5027650.17746766 138.62563389
v 367577.26883920 5027648.96746774 138.62563389
v 367577.26885712 5027648.91746774 138.62563389
v 367577.26929087 5027647.70746782 138.62563389
v 367577.26930879 5027647.65746782 138.62563389
v 367577.26975429 5027646.41466790 138.62563389
v 367577.26977222 5027646.36466791 138.62563389
v 367577.26977222 5027646.36466791 137.83563389
v 367577.26977222 5027646.36466791 134.92563389
v 367568.60909771 5027642.54767058 131.71056069
v 367568.60909771 5027642.54767058 129.32556069
v 367568.60950995 5027641.39767065 129.32556069
v 367568.60950995 5027641.39767065 131.71056069
v 367568.58231892 5027639.36400185 129.25061249
v 367568.58001584 5027645.78880144 129.25061249
v 367568.58001584 5027645.78880144 129.27561249
v 367568.58001584 5027645.78880144 129.30061249
v 367568.58001584 5027645.78880144 129.83561249
v 367568.58001584 5027645.78880144 130.43561249
v 367568.58001584 5027645.78880144 131.73561249
v 367568.58001584 5027645.78880144 132.13091249
v 367568.58003377 5027645.73880144 132.13091249
v 367568.58030122 5027644.99270149 132.13091249
v 367568.58031914 5027644.94270149 132.13091249
v 367568.58072959 5027643.79770156 132.13091249
v 367568.58074751 5027643.74770157 132.13091249
v 367568.58115974 5027642.59770164 132.13091249
v 367568.58117767 5027642.54770164 132.13091249
v 367568.58158990 5027641.39770172 132.13091249
v 367568.58160783 5027641.34770172 132.13091249
v 367568.58202006 5027640.19770180 132.13091249
v 367568.58203799 5027640.14770180 132.13091249
v 367568.58230100 5027639.41400184 132.13091249
v 367568.58231892 5027639.36400185 132.13091249
v 367568.58231892 5027639.36400185 131.73561249
v 367568.58231892 5027639.36400185 130.43561249
v 367568.58231892 5027639.36400185 129.83561249
v 367568.58231892 5027639.36400185 129.30061249
v 367568.66176343 5027640.19768593 129.25861453
v 367568.66136343 5027641.34768593 129.25861453
v 367568.66136343 5027641.39768593 129.25861453
v 367568.66096343 5027642.54768592 129.25861453
v 367568.66096343 5027642.59768593 129.25861453
v 367568.66056343 5027643.74768593 129.25861453
v 367568.66046343 5027643.79768592 129.25861453
v 367568.66006343 5027644.94268593 129.25861453
v 367568.66006343 5027644.99268593 129.25861453
v 367568.65986343 5027645.73888593 129.25861453
v 367568.65976343 5027645.78888592 129.25861453
v 367568.59476343 5027645.78878593 129.25861453
v 367568.56976343 5027645.78878593 129.25861453
v 367568.57206343 5027639.36398592 129.25861453
v 367568.63706343 5027639.36398592 129.25861453
v 367568.66206343 5027639.36398592 129.25861453
v 367568.66206343 5027639.41398593 129.25861453
v 367568.66186343 5027640.14768593 129.25861453
v 367568.66206343 5027639.36398592 129.30861453
v 367568.63706343 5027639.36398592 129.30861453
v 367568.57206343 5027639.36398592 129.30861453
v 367568.56976343 5027645.78878593 129.30861453
v 367568.59476343 5027645.78878593 129.30861453
v 367568.65976343 5027645.78888592 129.30861453
v 367568.65986343 5027645.73888593 129.30861453
v 367568.66006343 5027644.99268593 129.30861453
v 367568.66006343 5027644.94268593 129.30861453
v 367568.66046343 5027643.79768592 129.30861453
v 367568.66056343 5027643.74768593 129.30861453
v 367568.66096343 5027642.59768593 129.30861453
v 367568.66096343 5027642.54768592 129.30861453
v 367568.66136343 5027641.39768593 129.30861453
v 367568.66136343 5027641.34768593 129.30861453
v 367568.66176343 5027640.19768593 129.30861453
v 367568.66186343 5027640.14768593 129.30861453
v 367568.66206343 5027639.41398593 129.30861453
v 367568.66096119 5027642.54774315 132.13089191
v 367568.66094327 5027642.59774315 132.13089191
v 367568.66053103 5027643.74774307 132.13089191
v 367568.66051311 5027643.79774307 132.13089191
v 367568.66010266 5027644.94274300 132.13089191
v 367568.66008474 5027644.99274299 132.13089191
v 367568.65981729 5027645.73884294 132.13089191
v 367568.65979936 5027645.78884294 132.13089191
v 367568.65979936 5027645.78884294 131.73559191
v 367568.65979936 5027645.78884294 130.43559191
v 367568.65979936 5027645.78884294 129.83559191
v 367568.65979936 5027645.78884294 129.30059191
v 367568.65979936 5027645.78884294 129.27559191
v 367568.65979936 5027645.78884294 129.25059191
v 367568.66210244 5027639.36404335 129.25059191
v 367568.66210244 5027639.36404335 129.27559191
v 367568.66210244 5027639.36404335 129.30059191
v 367568.66210244 5027639.36404335 129.83559191
v 367568.66210244 5027639.36404335 130.43559191
v 367568.66210244 5027639.36404335 131.73559191
v 367568.66210244 5027639.36404335 132.13089191
v 367568.66208452 5027639.41404335 132.13089191
v 367568.66182151 5027640.14774330 132.13089191
v 367568.66180359 5027640.19774330 132.13089191
v 367568.66139135 5027641.34774323 132.13089191
v 367568.66137343 5027641.39774322 132.13089191
v 367568.58382527 5027639.41405036 129.27555043
v 367568.58384319 5027639.36405036 129.27555043
v 367568.58384319 5027639.36405036 128.91225043
v 367568.58384319 5027639.36405036 128.18555043
v 367568.58384319 5027639.36405036 127.58555043
v 367568.58384319 5027639.36405036 127.05055043
v 367568.58384319 5027639.36405036 127.00055043
v 367568.58154277 5027645.78144995 127.00055043
v 367568.58154277 5027645.78144995 127.02555043
v 367568.58154277 5027645.78144995 127.05055043
v 367568.58154277 5027645.78144995 127.58555043
v 367568.58154277 5027645.78144995 128.18555043
v 367568.58154277 5027645.78144995 128.91225043
v 367568.58154277 5027645.78144995 129.27555043
v 367568.58156069 5027645.73144995 129.27555043
v 367568.58182549 5027644.99275000 129.27555043
v 367568.58184341 5027644.94275001 129.27555043
v 367568.58225386 5027643.79775008 129.27555043
v 367568.58227178 5027643.74775008 129.27555043
v 367568.58268402 5027642.59775016 129.27555043
v 367568.58270194 5027642.54775016 129.27555043
v 367568.58311418 5027641.39775023 129.27555043
v 367568.58313210 5027641.34775024 129.27555043
v 367568.58354434 5027640.19775031 129.27555043
v 367568.58356226 5027640.14775031 129.27555043
v 367568.60983414 5027641.34771069 128.88728948
v 367568.60983414 5027641.34771069 127.07558948
v 367568.61024638 5027640.19771077 127.07558948
v 367568.61024638 5027640.19771077 128.88728948
v 367568.59513987 5027644.94273655 127.00861417
v 367568.59523987 5027644.65893655 127.00861417
v 367568.59553987 5027643.74773655 127.00861417
v 367568.59563987 5027643.31273655 127.00861417
v 367568.59593987 5027642.54773655 127.00861417
v 367568.59623987 5027641.85213655 127.00861417
v 367568.59643987 5027641.34773655 127.00861417
v 367568.59673987 5027640.39163655 127.00861417
v 367568.59713987 5027639.36403655 127.00861417
v 367568.66213987 5027639.36403655 127.00861417
v 367568.68713987 5027639.36403655 127.00861417
v 367568.68483987 5027645.78143655 127.00861417
v 367568.61983987 5027645.78143655 127.00861417
v 367568.59483987 5027645.78143655 127.00861417
v 367568.59713987 5027639.36403655 127.05861417
v 367568.59673987 5027640.39163655 127.05861417
v 367568.59643987 5027641.34773655 127.05861417
v 367568.59623987 5027641.85213655 127.05861417
v 367568.59593987 5027642.54773655 127.05861417
v 367568.59563987 5027643.31273655 127.05861417
v 367568.59553987 5027643.74773655 127.05861417
v 367568.59523987 5027644.65893655 127.05861417
v 367568.59513987 5027644.94273655 127.05861417
v 367568.59483987 5027645.78143655 127.05861417
v 367568.61983987 5027645.78143655 127.05861417
v 367568.68483987 5027645.78143655 127.05861417
v 367568.68713987 5027639.36403655 127.05861417
v 367568.66213987 5027639.36403655 127.05861417
v 367568.66449615 5027641.39768754 129.27562094
v 367568.66408391 5027642.54768747 129.27562094
v 367568.66406599 5027642.59768746 129.27562094
v 367568.66365375 5027643.74768739 129.27562094
v 367568.66363583 5027643.79768739 129.27562094
v 367568.66322538 5027644.94268731 129.27562094
v 367568.66320746 5027644.99268731 129.27562094
v 367568.66294266 5027645.73138726 129.27562094
v 367568.66292474 5027645.78138726 129.27562094
v 367568.66292474 5027645.78138726 128.91222094
v 367568.66292474 5027645.78138726 128.18562094
v 367568.66292474 5027645.78138726 127.58562094
v 367568.66292474 5027645.78138726 127.05062094
v 367568.66292474 5027645.78138726 127.00062094
v 367568.66522516 5027639.36398767 127.00062094
v 367568.66522516 5027639.36398767 127.05062094
v 367568.66522516 5027639.36398767 127.58562094
v 367568.66522516 5027639.36398767 128.18562094
v 367568.66522516 5027639.36398767 128.91222094
v 367568.66522516 5027639.36398767 129.27562094
v 367568.66520724 5027639.41398767 129.27562094
v 367568.66494423 5027640.14768762 129.27562094
v 367568.66492631 5027640.19768762 129.27562094
v 367568.66451407 5027641.34768754 129.27562094
v 367568.58321214 5027639.41401668 134.97559623
v 367568.58323007 5027639.36401668 134.97559623
v 367568.58323007 5027639.36401668 134.58559623
v 367568.58323007 5027639.36401668 133.28559623
v 367568.58323007 5027639.36401668 132.68559623
v 367568.58323007 5027639.36401668 132.15059623
v 367568.58323007 5027639.36401668 132.10059623
v 367568.58092964 5027645.78141627 132.10059623
v 367568.58092964 5027645.78141627 132.15059623
v 367568.58092964 5027645.78141627 132.68559623
v 367568.58092964 5027645.78141627 133.28559623
v 367568.58092964 5027645.78141627 134.58559623
v 367568.58092964 5027645.78141627 134.97559623
v 367568.58094757 5027645.73141627 134.97559623
v 367568.58121237 5027644.99271632 134.97559623
v 367568.58123029 5027644.94271632 134.97559623
v 367568.58164073 5027643.79771640 134.97559623
v 367568.58165866 5027643.74771640 134.97559623
v 367568.58207089 5027642.59771647 134.97559623
v 367568.58208882 5027642.54771648 134.97559623
v 367568.58250105 5027641.39771655 134.97559623
v 367568.58251898 5027641.34771655 134.97559623
v 367568.58293121 5027640.19771663 134.97559623
v 367568.58294914 5027640.14771663 134.97559623
v 367568.60888376 5027641.34773545 134.56060613
v 367568.60888376 5027641.34773545 132.17560613
v 367568.60929600 5027640.19773552 132.17560613
v 367568.60929600 5027640.19773552 134.56060613
v 367568.59513987 5027644.94273655 132.10861417
v 367568.59523987 5027644.65893655 132.10861417
v 367568.59553987 5027643.74773655 132.10861417
v 367568.59563987 5027643.31273655 132.10861417
v 367568.59593987 5027642.54773655 132.10861417
v 367568.59623987 5027641.85213655 132.10861417
v 367568.59643987 5027641.34773655 132.10861417
v 367568.59673987 5027640.39163655 132.10861417
v 367568.59713987 5027639.36403655 132.10861417
v 367568.66213987 5027639.36403655 132.10861417
v 367568.68713987 5027639.36403655 132.10861417
v 367568.68483987 5027645.78143655 132.10861417
v 367568.61983987 5027645.78143655 132.10861417
v 367568.59483987 5027645.78143655 132.10861417
v 367568.59713987 5027639.36403655 132.15861417
v 367568.59673987 5027640.39163655 132.15861417
v 367568.59643987 5027641.34773655 132.15861417
v 367568.59623987 5027641.85213655 132.15861417
v 367568.59593987 5027642.54773655 132.15861417
v 367568.59563987 5027643.31273655 132.15861417
v 367568.59553987 5027643.74773655 132.15861417
v 367568.59523987 5027644.65893655 132.15861417
v 367568.59513987 5027644.94273655 132.15861417
v 367568.59483987 5027645.78143655 132.15861417
v 367568.61983987 5027645.78143655 132.15861417
v 367568.68483987 5027645.78143655 132.15861417
v 367568.68713987 5027639.36403655 132.15861417
v 367568.66213987 5027639.36403655 132.15861417
v 367568.66426015 5027641.39772410 134.97563366
v 367568.66384791 5027642.54772403 134.97563366
v 367568.66382999 5027642.59772403 134.97563366
v 367568.66341775 5027643.74772395 134.97563366
v 367568.66339983 5027643.79772395 134.97563366
v 367568.66298938 5027644.94272387 134.97563366
v 367568.66297146 5027644.99272387 134.97563366
v 367568.66270666 5027645.73142383 134.97563366
v 367568.66268874 5027645.78142382 134.97563366
v 367568.66268874 5027645.78142382 134.58563366
v 367568.66268874 5027645.78142382 133.28563366
v 367568.66268874 5027645.78142382 132.68563366
v 367568.66268874 5027645.78142382 132.15063366
v 367568.66268874 5027645.78142382 132.12563366
v 367568.66268874 5027645.78142382 132.10063366
v 367568.66498916 5027639.36402423 132.10063366
v 367568.66498916 5027639.36402423 132.15063366
v 367568.66498916 5027639.36402423 132.68563366
v 367568.66498916 5027639.36402423 133.28563366
v 367568.66498916 5027639.36402423 134.58563366
v 367568.66498916 5027639.36402423 134.97563366
v 367568.66497124 5027639.41402423 134.97563366
v 367568.66470823 5027640.14772418 134.97563366
v 367568.66469031 5027640.19772418 134.97563366
v 367568.66427807 5027641.34772411 134.97563366
f 1 2 3
f 1 3 4
f 5 6 7
f 5 7 8
f 9 10 11
f 9 11 12
f 13 14 15
f 13 15 16
f 17 18 19
f 17 19 20
f 21 22 23
f 21 23 24
f 25 26 27
f 25 27 28
f 29 30 31
f 29 31 32
f 33 34 35
f 33 35 36
f 37 38 39
f 37 39 40
f 41 42 43
f 41 43 44
f 45 46 47
f 45 47 48
f 49 50 51
f 49 51 52
f 53 54 55
f 53 55 56
f 57 58 59
f 57 59 60
f 61 62 63
f 61 63 64
f 65 66 67
f 65 67 68
f 69 70 71
f 69 71 72
f 73 74 75
f 73 75 76
f 77 78 79
f 77 79 80
f 81 82 83
f 81 83 84
f 85 86 87
f 85 87 88
f 89 90 91
f 89 91 92
f 93 94 95
f 93 95 96
f 97 98 99
f 97 99 100
f 101 102 103
f 101 103 104
f 101 104 105
f 101 105 106
f 107 108 109
f 107 109 110
f 107 110 111
f 112 113 114
f 112 114 115
f 116 117 118
f 116 118 119
f 120 121 122
f 120 122 123
f 124 125 126
f 124 126 127
f 128 129 130
f 128 130 131
f 132 133 134
f 132 134 135
f 136 137 138
f 136 138 139
f 140 141 142
f 140 142 143
f 144 145 146
f 144 146 147
f 148 149 150
f 148 150 151
f 152 153 154
f 152 154 155
f 156 157 158
f 156 158 159
f 160 161 162
f 160 162 163
f 164 165 166
f 164 166 167
f 168 169 170
f 168 170 171
f 172 173 174
f 172 174 175
f 176 177 178
f 176 178 179
f 180 181 182
f 180 182 183
f 184 185 186
f 184 186 187
f 188 189 190
f 188 190 191
f 192 193 194
f 192 194 195
f 196 197 198
f 196 198 199
f 200 201 202
f 200 202 203
f 204 205 206
f 204 206 207
f 208 209 210
f 208 210 211
f 212 213 214
f 212 214 215
f 216 217 218
f 216 218 219
f 220 221 222
f 220 222 223
f 224 225 226
f 224 226 227
f 228 229 230
f 228 230 231
f 232 233 234
f 232 234 235
f 236 237 238
f 236 238 239
f 240 241 242
f 240 242 243
f 244 245 246
f 244 246 247
f 248 249 250
f 248 250 251
f 252 253 254
f 252 254 255
f 256 257 258
f 256 258 259
f 260 261 262
f 260 262 263
f 264 265 266
f 264 266 267
f 268 269 270
f 268 270 271
f 272 273 274
f 272 274 275
f 276 277 278
f 276 278 279
f 280 281 282
f 280 282 283
f 284 285 286
f 284 286 287
f 288 289 290
f 288 290 291
f 292 293 294
f 292 294 295
f 296 297 298
f 296 298 299
f 300 301 302
f 300 302 303
f 304 305 306
f 304 306 307
f 308 309 310
f 308 310 311
f 312 313 314
f 312 314 315
f 316 317 318
f 316 318 319
f 320 321 322
f 320 322 323
f 324 325 326
f 324 326 327
f 328 329 330
f 328 330 331
f 332 333 334
f 332 334 335
f 336 337 338
f 336 338 339
f 340 341 342
f 340 342 343
f 344 345 346
f 344 346 347
f 348 349 350
f 348 350 351
f 352 353 354
f 352 354 355
f 356 357 358
f 356 358 359
f 360 361 362
f 360 362 363
f 364 365 366
f 364 366 367
f 368 369 370
f 368 370 371
f 372 373 374
f 372 374 375
f 376 377 378
f 376 378 379
f 380 381 382
f 380 382 383
f 384 385 386
f 384 386 387
f 388 389 390
f 388 390 391
f 392 393 394
f 392 394 395
f 396 397 398
f 396 398 399
f 400 401 402
f 400 402 403
f 404 405 406
f 404 406 407
f 408 409 410
f 408 410 411
f 412 413 414
f 412 414 415
f 416 417 418
f 416 418 419
f 420 421 422
f 420 422 423
f 424 425 426
f 424 426 427
f 428 429 430
f 428 430 431
f 432 433 434
f 432 434 435
f 432 435 436
f 432 436 437
f 438 439 440
f 438 440 441
f 442 443 444
f 442 444 445
f 446 447 448
f 446 448 449
f 450 451 452
f 450 452 453
f 454 455 456
f 454 456 457
f 454 457 458
f 454 458 459
f 460 461 462
f 460 462 463
f 464 465 466
f 464 466 467
f 468 469 470
f 468 470 471
f 472 473 474
f 472 474 475
f 476 477 478
f 476 478 479
f 480 481 482
f 480 482 483
f 484 485 486
f 484 486 487
f 488 489 490
f 488 490 491
f 492 493 494
f 492 494 495
f 496 497 498
f 496 498 499
f 500 501 502
f 500 502 503
f 504 505 506
f 504 506 507
f 508 509 510
f 508 510 511
f 512 513 514
f 512 514 515
f 516 517 518
f 516 518 519
f 520 521 522
f 520 522 523
f 524 525 526
f 524 526 527
f 528 529 530
f 528 530 531
f 532 533 534
f 532 534 535
f 536 537 538
f 536 538 539
f 540 541 542
f 540 542 543
f 544 545 546
f 544 546 547
f 548 549 550
f 548 550 551
f 552 553 554
f 552 554 555
f 556 557 558
f 556 558 559
f 560 561 562
f 560 562 563
f 564 565 566
f 564 566 567
f 568 569 570
f 568 570 571
f 572 573 574
f 572 574 575
f 576 577 578
f 576 578 579
f 580 581 582
f 580 582 583
f 584 585 586
f 584 586 587
f 588 589 590
f 588 590 591
f 592 593 594
f 592 594 595
f 596 597 598
f 596 598 599
f 600 601 602
f 600 602 603
f 604 605 606
f 604 606 607
f 608 609 610
f 608 610 611
f 612 613 614
f 612 614 615
f 616 617 618
f 616 618 619
f 620 621 622
f 620 622 623
f 624 625 626
f 624 626 627
f 628 629 630
f 628 630 631
f 632 633 634
f 632 634 635
f 636 637 638
f 636 638 639
f 640 641 642
f 640 642 643
f 644 645 646
f 644 646 647
f 648 649 650
f 648 650 651
f 652 653 654
f 652 654 655
f 656 657 658
f 656 658 659
f 660 661 662
f 660 662 663
f 664 665 666
f 664 666 667
f 668 669 670
f 668 670 671
f 672 673 674
f 672 674 675
f 676 677 678
f 676 678 679
f 680 681 682
f 680 682 683
f 684 685 686
f 684 686 687
f 688 689 690
f 688 690 691
f 692 693 694
f 692 694 695
f 696 697 698
f 696 698 699
f 700 701 702
f 700 702 703
f 704 705 706
f 704 706 707
f 708 709 710
f 708 710 711
f 712 713 714
f 712 714 715
f 716 717 718
f 716 718 719
f 720 721 722
f 720 722 723
f 724 725 726
f 724 726 727
f 728 729 730
f 728 730 731
f 732 733 734
f 732 734 735
f 736 737 738
f 736 738 739
f 740 741 742
f 740 742 743
f 744 745 746
f 744 746 747
f 748 749 750
f 748 750 751
f 752 753 754
f 752 754 755
f 756 757 758
f 756 758 759
f 760 761 762
f 760 762 763
f 764 765 766
f 764 766 767
f 768 769 770
f 768 770 771
f 772 773 774
f 772 774 775
f 776 777 778
f 776 778 779
f 780 781 782
f 780 782 783
f 784 785 786
f 784 786 787
f 788 789 790
f 788 790 791
f 792 793 794
f 792 794 795
f 796 797 798
f 796 798 799
f 800 801 802
f 800 802 803
f 804 805 806
f 804 806 807
f 808 809 810
f 808 810 811
f 812 813 814
f 812 814 815
f 816 817 818
f 816 818 819
f 820 821 822
f 820 822 823
f 824 825 826
f 824 826 827
f 828 829 830
f 828 830 831
f 832 833 834
f 832 834 835
f 836 837 838
f 836 838 839
f 840 841 842
f 840 842 843
f 844 845 846
f 844 846 847
f 848 849 850
f 848 850 851
f 852 853 854
f 852 854 855
f 856 857 858
f 856 858 859
f 860 861 862
f 860 862 863
f 864 865 866
f 864 866 867
f 868 869 870
f 868 870 871
f 872 873 874
f 872 874 875
f 876 877 878
f 876 878 879
f 880 881 882
f 880 882 883
f 884 885 886
f 884 886 887
f 888 889 890
f 888 890 891
f 892 893 894
f 892 894 895
f 896 897 898
f 896 898 899
f 900 901 902
f 900 902 903
f 904 905 906
f 904 906 907
f 904 907 908
f 909 910 911
f 909 911 912
f 909 912 913
f 909 913 914
f 915 916 917
f 915 917 918
f 915 918 919
f 920 921 922
f 920 922 923
f 920 923 924
f 925 926 927
f 925 927 928
f 925 928 929
f 930 931 932
f 930 932 933
f 930 933 934
f 935 936 937
f 935 937 938
f 935 938 939
f 935 939 940
f 941 942 943
f 941 943 944
f 945 946 947
f 945 947 948
f 945 948 949
f 950 951 952
f 950 952 953
f 954 955 956
f 954 956 957
f 958 959 960
f 958 960 961
f 962 963 964
f 962 964 965
f 966 967 968
f 966 968 969
f 970 971 972
f 970 972 973
f 974 975 976
f 974 976 977
f 978 979 980
f 978 980 981
f 982 983 984
f 982 984 985
f 986 987 988
f 986 988 989
f 990 991 992
f 990 992 993
f 994 995 996
f 994 996 997
f 994 997 998
f 999 1000 1001
f 999 1001 1002
f 1003 1004 1005
f 1003 1005 1006
f 1007 1008 1009
f 1007 1009 1010
f 1011 1012 1013
f 1011 1013 1014
f 1015 1016 1017
f 1015 1017 1018
f 1019 1020 1021
f 1019 1021 1022
f 1023 1024 1025
f 1023 1025 1026
f 1027 1028 1029
f 1027 1029 1030
f 1031 1032 1033
f 1031 1033 1034
f 1035 1036 1037
f 1035 1037 1038
f 1039 1040 1041
f 1039 1041 1042
f 1043 1044 1045
f 1043 1045 1046
f 1047 1048 1049
f 1047 1049 1050
f 1051 1052 1053
f 1051 1053 1054
f 1055 1056 1057
f 1055 1057 1058
f 1059 1060 1061
f 1059 1061 1062
f 1063 1064 1065
f 1063 1065 1066
f 1067 1068 1069
f 1067 1069 1070
f 1071 1072 1073
f 1071 1073 1074
f 1075 1076 1077
f 1075 1077 1078
f 1079 1080 1081
f 1079 1081 1082
f 1083 1084 1085
f 1083 1085 1086
f 1087 1088 1089
f 1087 1089 1090
f 1091 1092 1093
f 1091 1093 1094
f 1095 1096 1097
f 1095 1097 1098
f 1099 1100 1101
f 1099 1101 1102
f 1103 1104 1105
f 1103 1105 1106
f 1107 1108 1109
f 1107 1109 1110
f 1111 1112 1113
f 1111 1113 1114
f 1115 1116 1117
f 1115 1117 1118
f 1119 1120 1121
f 1119 1121 1122
f 1123 1124 1125
f 1123 1125 1126
f 1127 1128 1129
f 1127 1129 1130
f 1131 1132 1133
f 1131 1133 1134
f 1135 1136 1137
f 1135 1137 1138
f 1139 1140 1141
f 1139 1141 1142
f 1143 1144 1145
f 1143 1145 1146
f 1147 1148 1149
f 1147 1149 1150
f 1151 1152 1153
f 1151 1153 1154
f 1155 1156 1157
f 1155 1157 1158
f 1159 1160 1161
f 1159 1161 1162
f 1163 1164 1165
f 1163 1165 1166
f 1167 1168 1169
f 1167 1169 1170
f 1171 1172 1173
f 1171 1173 1174
f 1171 1174 1175
f 1171 1175 1176
f 1171 1176 1177
f 1171 1177 1178
f 1179 1180 1181
f 1179 1181 1182
f 1179 1182 1183
f 1179 1183 1184
f 1179 1184 1185
f 1179 1185 1186
f 1179 1186 1187
f 1179 1187 1188
f 1179 1188 1189
f 1179 1189 1190
f 1179 1190 1191
f 1179 1191 1192
f 1193 1194 1195
f 1193 1195 1196
f 1197 1198 1199
f 1197 1199 1200
f 1201 1202 1203
f 1201 1203 1204
f 1205 1206 1207
f 1205 1207 1208
f 1205 1208 1209
f 1205 1209 1210
f 1205 1210 1211
f 1205 1211 1212
f 1213 1214 1215
f 1213 1215 1216
f 1217 1218 1219
f 1217 1219 1220
f 1217 1220 1221
f 1217 1221 1222
f 1217 1222 1223
f 1217 1223 1224
f 1217 1224 1225
f 1217 1225 1226
f 1217 1226 1227
f 1217 1227 1228
f 1229 1230 1231
f 1229 1231 1232
f 1229 1232 1233
f 1229 1233 1234
f 1235 1236 1237
f 1235 1237 1238
f 1239 1240 1241
f 1239 1241 1242
f 1243 1244 1245
f 1243 1245 1246
f 1243 1246 1247
f 1243 1247 1248
f 1243 1248 1249
f 1243 1249 1250
f 1251 1252 1253
f 1251 1253 1254
f 1255 1256 1257
f 1255 1257 1258
f 1259 1260 1261
f 1259 1261 1262
f 1263 1264 1265
f 1263 1265 1266
f 1267 1268 1269
f 1267 1269 1270
f 1271 1272 1273
f 1271 1273 1274
f 1271 1274 1275
f 1271 1275 1276
f 1277 1278 1279
f 1277 1279 1280
f 1277 1280 1281
f 1277 1281 1282
f 1283 1284 1285
f 1283 1285 1286
f 1287 1288 1289
f 1287 1289 1290
f 1291 1292 1293
f 1291 1293 1294
f 1295 1296 1297
f 1295 1297 1298
f 1295 1298 1299
f 1295 1299 1300
f 1295 1300 1301
f 1295 1301 1302
f 1303 1304 1305
f 1303 1305 1306
f 1307 1308 1309
f 1307 1309 1310
f 1311 1312 1313
f 1311 1313 1314
f 1315 1316 1317
f 1315 1317 1318
f 1319 1320 1321
f 1319 1321 1322
f 1323 1324 1325
f 1323 1325 1326
f 1327 1328 1329
f 1327 1329 1330
f 1327 1330 1331
f 1327 1331 1332
f 1333 1334 1335
f 1333 1335 1336
f 1333 1336 1337
f 1333 1337 1338
f 1333 1338 1339
f 1340 1341 1342
f 1340 1342 1343
f 1344 1345 1346
f 1344 1346 1347
f 1348 1349 1350
f 1348 1350 1351
f 1352 1353 1354
f 1352 1354 1355
f 1356 1357 1358
f 1356 1358 1359
f 1360 1361 1362
f 1360 1362 1363
f 1360 1363 1364
f 1360 1364 1365
f 1366 1367 1368
f 1366 1368 1369
f 1370 1371 1372
f 1370 1372 1373
f 1374 1375 1376
f 1374 1376 1377
f 1374 1377 1378
f 1374 1378 1379
f 1374 1379 1380
f 1374 1380 1381
f 1382 1383 1384
f 1382 1384 1385
f 1382 1385 1386
f 1382 1386 1387
f 1382 1387 1388
f 1382 1388 1389
f 1382 1389 1390
f 1391 1392 1393
f 1391 1393 1394
f 1395 1396 1397
f 1395 1397 1398
f 1399 1400 1401
f 1399 1401 1402
f 1403 1404 1405
f 1403 1405 1406
f 1403 1406 1407
f 1403 1407 1408
f 1409 1410 1411
f 1409 1411 1412
f 1413 1414 1415
f 1413 1415 1416
f 1417 1418 1419
f 1417 1419 1420
f 1421 1422 1423
f 1421 1423 1424
f 1425 1426 1427
f 1425 1427 1428
f 1429 1430 1431
f 1429 1431 1432
f 1433 1434 1435
f 1433 1435 1436
f 1437 1438 1439
f 1437 1439 1440
f 1441 1442 1443
f 1441 1443 1444
f 1445 1446 1447
f 1445 1447 1448
f 1449 1450 1451
f 1449 1451 1452
f 1453 1454 1455
f 1453 1455 1456
f 1457 1458 1459
f 1457 1459 1460
f 1461 1462 1463
f 1461 1463 1464
f 1465 1466 1467
f 1465 1467 1468
f 1469 1470 1471
f 1469 1471 1472
f 1469 1472 1473
f 1469 1473 1474
f 1469 1474 1475
f 1476 1477 1478
f 1476 1478 1479
f 1480 1481 1482
f 1480 1482 1483
f 1480 1483 1484
f 1480 1484 1485
f 1480 1485 1486
f 1487 1488 1489
f 1487 1489 1490
f 1487 1490 1491
f 1487 1491 1492
f 1487 1492 1493
f 1487 1493 1494
f 1487 1494 1495
f 1487 1495 1496
f 1497 1498 1499
f 1497 1499 1500
f 1501 1502 1503
f 1501 1503 1504
f 1501 1504 1505
f 1501 1505 1506
f 1501 1506 1507
f 1501 1507 1508
f 1501 1508 1509
f 1501 1509 1510
f 1511 1512 1513
f 1511 1513 1514
f 1515 1516 1517
f 1515 1517 1518
f 1515 1518 1519
f 1515 1519 1520
f 1515 1520 1521
f 1522 1523 1524
f 1522 1524 1525
f 1526 1527 1528
f 1526 1528 1529
f 1530 1531 1532
f 1530 1532 1533
f 1530 1533 1534
f 1530 1534 1535
f 1536 1537 1538
f 1536 1538 1539
f 1540 1541 1542
f 1540 1542 1543
f 1544 1545 1546
f 1544 1546 1547
f 1548 1549 1550
f 1548 1550 1551
f 1548 1551 1552
f 1548 1552 1553
f 1548 1553 1554
f 1548 1554 1555
f 1548 1555 1556
f 1548 1556 1557
f 1558 1559 1560
f 1558 1560 1561
f 1562 1563 1564
f 1562 1564 1565
f 1562 1565 1566
f 1562 1566 1567
f 1562 1567 1568
f 1562 1568 1569
f 1562 1569 1570
f 1562 1570 1571
f 1572 1573 1574
f 1572 1574 1575
f 1572 1575 1576
f 1572 1576 1577
f 1572 1577 1578
f 1572 1578 1579
f 1580 1581 1582
f 1580 1582 1583
f 1580 1583 1584
f 1580 1584 1585
f 1580 1585 1586
f 1587 1588 1589
f 1587 1589 1590
f 1591 1592 1593
f 1591 1593 1594
f 1595 1596 1597
f 1595 1597 1598
f 1599 1600 1601
f 1599 1601 1602
f 1603 1604 1605
f 1603 1605 1606
f 1607 1608 1609
f 1607 1609 1610
f 1611 1612 1613
f 1611 1613 1614
f 1615 1616 1617
f 1615 1617 1618
f 1619 1620 1621
f 1619 1621 1622
f 1623 1624 1625
f 1623 1625 1626
f 1627 1628 1629
f 1627 1629 1630
f 1631 1632 1633
f 1631 1633 1634
f 1635 1636 1637
f 1635 1637 1638
f 1639 1640 1641
f 1639 1641 1642
f 1639 1642 1643
f 1639 1643 1644
f 1645 1646 1647
f 1645 1647 1648
f 1649 1650 1651
f 1649 1651 1652
f 1649 1652 1653
f 1649 1653 1654
f 1649 1654 1655
f 1656 1657 1658
f 1656 1658 1659
f 1660 1661 1662
f 1660 1662 1663
f 1664 1665 1666
f 1664 1666 1667
f 1668 1669 1670
f 1668 1670 1671
f 1672 1673 1674
f 1672 1674 1675
f 1672 1675 1676
f 1672 1676 1677
f 1678 1679 1680
f 1678 1680 1681
f 1678 1681 1682
f 1678 1682 1683
f 1684 1685 1686
f 1684 1686 1687
f 1688 1689 1690
f 1688 1690 1691
f 1692 1693 1694
f 1692 1694 1695
f 1696 1697 1698
f 1696 1698 1699
f 1700 1701 1702
f 1700 1702 1703
f 1704 1705 1706
f 1704 1706 1707
f 1708 1709 1710
f 1708 1710 1711
f 1712 1713 1714
f 1712 1714 1715
f 1716 1717 1718
f 1716 1718 1719
f 1720 1721 1722
f 1720 1722 1723
f 1724 1725 1726
f 1724 1726 1727
f 1728 1729 1730
f 1728 1730 1731
f 1732 1733 1734
f 1732 1734 1735
f 1736 1737 1738
f 1736 1738 1739
f 1740 1741 1742
f 1740 1742 1743
f 1744 1745 1746
f 1744 1746 1747
f 1748 1749 1750
f 1748 1750 1751
f 1748 1751 1752
f 1748 1752 1753
f 1748 1753 1754
f 1748 1754 1755
f 1756 1757 1758
f 1756 1758 1759
f 1760 1761 1762
f 1760 1762 1763
f 1764 1765 1766
f 1764 1766 1767
f 1768 1769 1770
f 1768 1770 1771
f 1772 1773 1774
f 1772 1774 1775
f 1776 1777 1778
f 1776 1778 1779
f 1780 1781 1782
f 1780 1782 1783
f 1784 1785 1786
f 1784 1786 1787
f 1784 1787 1788
f 1784 1788 1789
f 1790 1791 1792
f 1790 1792 1793
f 1794 1795 1796
f 1794 1796 1797
f 1798 1799 1800
f 1798 1800 1801
f 1802 1803 1804
f 1802 1804 1805
f 1802 1805 1806
f 1802 1806 1807
f 1802 1807 1808
f 1802 1808 1809
f 1810 1811 1812
f 1810 1812 1813
f 1814 1815 1816
f 1814 1816 1817
f 1818 1819 1820
f 1818 1820 1821
f 1822 1823 1824
f 1822 1824 1825
f 1826 1827 1828
f 1826 1828 1829
f 1830 1831 1832
f 1830 1832 1833
f 1834 1835 1836
f 1834 1836 1837
f 1838 1839 1840
f 1838 1840 1841
f 1842 1843 1844
f 1842 1844 1845
f 1846 1847 1848
f 1846 1848 1849
f 1850 1851 1852
f 1850 1852 1853
f 1854 1855 1856
f 1854 1856 1857
f 1858 1859 1860
f 1858 1860 1861
f 1862 1863 1864
f 1862 1864 1865
f 1862 1865 1866
f 1862 1866 1867
f 1862 1867 1868
f 1869 1870 1871
f 1869 1871 1872
f 1873 1874 1875
f 1873 1875 1876
f 1877 1878 1879
f 1877 1879 1880
f 1881 1882 1883
f 1881 1883 1884
f 1885 1886 1887
f 1885 1887 1888
f 1889 1890 1891
f 1889 1891 1892
f 1893 1894 1895
f 1893 1895 1896
f 1897 1898 1899
f 1897 1899 1900
f 1901 1902 1903
f 1901 1903 1904
f 1905 1906 1907
f 1905 1907 1908
f 1909 1910 1911
f 1909 1911 1912
f 1909 1912 1913
f 1909 1913 1914
f 1915 1916 1917
f 1915 1917 1918
f 1915 1918 1919
f 1915 1919 1920
f 1915 1920 1921
f 1922 1923 1924
f 1922 1924 1925
f 1922 1925 1926
f 1922 1926 1927
f 1928 1929 1930
f 1928 1930 1931
f 1932 1933 1934
f 1932 1934 1935
f 1936 1937 1938
f 1936 1938 1939
f 1940 1941 1942
f 1940 1942 1943
f 1944 1945 1946
f 1944 1946 1947
f 1948 1949 1950
f 1948 1950 1951
f 1952 1953 1954
f 1952 1954 1955
f 1956 1957 1958
f 1956 1958 1959
f 1960 1961 1962
f 1960 1962 1963
f 1964 1965 1966
f 1964 1966 1967
f 1968 1969 1970
f 1968 1970 1971
f 1972 1973 1974
f 1972 1974 1975
f 1976 1977 1978
f 1976 1978 1979
f 1980 1981 1982
f 1980 1982 1983
f 1984 1985 1986
f 1984 1986 1987
f 1988 1989 1990
f 1988 1990 1991
f 1988 1991 1992
f 1988 1992 1993
f 1994 1995 1996
f 1994 1996 1997
f 1998 1999 2000
f 1998 2000 2001
f 2002 2003 2004
f 2002 2004 2005
f 2006 2007 2008
f 2006 2008 2009
f 2010 2011 2012
f 2010 2012 2013
f 2014 2015 2016
f 2014 2016 2017
f 2018 2019 2020
f 2018 2020 2021
f 2022 2023 2024
f 2022 2024 2025
f 2026 2027 2028
f 2026 2028 2029
f 2030 2031 2032
f 2030 2032 2033
f 2034 2035 2036
f 2034 2036 2037
f 2038 2039 2040
f 2038 2040 2041
f 2042 2043 2044
f 2042 2044 2045
f 2046 2047 2048
f 2046 2048 2049
f 2050 2051 2052
f 2050 2052 2053
f 2054 2055 2056
f 2054 2056 2057
f 2058 2059 2060
f 2058 2060 2061
f 2062 2063 2064
f 2062 2064 2065
f 2066 2067 2068
f 2066 2068 2069
f 2070 2071 2072
f 2070 2072 2073
f 2074 2075 2076
f 2074 2076 2077
f 2074 2077 2078
f 2074 2078 2079
f 2074 2079 2080
f 2074 2080 2081
f 2074 2081 2082
f 2074 2082 2083
f 2084 2085 2086
f 2084 2086 2087
f 2084 2087 2088
f 2084 2088 2089
f 2090 2091 2092
f 2090 2092 2093
f 2094 2095 2096
f 2094 2096 2097
f 2098 2099 2100
f 2098 2100 2101
f 2102 2103 2104
f 2102 2104 2105
f 2106 2107 2108
f 2106 2108 2109
f 2110 2111 2112
f 2110 2112 2113
f 2114 2115 2116
f 2114 2116 2117
f 2118 2119 2120
f 2118 2120 2121
f 2122 2123 2124
f 2122 2124 2125
f 2126 2127 2128
f 2126 2128 2129
f 2130 2131 2132
f 2130 2132 2133
f 2134 2135 2136
f 2134 2136 2137
f 2138 2139 2140
f 2138 2140 2141
f 2142 2143 2144
f 2142 2144 2145
f 2146 2147 2148
f 2146 2148 2149
f 2150 2151 2152
f 2150 2152 2153
f 2154 2155 2156
f 2154 2156 2157
f 2158 2159 2160
f 2158 2160 2161
f 2162 2163 2164
f 2162 2164 2165
f 2166 2167 2168
f 2166 2168 2169
f 2170 2171 2172
f 2170 2172 2173
f 2174 2175 2176
f 2174 2176 2177
f 2178 2179 2180
f 2178 2180 2181
f 2182 2183 2184
f 2182 2184 2185
f 2186 2187 2188
f 2186 2188 2189
f 2190 2191 2192
f 2190 2192 2193
f 2194 2195 2196
f 2194 2196 2197
f 2198 2199 2200
f 2198 2200 2201
f 2202 2203 2204
f 2202 2204 2205
f 2206 2207 2208
f 2206 2208 2209
f 2210 2211 2212
f 2210 2212 2213
f 2214 2215 2216
f 2214 2216 2217
f 2218 2219 2220
f 2218 2220 2221
f 2222 2223 2224
f 2222 2224 2225
f 2226 2227 2228
f 2226 2228 2229
f 2230 2231 2232
f 2230 2232 2233
f 2234 2235 2236
f 2234 2236 2237
f 2238 2239 2240
f 2238 2240 2241
f 2238 2241 2242
f 2238 2242 2243
f 2244 2245 2246
f 2244 2246 2247
f 2248 2249 2250
f 2248 2250 2251
f 2252 2253 2254
f 2252 2254 2255
f 2256 2257 2258
f 2256 2258 2259
f 2256 2259 2260
f 2256 2260 2261
f 2262 2263 2264
f 2262 2264 2265
f 2266 2267 2268
f 2266 2268 2269
f 2270 2271 2272
f 2270 2272 2273
f 2274 2275 2276
f 2274 2276 2277
f 2278 2279 2280
f 2278 2280 2281
f 2282 2283 2284
f 2282 2284 2285
f 2286 2287 2288
f 2286 2288 2289
f 2286 2289 2290
f 2286 2290 2291
f 2292 2293 2294
f 2292 2294 2295
f 2296 2297 2298
f 2296 2298 2299
f 2300 2301 2302
f 2300 2302 2303
f 2304 2305 2306
f 2304 2306 2307
f 2308 2309 2310
f 2308 2310 2311
f 2312 2313 2314
f 2312 2314 2315
f 2316 2317 2318
f 2316 2318 2319
f 2320 2321 2322
f 2320 2322 2323
f 2324 2325 2326
f 2324 2326 2327
f 2328 2329 2330
f 2328 2330 2331
f 2332 2333 2334
f 2332 2334 2335
f 2336 2337 2338
f 2336 2338 2339
f 2340 2341 2342
f 2340 2342 2343
f 2344 2345 2346
f 2344 2346 2347
f 2348 2349 2350
f 2348 2350 2351
f 2348 2351 2352
f 2353 2354 2355
f 2353 2355 2356
f 2353 2356 2357
f 2358 2359 2360
f 2358 2360 2361
f 2362 2363 2364
f 2362 2364 2365
f 2366 2367 2368
f 2366 2368 2369
f 2370 2371 2372
f 2370 2372 2373
f 2374 2375 2376
f 2374 2376 2377
f 2378 2379 2380
f 2378 2380 2381
f 2378 2381 2382
f 2378 2382 2383
f 2384 2385 2386
f 2384 2386 2387
f 2384 2387 2388
f 2389 2390 2391
f 2389 2391 2392
f 2393 2394 2395
f 2393 2395 2396
f 2397 2398 2399
f 2397 2399 2400
f 2401 2402 2403
f 2401 2403 2404
f 2405 2406 2407
f 2405 2407 2408
f 2409 2410 2411
f 2409 2411 2412
f 2413 2414 2415
f 2413 2415 2416
f 2417 2418 2419
f 2417 2419 2420
f 2421 2422 2423
f 2421 2423 2424
f 2425 2426 2427
f 2425 2427 2428
f 2429 2430 2431
f 2429 2431 2432
f 2433 2434 2435
f 2433 2435 2436
f 2437 2438 2439
f 2437 2439 2440
f 2441 2442 2443
f 2441 2443 2444
f 2445 2446 2447
f 2445 2447 2448
f 2449 2450 2451
f 2449 2451 2452
f 2453 2454 2455
f 2453 2455 2456
f 2457 2458 2459
f 2457 2459 2460
f 2461 2462 2463
f 2461 2463 2464
f 2465 2466 2467
f 2465 2467 2468
f 2465 2468 2469
f 2465 2469 2470
f 2465 2470 2471
f 2472 2473 2474
f 2472 2474 2475
f 2476 2477 2478
f 2476 2478 2479
f 2480 2481 2482
f 2480 2482 2483
f 2480 2483 2484
f 2480 2484 2485
f 2480 2485 2486
f 2480 2486 2487
f 2488 2489 2490
f 2488 2490 2491
f 2488 2491 2492
f 2488 2492 2493
f 2488 2493 2494
f 2488 2494 2495
f 2488 2495 2496
f 2488 2496 2497
f 2488 2497 2498
f 2488 2498 2499
f 2488 2499 2500
f 2488 2500 2501
f 2488 2501 2502
f 2488 2502 2503
f 2504 2505 2506
f 2504 2506 2507
f 2504 2507 2508
f 2504 2508 2509
f 2504 2509 2510
f 2504 2510 2511
f 2504 2511 2512
f 2504 2512 2513
f 2514 2515 2516
f 2514 2516 2517
f 2514 2517 2518
f 2514 2518 2519
f 2514 2519 2520
f 2514 2520 2521
f 2522 2523 2524
f 2522 2524 2525
f 2522 2525 2526
f 2522 2526 2527
f 2522 2527 2528
f 2522 2528 2529
f 2530 2531 2532
f 2530 2532 2533
f 2534 2535 2536
f 2534 2536 2537
f 2538 2539 2540
f 2538 2540 2541
f 2538 2541 2542
f 2538 2542 2543
f 2538 2543 2544
f 2538 2544 2545
f 2546 2547 2548
f 2546 2548 2549
f 2550 2551 2552
f 2550 2552 2553
f 2550 2553 2554
f 2550 2554 2555
f 2550 2555 2556
f 2550 2556 2557
f 2558 2559 2560
f 2558 2560 2561
f 2558 2561 2562
f 2558 2562 2563
f 2558 2563 2564
f 2558 2564 2565
f 2566 2567 2568
f 2566 2568 2569
f 2570 2571 2572
f 2570 2572 2573
f 2570 2573 2574
f 2570 2574 2575
f 2576 2577 2578
f 2576 2578 2579
f 2580 2581 2582
f 2580 2582 2583
f 2580 2583 2584
f 2580 2584 2585
f 2586 2587 2588
f 2586 2588 2589
f 2586 2589 2590
f 2586 2590 2591
f 2586 2591 2592
f 2586 2592 2593
f 2594 2595 2596
f 2594 2596 2597
f 2594 2597 2598
f 2594 2598 2599
f 2594 2599 2600
f 2594 2600 2601
f 2594 2601 2602
f 2594 2602 2603
f 2604 2605 2606
f 2604 2606 2607
f 2604 2607 2608
f 2604 2608 2609
f 2604 2609 2610
f 2604 2610 2611
f 2604 2611 2612
f 2604 2612 2613
f 2604 2613 2614
f 2604 2614 2615
f 2604 2615 2616
f 2604 2616 2617
f 2604 2617 2618
f 2604 2618 2619
f 2604 2619 2620
f 2604 2620 2621
f 2604 2621 2622
f 2604 2622 2623
f 2604 2623 2624
f 2604 2624 2625
f 2604 2625 2626
f 2604 2626 2627
f 2604 2627 2628
f 2604 2628 2629
f 2604 2629 2630
f 2604 2630 2631
f 2604 2631 2632
f 2604 2632 2633
f 2604 2633 2634
f 2604 2634 2635
f 2604 2635 2636
f 2604 2636 2637
f 2604 2637 2638
f 2604 2638 2639
f 2640 2641 2642
f 2640 2642 2643
f 2640 2643 2644
f 2640 2644 2645
f 2640 2645 2646
f 2640 2646 2647
f 2640 2647 2648
f 2640 2648 2649
f 2640 2649 2650
f 2640 2650 2651
f 2640 2651 2652
f 2640 2652 2653
f 2640 2653 2654
f 2640 2654 2655
f 2640 2655 2656
f 2640 2656 2657
f 2640 2657 2658
f 2640 2658 2659
f 2640 2659 2660
f 2640 2660 2661
f 2640 2661 2662
f 2640 2662 2663
f 2664 2665 2666
f 2664 2666 2667
f 2664 2667 2668
f 2664 2668 2669
f 2664 2669 2670
f 2664 2670 2671
f 2664 2671 2672
f 2664 2672 2673
f 2664 2673 2674
f 2664 2674 2675
f 2664 2675 2676
f 2664 2676 2677
f 2664 2677 2678
f 2664 2678 2679
f 2664 2679 2680
f 2664 2680 2681
f 2664 2681 2682
f 2664 2682 2683
f 2664 2683 2684
f 2664 2684 2685
f 2664 2685 2686
f 2664 2686 2687
f 2688 2689 2690
f 2688 2690 2691
f 2688 2691 2692
f 2688 2692 2693
f 2688 2693 2694
f 2688 2694 2695
f 2688 2695 2696
f 2688 2696 2697
f 2688 2697 2698
f 2688 2698 2699
f 2688 2699 2700
f 2688 2700 2701
f 2688 2701 2702
f 2688 2702 2703
f 2688 2703 2704
f 2688 2704 2705
f 2688 2705 2706
f 2688 2706 2707
f 2688 2707 2708
f 2688 2708 2709
f 2688 2709 2710
f 2688 2710 2711
f 2712 2713 2714
f 2712 2714 2715
f 2712 2715 2716
f 2712 2716 2717
f 2712 2717 2718
f 2712 2718 2719
f 2712 2719 2720
f 2712 2720 2721
f 2712 2721 2722
f 2712 2722 2723
f 2712 2723 2724
f 2712 2724 2725
f 2712 2725 2726
f 2712 2726 2727
f 2712 2727 2728
f 2712 2728 2729
f 2712 2729 2730
f 2712 2730 2731
f 2712 2731 2732
f 2712 2732 2733
f 2734 2735 2736
f 2734 2736 2737
f 2734 2737 2738
f 2734 2738 2739
f 2734 2739 2740
f 2734 2740 2741
f 2734 2741 2742
f 2734 2742 2743
f 2734 2743 2744
f 2734 2744 2745
f 2734 2745 2746
f 2734 2746 2747
f 2734 2747 2748
f 2734 2748 2749
f 2734 2749 2750
f 2734 2750 2751
f 2734 2751 2752
f 2734 2752 2753
f 2734 2753 2754
f 2734 2754 2755
f 2756 2757 2758
f 2756 2758 2759
f 2756 2759 2760
f 2756 2760 2761
f 2756 2761 2762
f 2756 2762 2763
f 2756 2763 2764
f 2756 2764 2765
f 2756 2765 2766
f 2756 2766 2767
f 2756 2767 2768
f 2756 2768 2769
f 2770 2771 2772
f 2770 2772 2773
f 2774 2775 2776
f 2774 2776 2777
f 2774 2777 2778
f 2774 2778 2779
f 2774 2779 2780
f 2774 2780 2781
f 2774 2781 2782
f 2774 2782 2783
f 2784 2785 2786
f 2784 2786 2787
f 2784 2787 2788
f 2784 2788 2789
f 2784 2789 2790
f 2784 2790 2791
f 2784 2791 2792
f 2784 2792 2793
f 2794 2795 2796
f 2794 2796 2797
f 2794 2797 2798
f 2794 2798 2799
f 2794 2799 2800
f 2794 2800 2801
f 2794 2801 2802
f 2794 2802 2803
f 2804 2805 2806
f 2804 2806 2807
f 2804 2807 2808
f 2804 2808 2809
f 2804 2809 2810
f 2804 2810 2811
f 2804 2811 2812
f 2804 2812 2813
f 2814 2815 2816
f 2814 2816 2817
f 2814 2817 2818
f 2814 2818 2819
f 2814 2819 2820
f 2814 2820 2821
f 2814 2821 2822
f 2814 2822 2823
f 2824 2825 2826
f 2824 2826 2827
f 2824 2827 2828
f 2824 2828 2829
f 2824 2829 2830
f 2824 2830 2831
f 2824 2831 2832
f 2824 2832 2833
f 2834 2835 2836
f 2834 2836 2837
f 2834 2837 2838
f 2834 2838 2839
f 2834 2839 2840
f 2834 2840 2841
f 2834 2841 2842
f 2834 2842 2843
f 2844 2845 2846
f 2844 2846 2847
f 2844 2847 2848
f 2844 2848 2849
f 2844 2849 2850
f 2844 2850 2851
f 2844 2851 2852
f 2844 2852 2853
f 2854 2855 2856
f 2854 2856 2857
f 2854 2857 2858
f 2854 2858 2859
f 2854 2859 2860
f 2854 2860 2861
f 2854 2861 2862
f 2854 2862 2863
f 2864 2865 2866
f 2864 2866 2867
f 2864 2867 2868
f 2864 2868 2869
f 2864 2869 2870
f 2864 2870 2871
f 2864 2871 2872
f 2864 2872 2873
f 2864 2873 2874
f 2864 2874 2875
f 2864 2875 2876
f 2864 2876 2877
f 2878 2879 2880
f 2878 2880 2881
f 2878 2881 2882
f 2878 2882 2883
f 2878 2883 2884
f 2878 2884 2885
f 2878 2885 2886
f 2878 2886 2887
f 2878 2887 2888
f 2878 2888 2889
f 2878 2889 2890
f 2878 2890 2891
f 2878 2891 2892
f 2878 2892 2893
f 2878 2893 2894
f 2878 2894 2895
f 2878 2895 2896
f 2878 2896 2897
f 2878 2897 2898
f 2878 2898 2899
f 2878 2899 2900
f 2878 2900 2901
f 2878 2901 2902
f 2878 2902 2903
f 2878 2903 2904
f 2878 2904 2905
f 2878 2905 2906
f 2878 2906 2907
f 2878 2907 2908
f 2878 2908 2909
f 2878 2909 2910
f 2878 2910 2911
f 2878 2911 2912
f 2878 2912 2913
f 2878 2913 2914
f 2878 2914 2915
f 2878 2915 2916
f 2878 2916 2917
f 2878 2917 2918
f 2878 2918 2919
f 2878 2919 2920
f 2878 2920 2921
f 2878 2921 2922
f 2878 2922 2923
f 2878 2923 2924
f 2878 2924 2925
f 2878 2925 2926
f 2878 2926 2927
f 2878 2927 2928
f 2878 2928 2929
f 2878 2929 2930
f 2878 2930 2931
f 2878 2931 2932
f 2878 2932 2933
f 2878 2933 2934
f 2878 2934 2935
f 2878 2935 2936
f 2937 2938 2939
f 2937 2939 2940
f 2941 2942 2943
f 2941 2943 2944
f 2941 2944 2945
f 2941 2945 2946
f 2941 2946 2947
f 2941 2947 2948
f 2941 2948 2949
f 2941 2949 2950
f 2941 2950 2951
f 2941 2951 2952
f 2941 2952 2953
f 2941 2953 2954
f 2941 2954 2955
f 2941 2955 2956
f 2941 2956 2957
f 2941 2957 2958
f 2941 2958 2959
f 2941 2959 2960
f 2941 2960 2961
f 2941 2961 2962
f 2941 2962 2963
f 2941 2963 2964
f 2941 2964 2965
f 2941 2965 2966
f 2941 2966 2967
f 2941 2967 2968
f 2941 2968 2969
f 2941 2969 2970
f 2941 2970 2971
f 2941 2971 2972
f 2973 2974 2975
f 2973 2975 2976
f 2973 2976 2977
f 2973 2977 2978
f 2973 2978 2979
f 2973 2979 2980
f 2973 2980 2981
f 2973 2981 2982
f 2973 2982 2983
f 2973 2983 2984
f 2985 2986 2987
f 2985 2987 2988
f 2985 2988 2989
f 2985 2989 2990
f 2985 2990 2991
f 2985 2991 2992
f 2985 2992 2993
f 2985 2993 2994
f 2985 2994 2995
f 2985 2995 2996
f 2985 2996 2997
f 2985 2997 2998
f 2985 2998 2999
f 2985 2999 3000
f 2985 3000 3001
f 2985 3001 3002
f 2985 3002 3003
f 2985 3003 3004
f 2985 3004 3005
f 3006 3007 3008
f 3006 3008 3009
f 3006 3009 3010
f 3006 3010 3011
f 3006 3011 3012
f 3006 3012 3013
f 3006 3013 3014
f 3006 3014 3015
f 3006 3015 3016
f 3006 3016 3017
f 3006 3017 3018
f 3006 3018 3019
f 3006 3019 3020
f 3006 3020 3021
f 3022 3023 3024
f 3022 3024 3025
f 3022 3025 3026
f 3022 3026 3027
f 3022 3027 3028
f 3022 3028 3029
f 3022 3029 3030
f 3022 3030 3031
f 3022 3031 3032
f 3022 3032 3033
f 3022 3033 3034
f 3022 3034 3035
f 3022 3035 3036
f 3022 3036 3037
f 3022 3037 3038
f 3022 3038 3039
f 3022 3039 3040
f 3022 3040 3041
f 3022 3041 3042
f 3022 3042 3043
f 3022 3043 3044
f 3022 3044 3045
f 3046 3047 3048
f 3046 3048 3049
f 3046 3049 3050
f 3046 3050 3051
f 3046 3051 3052
f 3046 3052 3053
f 3046 3053 3054
f 3046 3054 3055
f 3046 3055 3056
f 3046 3056 3057
f 3046 3057 3058
f 3046 3058 3059
f 3046 3059 3060
f 3046 3060 3061
f 3046 3061 3062
f 3046 3062 3063
f 3046 3063 3064
f 3046 3064 3065
f 3046 3065 3066
f 3067 3068 3069
f 3067 3069 3070
f 3067 3070 3071
f 3067 3071 3072
f 3067 3072 3073
f 3067 3073 3074
f 3067 3074 3075
f 3067 3075 3076
f 3067 3076 3077
f 3067 3077 3078
f 3079 3080 3081
f 3079 3081 3082
f 3079 3082 3083
f 3079 3083 3084
f 3079 3084 3085
f 3079 3085 3086
f 3079 3086 3087
f 3079 3087 3088
f 3079 3088 3089
f 3079 3089 3090
f 3091 3092 3093
f 3091 3093 3094
f 3091 3094 3095
f 3091 3095 3096
f 3091 3096 3097
f 3091 3097 3098
f 3091 3098 3099
f 3091 3099 3100
f 3091 3100 3101
f 3091 3101 3102
f 3103 3104 3105
f 3103 3105 3106
f 3103 3106 3107
f 3103 3107 3108
f 3103 3108 3109
f 3103 3109 3110
f 3103 3110 3111
f 3103 3111 3112
f 3103 3112 3113
f 3103 3113 3114
f 3115 3116 3117
f 3115 3117 3118
f 3115 3118 3119
f 3115 3119 3120
f 3115 3120 3121
f 3115 3121 3122
f 3115 3122 3123
f 3115 3123 3124
f 3115 3124 3125
f 3115 3125 3126
f 3115 3126 3127
f 3115 3127 3128
f 3115 3128 3129
f 3115 3129 3130
f 3115 3130 3131
f 3115 3131 3132
f 3115 3132 3133
f 3115 3133 3134
f 3115 3134 3135
f 3115 3135 3136
f 3137 3138 3139
f 3137 3139 3140
f 3137 3140 3141
f 3137 3141 3142
f 3137 3142 3143
f 3137 3143 3144
f 3137 3144 3145
f 3137 3145 3146
f 3137 3146 3147
f 3137 3147 3148
f 3137 3148 3149
f 3137 3149 3150
f 3137 3150 3151
f 3137 3151 3152
f 3137 3152 3153
f 3137 3153 3154
f 3137 3154 3155
f 3137 3155 3156
f 3157 3158 3159
f 3157 3159 3160
f 3157 3160 3161
f 3157 3161 3162
f 3157 3162 3163
f 3157 3163 3164
f 3157 3164 3165
f 3157 3165 3166
f 3157 3166 3167
f 3157 3167 3168
f 3157 3168 3169
f 3157 3169 3170
f 3157 3170 3171
f 3157 3171 3172
f 3157 3172 3173
f 3157 3173 3174
f 3157 3174 3175
f 3157 3175 3176
f 3157 3176 3177
f 3157 3177 3178
f 3157 3178 3179
f 3157 3179 3180
f 3157 3180 3181
f 3157 3181 3182
f 3157 3182 3183
f 3157 3183 3184
f 3157 3184 3185
f 3157 3185 3186
f 3157 3186 3187
f 3157 3187 3188
f 3189 3190 3191
f 3189 3191 3192
f 3189 3192 3193
f 3189 3193 3194
f 3189 3194 3195
f 3189 3195 3196
f 3189 3196 3197
f 3189 3197 3198
f 3189 3198 3199
f 3189 3199 3200
f 3189 3200 3201
f 3189 3201 3202
f 3189 3202 3203
f 3189 3203 3204
f 3189 3204 3205
f 3189 3205 3206
f 3189 3206 3207
f 3189 3207 3208
f 3189 3208 3209
f 3189 3209 3210
f 3189 3210 3211
f 3189 3211 3212
f 3189 3212 3213
f 3189 3213 3214
f 3189 3214 3215
f 3189 3215 3216
f 3189 3216 3217
f 3189 3217 3218
f 3189 3218 3219
f 3189 3219 3220
f 3221 3222 3223
f 3221 3223 3224
f 3221 3224 3225
f 3221 3225 3226
f 3221 3226 3227
f 3221 3227 3228
f 3221 3228 3229
f 3221 3229 3230
f 3221 3230 3231
f 3221 3231 3232
f 3221 3232 3233
f 3221 3233 3234
f 3221 3234 3235
f 3221 3235 3236
f 3221 3236 3237
f 3221 3237 3238
f 3221 3238 3239
f 3221 3239 3240
f 3221 3240 3241
f 3221 3241 3242
f 3221 3242 3243
f 3221 3243 3244
f 3221 3244 3245
f 3221 3245 3246
f 3221 3246 3247
f 3221 3247 3248
f 3221 3248 3249
f 3221 3249 3250
f 3221 3250 3251
f 3221 3251 3252
f 3221 3252 3253
f 3221 3253 3254
f 3221 3254 3255
f 3221 3255 3256
f 3221 3256 3257
f 3221 3257 3258
f 3221 3258 3259
f 3221 3259 3260
f 3221 3260 3261
f 3221 3261 3262
f 3221 3262 3263
f 3221 3263 3264
f 3221 3264 3265
f 3221 3265 3266
f 3221 3266 3267
f 3221 3267 3268
f 3221 3268 3269
f 3221 3269 3270
f 3221 3270 3271
f 3221 3271 3272
f 3221 3272 3273
f 3221 3273 3274
f 3221 3274 3275
f 3221 3275 3276
f 3221 3276 3277
f 3221 3277 3278
f 3221 3278 3279
f 3221 3279 3280
f 3221 3280 3281
f 3221 3281 3282
f 3221 3282 3283
f 3221 3283 3284
f 3221 3284 3285
f 3221 3285 3286
f 3221 3286 3287
f 3221 3287 3288
f 3221 3288 3289
f 3221 3289 3290
f 3221 3290 3291
f 3221 3291 3292
f 3293 3294 3295
f 3293 3295 3296
f 3293 3296 3297
f 3293 3297 3298
f 3299 3300 3301
f 3299 3301 3302
f 3299 3302 3303
f 3299 3303 3304
f 3299 3304 3305
f 3299 3305 3306
f 3299 3306 3307
f 3299 3307 3308
f 3299 3308 3309
f 3299 3309 3310
f 3299 3310 3311
f 3299 3311 3312
f 3299 3312 3313
f 3299 3313 3314
f 3299 3314 3315
f 3299 3315 3316
f 3299 3316 3317
f 3299 3317 3318
f 3299 3318 3319
f 3299 3319 3320
f 3299 3320 3321
f 3299 3321 3322
f 3299 3322 3323
f 3299 3323 3324
f 3299 3324 3325
f 3299 3325 3326
f 3299 3326 3327
f 3299 3327 3328
f 3299 3328 3329
f 3299 3329 3330
f 3331 3332 3333
f 3331 3333 3334
f 3331 3334 3335
f 3331 3335 3336
f 3331 3336 3337
f 3331 3337 3338
f 3331 3338 3339
f 3331 3339 3340
f 3331 3340 3341
f 3331 3341 3342
f 3331 3342 3343
f 3331 3343 3344
f 3331 3344 3345
f 3331 3345 3346
f 3331 3346 3347
f 3331 3347 3348
f 3331 3348 3349
f 3331 3349 3350
f 3331 3350 3351
f 3331 3351 3352
f 3331 3352 3353
f 3331 3353 3354
f 3331 3354 3355
f 3331 3355 3356
f 3331 3356 3357
f 3331 3357 3358
f 3331 3358 3359
f 3331 3359 3360
f 3331 3360 3361
f 3331 3361 3362
f 3331 3362 3363
f 3331 3363 3364
f 3331 3364 3365
f 3331 3365 3366
f 3331 3366 3367
f 3331 3367 3368
f 3331 3368 3369
f 3331 3369 3370
f 3371 3372 3373
f 3371 3373 3374
f 3371 3374 3375
f 3371 3375 3376
f 3371 3376 3377
f 3371 3377 3378
f 3371 3378 3379
f 3371 3379 3380
f 3371 3380 3381
f 3371 3381 3382
f 3371 3382 3383
f 3371 3383 3384
f 3371 3384 3385
f 3371 3385 3386
f 3371 3386 3387
f 3371 3387 3388
f 3371 3388 3389
f 3371 3389 3390
f 3371 3390 3391
f 3371 3391 3392
f 3371 3392 3393
f 3371 3393 3394
f 3371 3394 3395
f 3371 3395 3396
f 3371 3396 3397
f 3371 3397 3398
f 3371 3398 3399
f 3371 3399 3400
f 3371 3400 3401
f 3371 3401 3402
f 3371 3402 3403
f 3371 3403 3404
f 3371 3404 3405
f 3371 3405 3406
f 3407 3408 3409
f 3407 3409 3410
f 3411 3412 3413
f 3411 3413 3414
f 3411 3414 3415
f 3411 3415 3416
f 3411 3416 3417
f 3411 3417 3418
f 3411 3418 3419
f 3411 3419 3420
f 3411 3420 3421
f 3411 3421 3422
f 3411 3422 3423
f 3411 3423 3424
f 3411 3424 3425
f 3411 3425 3426
f 3411 3426 3427
f 3411 3427 3428
f 3411 3428 3429
f 3411 3429 3430
f 3411 3430 3431
f 3411 3431 3432
f 3411 3432 3433
f 3411 3433 3434
f 3411 3434 3435
f 3411 3435 3436
f 3411 3436 3437
f 3411 3437 3438
f 3411 3438 3439
f 3411 3439 3440
f 3411 3440 3441
f 3411 3441 3442
f 3411 3442 3443
f 3411 3443 3444
f 3445 3446 3447
f 3445 3447 3448
f 3445 3448 3449
f 3445 3449 3450
f 3445 3450 3451
f 3445 3451 3452
f 3445 3452 3453
f 3445 3453 3454
f 3445 3454 3455
f 3445 3455 3456
f 3445 3456 3457
f 3445 3457 3458
f 3445 3458 3459
f 3445 3459 3460
f 3445 3460 3461
f 3445 3461 3462
f 3445 3462 3463
f 3445 3463 3464
f 3445 3464 3465
f 3445 3465 3466
f 3445 3466 3467
f 3445 3467 3468
f 3445 3468 3469
f 3445 3469 3470
f 3445 3470 3471
f 3445 3471 3472
f 3445 3472 3473
f 3445 3473 3474
f 3445 3474 3475
f 3445 3475 3476
f 3445 3476 3477
f 3445 3477 3478
f 3445 3478 3479
f 3480 3481 3482
f 3480 3482 3483
f 3480 3483 3484
f 3480 3484 3485
f 3480 3485 3486
f 3480 3486 3487
f 3480 3487 3488
f 3480 3488 3489
f 3490 3491 3492
f 3490 3492 3493
f 3490 3493 3494
f 3490 3494 3495
f 3490 3495 3496
f 3490 3496 3497
f 3490 3497 3498
f 3490 3498 3499
f 3490 3499 3500
f 3490 3500 3501
f 3490 3501 3502
f 3490 3502 3503
f 3490 3503 3504
f 3490 3504 3505
f 3490 3505 3506
f 3490 3506 3507
f 3490 3507 3508
f 3490 3508 3509
f 3490 3509 3510
f 3490 3510 3511
f 3490 3511 3512
f 3490 3512 3513
f 3490 3513 3514
f 3490 3514 3515
f 3490 3515 3516
f 3490 3516 3517
f 3490 3517 3518
f 3490 3518 3519
f 3490 3519 3520
f 3490 3520 3521
f 3490 3521 3522
f 3490 3522 3523
f 3490 3523 3524
f 3525 3526 3527
f 3525 3527 3528
f 3525 3528 3529
f 3525 3529 3530
f 3525 3530 3531
f 3525 3531 3532
f 3525 3532 3533
f 3525 3533 3534
f 3535 3536 3537
f 3535 3537 3538
f 3535 3538 3539
f 3535 3539 3540
f 3535 3540 3541
f 3535 3541 3542
f 3535 3542 3543
f 3535 3543 3544
f 3535 3544 3545
f 3535 3545 3546
f 3535 3546 3547
f 3535 3547 3548
f 3535 3548 3549
f 3535 3549 3550
f 3535 3550 3551
f 3535 3551 3552
f 3535 3552 3553
f 3535 3553 3554
f 3535 3554 3555
f 3535 3555 3556
f 3535 3556 3557
f 3535 3557 3558
f 3535 3558 3559
f 3535 3559 3560
f 3535 3560 3561
f 3535 3561 3562
f 3535 3562 3563
f 3535 3563 3564
f 3535 3564 3565
f 3535 3565 3566
f 3535 3566 3567
f 3535 3567 3568
f 3535 3568 3569
f 3535 3569 3570
f 3535 3570 3571
f 3535 3571 3572
f 3535 3572 3573
f 3535 3573 3574
f 3535 3574 3575
f 3535 3575 3576
f 3535 3576 3577
f 3578 3579 3580
f 3578 3580 3581
f 3578 3581 3582
f 3578 3582 3583
f 3578 3583 3584
f 3578 3584 3585
f 3578 3585 3586
f 3578 3586 3587
f 3578 3587 3588
f 3578 3588 3589
f 3578 3589 3590
f 3578 3590 3591
f 3592 3593 3594
f 3592 3594 3595
f 3592 3595 3596
f 3592 3596 3597
f 3592 3597 3598
f 3592 3598 3599
f 3592 3599 3600
f 3592 3600 3601
f 3592 3601 3602
f 3592 3602 3603
f 3592 3603 3604
f 3592 3604 3605
f 3606 3607 3608
f 3606 3608 3609
f 3606 3609 3610
f 3606 3610 3611
f 3606 3611 3612
f 3606 3612 3613
f 3606 3613 3614
f 3606 3614 3615
f 3606 3615 3616
f 3606 3616 3617
f 3618 3619 3620
f 3618 3620 3621
f 3618 3621 3622
f 3618 3622 3623
f 3618 3623 3624
f 3618 3624 3625
f 3618 3625 3626
f 3618 3626 3627
f 3618 3627 3628
f 3618 3628 3629
f 3618 3629 3630
f 3618 3630 3631
f 3632 3633 3634
f 3632 3634 3635
f 3632 3635 3636
f 3632 3636 3637
f 3632 3637 3638
f 3632 3638 3639
f 3632 3639 3640
f 3632 3640 3641
f 3632 3641 3642
f 3632 3642 3643
f 3644 3645 3646
f 3644 3646 3647
f 3644 3647 3648
f 3644 3648 3649
f 3644 3649 3650
f 3644 3650 3651
f 3644 3651 3652
f 3644 3652 3653
f 3644 3653 3654
f 3644 3654 3655
f 3656 3657 3658
f 3656 3658 3659
f 3656 3659 3660
f 3656 3660 3661
f 3656 3661 3662
f 3656 3662 3663
f 3656 3663 3664
f 3656 3664 3665
f 3656 3665 3666
f 3656 3666 3667
f 3668 3669 3670
f 3668 3670 3671
f 3668 3671 3672
f 3668 3672 3673
f 3668 3673 3674
f 3668 3674 3675
f 3668 3675 3676
f 3668 3676 3677
f 3668 3677 3678
f 3668 3678 3679
f 3680 3681 3682
f 3680 3682 3683
f 3680 3683 3684
f 3680 3684 3685
f 3680 3685 3686
f 3680 3686 3687
f 3680 3687 3688
f 3680 3688 3689
f 3680 3689 3690
f 3680 3690 3691
f 3692 3693 3694
f 3692 3694 3695
f 3692 3695 3696
f 3692 3696 3697
f 3692 3697 3698
f 3692 3698 3699
f 3692 3699 3700
f 3692 3700 3701
f 3692 3701 3702
f 3692 3702 3703
f 3704 3705 3706
f 3704 3706 3707
f 3704 3707 3708
f 3704 3708 3709
f 3704 3709 3710
f 3704 3710 3711
f 3704 3711 3712
f 3704 3712 3713
f 3704 3713 3714
f 3704 3714 3715
f 3704 3715 3716
f 3704 3716 3717
f 3718 3719 3720
f 3718 3720 3721
f 3718 3721 3722
f 3718 3722 3723
f 3718 3723 3724
f 3718 3724 3725
f 3718 3725 3726
f 3718 3726 3727
f 3718 3727 3728
f 3718 3728 3729
f 3730 3731 3732
f 3730 3732 3733
f 3730 3733 3734
f 3730 3734 3735
f 3730 3735 3736
f 3730 3736 3737
f 3730 3737 3738
f 3730 3738 3739
f 3730 3739 3740
f 3730 3740 3741
f 3742 3743 3744
f 3742 3744 3745
f 3742 3745 3746
f 3742 3746 3747
f 3742 3747 3748
f 3742 3748 3749
f 3742 3749 3750
f 3742 3750 3751
f 3742 3751 3752
f 3742 3752 3753
f 3754 3755 3756
f 3754 3756 3757
f 3754 3757 3758
f 3754 3758 3759
f 3754 3759 3760
f 3754 3760 3761
f 3754 3761 3762
f 3754 3762 3763
f 3754 3763 3764
f 3754 3764 3765
f 3754 3765 3766
f 3754 3766 3767
f 3754 3767 3768
f 3754 3768 3769
f 3754 3769 3770
f 3754 3770 3771
f 3754 3771 3772
f 3754 3772 3773
f 3754 3773 3774
f 3754 3774 3775
f 3754 3775 3776
f 3754 3776 3777
f 3754 3777 3778
f 3754 3778 3779
f 3754 3779 3780
f 3754 3780 3781
f 3754 3781 3782
f 3754 3782 3783
f 3754 3783 3784
f 3754 3784 3785
f 3754 3785 3786
f 3754 3786 3787
f 3754 3787 3788
f 3754 3788 3789
f 3754 3789 3790
f 3754 3790 3791
f 3754 3791 3792
f 3754 3792 3793
f 3754 3793 3794
f 3754 3794 3795
f 3754 3795 3796
f 3754 3796 3797
f 3754 3797 3798
f 3754 3798 3799
f 3754 3799 3800
f 3754 3800 3801
f 3754 3801 3802
f 3754 3802 3803
f 3754 3803 3804
f 3754 3804 3805
f 3806 3807 3808
f 3806 3808 3809
f 3810 3811 3812
f 3810 3812 3813
f 3810 3813 3814
f 3810 3814 3815
f 3810 3815 3816
f 3810 3816 3817
f 3810 3817 3818
f 3810 3818 3819
f 3810 3819 3820
f 3810 3820 3821
f 3810 3821 3822
f 3810 3822 3823
f 3810 3823 3824
f 3810 3824 3825
f 3810 3825 3826
f 3810 3826 3827
f 3810 3827 3828
f 3810 3828 3829
f 3810 3829 3830
f 3810 3830 3831
f 3810 3831 3832
f 3810 3832 3833
f 3810 3833 3834
f 3810 3834 3835
f 3810 3835 3836
f 3810 3836 3837
f 3810 3837 3838
f 3810 3838 3839
f 3810 3839 3840
f 3810 3840 3841
f 3810 3841 3842
f 3810 3842 3843
f 3810 3843 3844
f 3810 3844 3845
f 3846 3847 3848
f 3846 3848 3849
f 3846 3849 3850
f 3846 3850 3851
f 3846 3851 3852
f 3846 3852 3853
f 3846 3853 3854
f 3846 3854 3855
f 3846 3855 3856
f 3846 3856 3857
f 3846 3857 3858
f 3846 3858 3859
f 3846 3859 3860
f 3846 3860 3861
f 3846 3861 3862
f 3846 3862 3863
f 3846 3863 3864
f 3846 3864 3865
f 3846 3865 3866
f 3846 3866 3867
f 3846 3867 3868
f 3846 3868 3869
f 3846 3869 3870
f 3846 3870 3871
f 3846 3871 3872
f 3846 3872 3873
f 3846 3873 3874
f 3846 3874 3875
f 3846 3875 3876
f 3846 3876 3877
f 3846 3877 3878
f 3846 3878 3879
f 3846 3879 3880
f 3846 3880 3881
f 3882 3883 3884
f 3882 3884 3885
f 3882 3885 3886
f 3882 3886 3887
f 3882 3887 3888
f 3882 3888 3889
f 3882 3889 3890
f 3882 3890 3891
f 3882 3891 3892
f 3882 3892 3893
f 3882 3893 3894
f 3882 3894 3895
f 3882 3895 3896
f 3882 3896 3897
f 3882 3897 3898
f 3882 3898 3899
f 3882 3899 3900
f 3882 3900 3901
f 3882 3901 3902
f 3882 3902 3903
f 3882 3903 3904
f 3882 3904 3905
f 3882 3905 3906
f 3882 3906 3907
f 3882 3907 3908
f 3882 3908 3909
f 3882 3909 3910
f 3882 3910 3911
f 3882 3911 3912
f 3882 3912 3913
f 3882 3913 3914
f 3882 3914 3915
f 3882 3915 3916
f 3882 3916 3917
f 3918 3919 3920
f 3918 3920 3921
f 3922 3923 3924
f 3922 3924 3925
f 3922 3925 3926
f 3922 3926 3927
f 3922 3927 3928
f 3922 3928 3929
f 3922 3929 3930
f 3922 3930 3931
f 3922 3931 3932
f 3922 3932 3933
f 3922 3933 3934
f 3922 3934 3935
f 3922 3935 3936
f 3922 3936 3937
f 3922 3937 3938
f 3922 3938 3939
f 3922 3939 3940
f 3922 3940 3941
f 3922 3941 3942
f 3922 3942 3943
f 3922 3943 3944
f 3922 3944 3945
f 3922 3945 3946
f 3922 3946 3947
f 3922 3947 3948
f 3922 3948 3949
f 3922 3949 3950
f 3922 3950 3951
f 3922 3951 3952
f 3922 3952 3953
f 3922 3953 3954
f 3922 3954 3955
f 3922 3955 3956
f 3922 3956 3957
f 3958 3959 3960
f 3958 3960 3961
f 3962 3963 3964
f 3962 3964 3965
f 3962 3965 3966
f 3962 3966 3967
f 3962 3967 3968
f 3962 3968 3969
f 3962 3969 3970
f 3962 3970 3971
f 3962 3971 3972
f 3962 3972 3973
f 3962 3973 3974
f 3962 3974 3975
f 3962 3975 3976
f 3962 3976 3977
f 3962 3977 3978
f 3962 3978 3979
f 3962 3979 3980
f 3962 3980 3981
f 3962 3981 3982
f 3962 3982 3983
f 3962 3983 3984
f 3962 3984 3985
f 3962 3985 3986
f 3962 3986 3987
f 3962 3987 3988
f 3962 3988 3989
f 3962 3989 3990
f 3962 3990 3991
f 3962 3991 3992
f 3962 3992 3993
f 3962 3993 3994
f 3962 3994 3995
f 3962 3995 3996
f 3962 3996 3997
f 3962 3997 3998
f 3962 3998 3999
f 3962 3999 4000
f 3962 4000 4001
f 3962 4001 4002
f 3962 4002 4003
f 3962 4003 4004
f 3962 4004 4005
f 4006 4007 4008
f 4006 4008 4009
f 4006 4009 4010
f 4006 4010 4011
f 4006 4011 4012
f 4006 4012 4013
f 4006 4013 4014
f 4006 4014 4015
f 4006 4015 4016
f 4006 4016 4017
f 4006 4017 4018
f 4006 4018 4019
f 4006 4019 4020
f 4006 4020 4021
f 4006 4021 4022
f 4006 4022 4023
f 4006 4023 4024
f 4006 4024 4025
f 4026 4027 4028
f 4026 4028 4029
f 4026 4029 4030
f 4026 4030 4031
f 4026 4031 4032
f 4026 4032 4033
f 4026 4033 4034
f 4026 4034 4035
f 4026 4035 4036
f 4026 4036 4037
f 4026 4037 4038
f 4026 4038 4039
f 4026 4039 4040
f 4026 4040 4041
f 4026 4041 4042
f 4026 4042 4043
f 4026 4043 4044
f 4026 4044 4045
f 4046 4047 4048
f 4046 4048 4049
f 4046 4049 4050
f 4046 4050 4051
f 4046 4051 4052
f 4046 4052 4053
f 4046 4053 4054
f 4046 4054 4055
f 4046 4055 4056
f 4046 4056 4057
f 4046 4057 4058
f 4046 4058 4059
f 4046 4059 4060
f 4046 4060 4061
f 4046 4061 4062
f 4046 4062 4063
f 4046 4063 4064
f 4046 4064 4065
f 4046 4065 4066
f 4046 4066 4067
f 4046 4067 4068
f 4046 4068 4069
f 4046 4069 4070
f 4046 4070 4071
f 4046 4071 4072
f 4046 4072 4073
f 4046 4073 4074
f 4046 4074 4075
f 4046 4075 4076
f 4046 4076 4077
f 4046 4077 4078
f 4046 4078 4079
f 4046 4079 4080
f 4046 4080 4081
f 4046 4081 4082
f 4046 4082 4083
f 4084 4085 4086
f 4084 4086 4087
f 4088 4089 4090
f 4088 4090 4091
f 4088 4091 4092
f 4088 4092 4093
f 4088 4093 4094
f 4088 4094 4095
f 4088 4095 4096
f 4088 4096 4097
f 4098 4099 4100
f 4098 4100 4101
f 4098 4101 4102
f 4098 4102 4103
f 4098 4103 4104
f 4098 4104 4105
f 4098 4105 4106
f 4098 4106 4107
f 4108 4109 4110
f 4108 4110 4111
f 4108 4111 4112
f 4108 4112 4113
f 4108 4113 4114
f 4108 4114 4115
f 4108 4115 4116
f 4108 4116 4117
f 4108 4117 4118
f 4108 4118 4119
f 4108 4119 4120
f 4108 4120 4121
f 4108 4121 4122
f 4108 4122 4123
f 4108 4123 4124
f 4108 4124 4125
f 4108 4125 4126
f 4108 4126 4127
f 4108 4127 4128
f 4108 4128 4129
f 4108 4129 4130
f 4108 4130 4131
f 4132 4133 4134
f 4132 4134 4135
f 4136 4137 4138
f 4136 4138 4139
f 4136 4139 4140
f 4136 4140 4141
f 4136 4141 4142
f 4136 4142 4143
f 4136 4143 4144
f 4136 4144 4145
f 4136 4145 4146
f 4136 4146 4147
f 4136 4147 4148
f 4136 4148 4149
f 4136 4149 4150
f 4136 4150 4151
f 4136 4151 4152
f 4136 4152 4153
f 4136 4153 4154
f 4136 4154 4155
f 4136 4155 4156
f 4136 4156 4157
f 4136 4157 4158
f 4136 4158 4159
f 4136 4159 4160
f 4136 4160 4161
f 4162 4163 4164
f 4162 4164 4165
f 4162 4165 4166
f 4162 4166 4167
f 4162 4167 4168
f 4162 4168 4169
f 4162 4169 4170
f 4162 4170 4171
f 4162 4171 4172
f 4162 4172 4173
f 4162 4173 4174
f 4162 4174 4175
f 4176 4177 4178
f 4176 4178 4179
f 4180 4181 4182
f 4180 4182 4183
f 4180 4183 4184
f 4180 4184 4185
f 4180 4185 4186
f 4180 4186 4187
f 4180 4187 4188
f 4180 4188 4189
f 4180 4189 4190
f 4180 4190 4191
f 4180 4191 4192
f 4180 4192 4193
f 4194 4195 4196
f 4194 4196 4197
f 4194 4197 4198
f 4194 4198 4199
f 4194 4199 4200
f 4194 4200 4201
f 4194 4201 4202
f 4194 4202 4203
f 4194 4203 4204
f 4194 4204 4205
f 4194 4205 4206
f 4194 4206 4207
f 4194 4207 4208
f 4194 4208 4209
f 4194 4209 4210
f 4194 4210 4211
f 4194 4211 4212
f 4194 4212 4213
f 4194 4213 4214
f 4194 4214 4215
f 4194 4215 4216
f 4194 4216 4217
f 4194 4217 4218
f 4194 4218 4219
f 4194 4219 4220
f 4194 4220 4221
f 4194 4221 4222
f 4194 4222 4223
f 4194 4223 4224
f 4225 4226 4227
f 4225 4227 4228
f 4225 4228 4229
f 4225 4229 4230
f 4225 4230 4231
f 4225 4231 4232
f 4225 4232 4233
f 4225 4233 4234
f 4225 4234 4235
f 4225 4235 4236
f 4225 4236 4237
f 4225 4237 4238
f 4225 4238 4239
f 4225 4239 4240
f 4225 4240 4241
f 4225 4241 4242
f 4225 4242 4243
f 4225 4243 4244
f 4225 4244 4245
f 4225 4245 4246
f 4225 4246 4247
f 4225 4247 4248
f 4225 4248 4249
f 4225 4249 4250
f 4225 4250 4251
f 4225 4251 4252
f 4225 4252 4253
f 4225 4253 4254
f 4225 4254 4255
f 4256 4257 4258
f 4256 4258 4259
f 4260 4261 4262
f 4260 4262 4263
f 4260 4263 4264
f 4260 4264 4265
f 4260 4265 4266
f 4260 4266 4267
f 4260 4267 4268
f 4260 4268 4269
f 4260 4269 4270
f 4260 4270 4271
f 4260 4271 4272
f 4260 4272 4273
f 4260 4273 4274
f 4260 4274 4275
f 4276 4277 4278
f 4276 4278 4279
f 4276 4279 4280
f 4276 4280 4281
f 4276 4281 4282
f 4276 4282 4283
f 4276 4283 4284
f 4276 4284 4285
f 4276 4285 4286
f 4276 4286 4287
f 4276 4287 4288
f 4276 4288 4289
f 4276 4289 4290
f 4276 4290 4291
f 4292 4293 4294
f 4292 4294 4295
f 4292 4295 4296
f 4292 4296 4297
f 4292 4297 4298
f 4292 4298 4299
f 4292 4299 4300
f 4292 4300 4301
f 4292 4301 4302
f 4292 4302 4303
f 4304 4305 4306
f 4304 4306 4307
f 4308 4309 4310
f 4308 4310 4311
f 4308 4311 4312
f 4308 4312 4313
f 4308 4313 4314
f 4308 4314 4315
f 4308 4315 4316
f 4308 4316 4317
f 4308 4317 4318
f 4308 4318 4319
f 4320 4321 4322
f 4320 4322 4323
f 4320 4323 4324
f 4320 4324 4325
f 4320 4325 4326
f 4320 4326 4327
f 4320 4327 4328
f 4320 4328 4329
f 4320 4329 4330
f 4320 4330 4331
f 4320 4331 4332
f 4320 4332 4333
f 4320 4333 4334
f 4320 4334 4335
f 4320 4335 4336
f 4320 4336 4337
f 4320 4337 4338
f 4320 4338 4339
f 4340 4341 4342
f 4340 4342 4343
f 4344 4345 4346
f 4344 4346 4347
f 4344 4347 4348
f 4344 4348 4349
f 4344 4349 4350
f 4344 4350 4351
f 4344 4351 4352
f 4344 4352 4353
f 4344 4353 4354
f 4344 4354 4355
f 4356 4357 4358
f 4356 4358 4359
f 4356 4359 4360
f 4356 4360 4361
f 4356 4361 4362
f 4356 4362 4363
f 4356 4363 4364
f 4356 4364 4365
f 4356 4365 4366
f 4356 4366 4367
f 4356 4367 4368
f 4356 4368 4369
f 4356 4369 4370
f 4356 4370 4371
f 4356 4371 4372
f 4356 4372 4373
f 4356 4373 4374
f 4356 4374 4375
f 4356 4375 4376
f 4356 4376 4377
f 4356 4377 4378
f 4356 4378 4379
f 4356 4379 4380
f 4356 4380 4381
f 4356 4381 4382
f 4356 4382 4383
f 4356 4383 4384
f 4356 4384 4385
f 4356 4385 4386
f 4356 4386 4387
f 4356 4387 4388
f 4356 4388 4389
f 4356 4389 4390
f 4356 4390 4391
f 4356 4391 4392
f 4356 4392 4393
f 4356 4393 4394
f 4356 4394 4395
f 4356 4395 4396
f 4356 4396 4397
f 4356 4397 4398
f 4356 4398 4399
f 4400 4401 4402
f 4400 4402 4403
f 4404 4405 4406
f 4404 4406 4407
f 4404 4407 4408
f 4404 4408 4409
f 4404 4409 4410
f 4404 4410 4411
f 4404 4411 4412
f 4404 4412 4413
f 4404 4413 4414
f 4404 4414 4415
f 4404 4415 4416
f 4404 4416 4417
f 4404 4417 4418
f 4404 4418 4419
f 4404 4419 4420
f 4404 4420 4421
f 4404 4421 4422
f 4404 4422 4423
f 4404 4423 4424
f 4404 4424 4425
f 4404 4425 4426
f 4404 4426 4427
f 4404 4427 4428
f 4404 4428 4429
f 4404 4429 4430
f 4404 4430 4431
f 4404 4431 4432
f 4404 4432 4433
f 4404 4433 4434
f 4404 4434 4435
f 4404 4435 4436
f 4404 4436 4437
f 4404 4437 4438
f 4404 4438 4439
f 4404 4439 4440
f 4404 4440 4441
f 4404 4441 4442
f 4404 4442 4443
f 4404 4443 4444
f 4404 4444 4445
f 4404 4445 4446
f 4404 4446 4447
f 4448 4449 4450
f 4448 4450 4451
f 4448 4451 4452
f 4448 4452 4453
f 4448 4453 4454
f 4448 4454 4455
f 4448 4455 4456
f 4448 4456 4457
f 4448 4457 4458
f 4448 4458 4459
f 4448 4459 4460
f 4448 4460 4461
f 4448 4461 4462
f 4448 4462 4463
f 4448 4463 4464
f 4448 4464 4465
f 4448 4465 4466
f 4448 4466 4467
f 4448 4467 4468
f 4448 4468 4469
f 4448 4469 4470
f 4448 4470 4471
f 4448 4471 4472
f 4473 4474 4475
f 4473 4475 4476
f 4477 4478 4479
f 4477 4479 4480
f 4477 4480 4481
f 4477 4481 4482
f 4477 4482 4483
f 4477 4483 4484
f 4477 4484 4485
f 4477 4485 4486
f 4477 4486 4487
f 4477 4487 4488
f 4477 4488 4489
f 4477 4489 4490
f 4477 4490 4491
f 4477 4491 4492
f 4477 4492 4493
f 4477 4493 4494
f 4477 4494 4495
f 4477 4495 4496
f 4477 4496 4497
f 4477 4497 4498
f 4477 4498 4499
f 4477 4499 4500
f 4477 4500 4501
f 4502 4503 4504
f 4502 4504 4505
f 4502 4505 4506
f 4502 4506 4507
f 4502 4507 4508
f 4502 4508 4509
f 4502 4509 4510
f 4502 4510 4511
f 4512 4513 4514
f 4512 4514 4515
f 4516 4517 4518
f 4516 4518 4519
f 4516 4519 4520
f 4516 4520 4521
f 4516 4521 4522
f 4516 4522 4523
f 4516 4523 4524
f 4516 4524 4525
f 4516 4525 4526
f 4516 4526 4527
f 4528 4529 4530
f 4528 4530 4531
f 4528 4531 4532
f 4528 4532 4533
f 4528 4533 4534
f 4528 4534 4535
f 4528 4535 4536
f 4528 4536 4537
f 4528 4537 4538
f 4528 4538 4539
f 4528 4539 4540
f 4528 4540 4541
f 4528 4541 4542
f 4528 4542 4543
f 4528 4543 4544
f 4528 4544 4545
f 4528 4545 4546
f 4528 4546 4547
f 4528 4547 4548
f 4528 4548 4549
f 4528 4549 4550
f 4528 4550 4551
f 4528 4551 4552
f 4553 4554 4555
f 4553 4555 4556
f 4557 4558 4559
f 4557 4559 4560
f 4557 4560 4561
f 4557 4561 4562
f 4557 4562 4563
f 4557 4563 4564
f 4557 4564 4565
f 4557 4565 4566
f 4557 4566 4567
f 4557 4567 4568
f 4557 4568 4569
f 4557 4569 4570
f 4557 4570 4571
f 4557 4571 4572
f 4557 4572 4573
f 4557 4573 4574
f 4575 4576 4577
f 4575 4577 4578
f 4575 4578 4579
f 4575 4579 4580
f 4575 4580 4581
f 4575 4581 4582
f 4575 4582 4583
f 4575 4583 4584
f 4575 4584 4585
f 4575 4585 4586
f 4575 4586 4587
f 4575 4587 4588
f 4575 4588 4589
f 4575 4589 4590
f 4575 4590 4591
f 4575 4591 4592
f 4575 4592 4593
f 4575 4593 4594
f 4575 4594 4595
f 4575 4595 4596
f 4575 4596 4597
f 4575 4597 4598
f 4575 4598 4599
f 4575 4599 4600
f 4575 4600 4601
f 4575 4601 4602
f 4575 4602 4603
f 4575 4603 4604
f 4575 4604 4605
f 4575 4605 4606
f 4575 4606 4607
f 4575 4607 4608
f 4575 4608 4609
f 4575 4609 4610
f 4575 4610 4611
f 4575 4611 4612
f 4575 4612 4613
f 4575 4613 4614
f 4615 4616 4617
f 4615 4617 4618
f 4615 4618 4619
f 4615 4619 4620
f 4621 4622 4623
f 4621 4623 4624
f 4621 4624 4625
f 4621 4625 4626
f 4621 4626 4627
f 4621 4627 4628
f 4621 4628 4629
f 4621 4629 4630
f 4621 4630 4631
f 4621 4631 4632
f 4621 4632 4633
f 4621 4633 4634
f 4621 4634 4635
f 4621 4635 4636
f 4621 4636 4637
f 4621 4637 4638
f 4621 4638 4639
f 4621 4639 4640
f 4641 4642 4643
f 4641 4643 4644
f 4645 4646 4647
f 4645 4647 4648
f 4645 4648 4649
f 4645 4649 4650
f 4645 4650 4651
f 4645 4651 4652
f 4645 4652 4653
f 4645 4653 4654
f 4655 4656 4657
f 4655 4657 4658
f 4655 4658 4659
f 4655 4659 4660
f 4655 4660 4661
f 4655 4661 4662
f 4655 4662 4663
f 4655 4663 4664
f 4665 4666 4667
f 4665 4667 4668
f 4669 4670 4671
f 4669 4671 4672
f 4669 4672 4673
f 4669 4673 4674
f 4669 4674 4675
f 4669 4675 4676
f 4669 4676 4677
f 4669 4677 4678
f 4679 4680 4681
f 4679 4681 4682
f 4679 4682 4683
f 4679 4683 4684
f 4679 4684 4685
f 4679 4685 4686
f 4679 4686 4687
f 4679 4687 4688
f 4689 4690 4691
f 4689 4691 4692
f 4693 4694 4695
f 4693 4695 4696
f 4693 4696 4697
f 4693 4697 4698
f 4693 4698 4699
f 4693 4699 4700
f 4693 4700 4701
f 4693 4701 4702
f 4693 4702 4703
f 4693 4703 4704
f 4705 4706 4707
f 4705 4707 4708
f 4705 4708 4709
f 4705 4709 4710
f 4705 4710 4711
f 4705 4711 4712
f 4705 4712 4713
f 4705 4713 4714
f 4705 4714 4715
f 4705 4715 4716
f 4717 4718 4719
f 4717 4719 4720
f 4717 4720 4721
f 4717 4721 4722
f 4717 4722 4723
f 4717 4723 4724
f 4717 4724 4725
f 4717 4725 4726
f 4717 4726 4727
f 4717 4727 4728
f 4729 4730 4731
f 4729 4731 4732
f 4733 4734 4735
f 4733 4735 4736
f 4733 4736 4737
f 4733 4737 4738
f 4733 4738 4739
f 4733 4739 4740
f 4733 4740 4741
f 4733 4741 4742
f 4733 4742 4743
f 4733 4743 4744
f 4745 4746 4747
f 4745 4747 4748
f 4745 4748 4749
f 4745 4749 4750
f 4745 4750 4751
f 4745 4751 4752
f 4745 4752 4753
f 4745 4753 4754
f 4745 4754 4755
f 4745 4755 4756
f 4757 4758 4759
f 4757 4759 4760
f 4761 4762 4763
f 4761 4763 4764
f 4761 4764 4765
f 4761 4765 4766
f 4761 4766 4767
f 4761 4767 4768
f 4761 4768 4769
f 4761 4769 4770
f 4761 4770 4771
f 4761 4771 4772
f 4773 4774 4775
f 4773 4775 4776
f 4773 4776 4777
f 4773 4777 4778
f 4773 4778 4779
f 4773 4779 4780
f 4773 4780 4781
f 4773 4781 4782
f 4773 4782 4783
f 4773 4783 4784
f 4785 4786 4787
f 4785 4787 4788
f 4789 4790 4791
f 4789 4791 4792
f 4789 4792 4793
f 4789 4793 4794
f 4789 4794 4795
f 4789 4795 4796
f 4789 4796 4797
f 4789 4797 4798
f 4789 4798 4799
f 4789 4799 4800
f 4801 4802 4803
f 4801 4803 4804
f 4801 4804 4805
f 4801 4805 4806
f 4801 4806 4807
f 4801 4807 4808
f 4801 4808 4809
f 4801 4809 4810
f 4801 4810 4811
f 4801 4811 4812
f 4801 4812 4813
f 4801 4813 4814
f 4815 4816 4817
f 4815 4817 4818
f 4819 4820 4821
f 4819 4821 4822
f 4819 4822 4823
f 4819 4823 4824
f 4819 4824 4825
f 4819 4825 4826
f 4819 4826 4827
f 4819 4827 4828
f 4819 4828 4829
f 4819 4829 4830
f 4819 4830 4831
f 4819 4831 4832
f 4833 4834 4835
f 4833 4835 4836
f 4833 4836 4837
f 4833 4837 4838
f 4833 4838 4839
f 4833 4839 4840
f 4833 4840 4841
f 4833 4841 4842
f 4843 4844 4845
f 4843 4845 4846
f 4847 4848 4849
f 4847 4849 4850
f 4847 4850 4851
f 4847 4851 4852
f 4847 4852 4853
f 4847 4853 4854
f 4847 4854 4855
f 4847 4855 4856
f 4857 4858 4859
f 4857 4859 4860
f 4857 4860 4861
f 4857 4861 4862
f 4857 4862 4863
f 4857 4863 4864
f 4857 4864 4865
f 4857 4865 4866
f 4867 4868 4869
f 4867 4869 4870
f 4871 4872 4873
f 4871 4873 4874
f 4871 4874 4875
f 4871 4875 4876
f 4871 4876 4877
f 4871 4877 4878
f 4871 4878 4879
f 4871 4879 4880
f 4881 4882 4883
f 4881 4883 4884
f 4881 4884 4885
f 4881 4885 4886
f 4881 4886 4887
f 4881 4887 4888
f 4881 4888 4889
f 4881 4889 4890
f 4891 4892 4893
f 4891 4893 4894
f 4895 4896 4897
f 4895 4897 4898
f 4895 4898 4899
f 4895 4899 4900
f 4895 4900 4901
f 4895 4901 4902
f 4895 4902 4903
f 4895 4903 4904
f 4905 4906 4907
f 4905 4907 4908
f 4905 4908 4909
f 4905 4909 4910
f 4905 4910 4911
f 4905 4911 4912
f 4905 4912 4913
f 4905 4913 4914
f 4905 4914 4915
f 4905 4915 4916
f 4917 4918 4919
f 4917 4919 4920
f 4921 4922 4923
f 4921 4923 4924
f 4921 4924 4925
f 4921 4925 4926
f 4921 4926 4927
f 4921 4927 4928
f 4921 4928 4929
f 4921 4929 4930
f 4921 4930 4931
f 4921 4931 4932
f 4933 4934 4935
f 4933 4935 4936
f 4937 4938 4939
f 4937 4939 4940
f 4937 4940 4941
f 4937 4941 4942
f 4937 4942 4943
f 4937 4943 4944
f 4937 4944 4945
f 4937 4945 4946
f 4937 4946 4947
f 4937 4947 4948
f 4949 4950 4951
f 4949 4951 4952
f 4949 4952 4953
f 4949 4953 4954
f 4949 4954 4955
f 4949 4955 4956
f 4949 4956 4957
f 4949 4957 4958
f 4949 4958 4959
f 4949 4959 4960
f 4961 4962 4963
f 4961 4963 4964
f 4965 4966 4967
f 4965 4967 4968
f 4965 4968 4969
f 4965 4969 4970
f 4965 4970 4971
f 4965 4971 4972
f 4965 4972 4973
f 4965 4973 4974
f 4965 4974 4975
f 4965 4975 4976
f 4977 4978 4979
f 4977 4979 4980
f 4977 4980 4981
f 4977 4981 4982
f 4977 4982 4983
f 4977 4983 4984
f 4977 4984 4985
f 4977 4985 4986
f 4977 4986 4987
f 4977 4987 4988
f 4989 4990 4991
f 4989 4991 4992
f 4989 4992 4993
f 4989 4993 4994
f 4995 4996 4997
f 4995 4997 4998
f 4995 4998 4999
f 4995 4999 5000
f 4995 5000 5001
f 4995 5001 5002
f 4995 5002 5003
f 4995 5003 5004
f 4995 5004 5005
f 4995 5005 5006
f 4995 5006 5007
f 4995 5007 5008
f 4995 5008 5009
f 4995 5009 5010
f 5011 5012 5013
f 5011 5013 5014
f 5011 5014 5015
f 5011 5015 5016
f 5011 5016 5017
f 5011 5017 5018
f 5011 5018 5019
f 5011 5019 5020
f 5011 5020 5021
f 5011 5021 5022
f 5011 5022 5023
f 5011 5023 5024
f 5011 5024 5025
f 5011 5025 5026
f 5027 5028 5029
f 5027 5029 5030
f 5027 5030 5031
f 5027 5031 5032
f 5027 5032 5033
f 5027 5033 5034
f 5035 5036 5037
f 5035 5037 5038
f 5039 5040 5041
f 5039 5041 5042
f 5039 5042 5043
f 5039 5043 5044
f 5039 5044 5045
f 5039 5045 5046
f 5047 5048 5049
f 5047 5049 5050
f 5051 5052 5053
f 5051 5053 5054
f 5051 5054 5055
f 5051 5055 5056
f 5051 5056 5057
f 5051 5057 5058
f 5051 5058 5059
f 5051 5059 5060
f 5051 5060 5061
f 5051 5061 5062
f 5051 5062 5063
f 5051 5063 5064
f 5051 5064 5065
f 5051 5065 5066
f 5051 5066 5067
f 5051 5067 5068
f 5051 5068 5069
f 5051 5069 5070
f 5051 5070 5071
f 5072 5073 5074
f 5072 5074 5075
f 5072 5075 5076
f 5072 5076 5077
f 5072 5077 5078
f 5072 5078 5079
f 5072 5079 5080
f 5072 5080 5081
f 5072 5081 5082
f 5072 5082 5083
f 5072 5083 5084
f 5072 5084 5085
f 5072 5085 5086
f 5072 5086 5087
f 5072 5087 5088
f 5072 5088 5089
f 5072 5089 5090
f 5072 5090 5091
f 5072 5091 5092
f 5072 5092 5093
f 5072 5093 5094
f 5072 5094 5095
f 5072 5095 5096
f 5072 5096 5097
f 5098 5099 5100
f 5098 5100 5101
f 5098 5101 5102
f 5098 5102 5103
f 5098 5103 5104
f 5098 5104 5105
f 5098 5105 5106
f 5098 5106 5107
f 5098 5107 5108
f 5098 5108 5109
f 5110 5111 5112
f 5110 5112 5113
f 5114 5115 5116
f 5114 5116 5117
f 5114 5117 5118
f 5114 5118 5119
f 5114 5119 5120
f 5114 5120 5121
f 5114 5121 5122
f 5114 5122 5123
f 5114 5123 5124
f 5114 5124 5125
f 5126 5127 5128
f 5126 5128 5129
f 5126 5129 5130
f 5126 5130 5131
f 5126 5131 5132
f 5126 5132 5133
f 5126 5133 5134
f 5126 5134 5135
f 5126 5135 5136
f 5126 5136 5137
f 5126 5137 5138
f 5126 5138 5139
f 5126 5139 5140
f 5126 5140 5141
f 5126 5141 5142
f 5126 5142 5143
f 5126 5143 5144
f 5126 5144 5145
f 5146 5147 5148
f 5146 5148 5149
f 5150 5151 5152
f 5150 5152 5153
f 5150 5153 5154
f 5150 5154 5155
f 5150 5155 5156
f 5150 5156 5157
f 5150 5157 5158
f 5150 5158 5159
f 5150 5159 5160
f 5150 5160 5161
f 5150 5161 5162
f 5150 5162 5163
f 5150 5163 5164
f 5150 5164 5165
f 5150 5165 5166
f 5150 5166 5167
f 5150 5167 5168
f 5150 5168 5169
f 5170 5171 5172
f 5170 5172 5173
f 5174 5175 5176
f 5174 5176 5177
f 5174 5177 5178
f 5174 5178 5179
f 5174 5179 5180
f 5174 5180 5181
f 5174 5181 5182
f 5174 5182 5183
f 5174 5183 5184
f 5174 5184 5185
f 5174 5185 5186
f 5174 5186 5187
f 5174 5187 5188
f 5174 5188 5189
f 5174 5189 5190
f 5174 5190 5191
f 5192 5193 5194
f 5192 5194 5195
f 5192 5195 5196
f 5192 5196 5197
f 5192 5197 5198
f 5192 5198 5199
f 5192 5199 5200
f 5192 5200 5201
f 5192 5201 5202
f 5192 5202 5203
f 5192 5203 5204
f 5192 5204 5205
f 5192 5205 5206
f 5192 5206 5207
f 5192 5207 5208
f 5192 5208 5209
f 5210 5211 5212
f 5210 5212 5213
f 5214 5215 5216
f 5214 5216 5217
f 5214 5217 5218
f 5214 5218 5219
f 5214 5219 5220
f 5214 5220 5221
f 5214 5221 5222
f 5214 5222 5223
f 5214 5223 5224
f 5214 5224 5225
f 5214 5225 5226
f 5214 5226 5227
f 5214 5227 5228
f 5214 5228 5229
f 5214 5229 5230
f 5214 5230 5231
f 5232 5233 5234
f 5232 5234 5235
f 5232 5235 5236
f 5232 5236 5237
f 5232 5237 5238
f 5232 5238 5239
f 5232 5239 5240
f 5232 5240 5241
f 5232 5241 5242
f 5232 5242 5243
f 5232 5243 5244
f 5232 5244 5245
f 5232 5245 5246
f 5232 5246 5247
f 5232 5247 5248
f 5232 5248 5249
f 5250 5251 5252
f 5250 5252 5253
f 5254 5255 5256
f 5254 5256 5257
f 5254 5257 5258
f 5254 5258 5259
f 5254 5259 5260
f 5254 5260 5261
f 5254 5261 5262
f 5254 5262 5263
f 5254 5263 5264
f 5254 5264 5265
f 5254 5265 5266
f 5254 5266 5267
f 5254 5267 5268
f 5254 5268 5269
f 5254 5269 5270
f 5254 5270 5271
f 5272 5273 5274
f 5272 5274 5275
f 5272 5275 5276
f 5272 5276 5277
f 5272 5277 5278
f 5272 5278 5279
f 5272 5279 5280
f 5272 5280 5281
f 5272 5281 5282
f 5272 5282 5283
f 5272 5283 5284
f 5272 5284 5285
f 5272 5285 5286
f 5272 5286 5287
f 5272 5287 5288
f 5272 5288 5289
f 5290 5291 5292
f 5290 5292 5293
f 5290 5293 5294
f 5290 5294 5295
f 5290 5295 5296
f 5297 5298 5299
f 5297 5299 5300
f 5297 5300 5301
f 5297 5301 5302
f 5297 5302 5303
f 5297 5303 5304
f 5297 5304 5305
f 5297 5305 5306
f 5297 5306 5307
f 5297 5307 5308
f 5297 5308 5309
f 5297 5309 5310
f 5297 5310 5311
f 5297 5311 5312
f 5297 5312 5313
f 5297 5313 5314
f 5297 5314 5315
f 5297 5315 5316
f 5297 5316 5317
f 5297 5317 5318
f 5297 5318 5319
f 5297 5319 5320
f 5321 5322 5323
f 5321 5323 5324
f 5321 5324 5325
f 5321 5325 5326
f 5321 5326 5327
f 5321 5327 5328
f 5321 5328 5329
f 5321 5329 5330
f 5321 5330 5331
f 5321 5331 5332
f 5321 5332 5333
f 5321 5333 5334
f 5321 5334 5335
f 5321 5335 5336
f 5321 5336 5337
f 5321 5337 5338
f 5321 5338 5339
f 5321 5339 5340
f 5321 5340 5341
f 5321 5341 5342
f 5321 5342 5343
f 5321 5343 5344
f 5321 5344 5345
f 5321 5345 5346
f 5321 5346 5347
f 5321 5347 5348
f 5321 5348 5349
f 5321 5349 5350
f 5321 5350 5351
f 5321 5351 5352
f 5353 5354 5355
f 5353 5355 5356
f 5353 5356 5357
f 5353 5357 5358
f 5353 5358 5359
f 5360 5361 5362
f 5360 5362 5363
f 5360 5363 5364
f 5360 5364 5365
f 5360 5365 5366
f 5360 5366 5367
f 5360 5367 5368
f 5360 5368 5369
f 5360 5369 5370
f 5360 5370 5371
f 5360 5371 5372
f 5360 5372 5373
f 5360 5373 5374
f 5360 5374 5375
f 5360 5375 5376
f 5360 5376 5377
f 5360 5377 5378
f 5360 5378 5379
f 5360 5379 5380
f 5360 5380 5381
f 5360 5381 5382
f 5360 5382 5383
f 5360 5383 5384
f 5360 5384 5385
f 5360 5385 5386
f 5360 5386 5387
f 5360 5387 5388
f 5360 5388 5389
f 5360 5389 5390
f 5360 5390 5391
f 5392 5393 5394
f 5392 5394 5395
f 5392 5395 5396
f 5392 5396 5397
f 5392 5397 5398
f 5392 5398 5399
f 5392 5399 5400
f 5392 5400 5401
f 5392 5401 5402
f 5392 5402 5403
f 5392 5403 5404
f 5392 5404 5405
f 5392 5405 5406
f 5392 5406 5407
f 5392 5407 5408
f 5392 5408 5409
f 5392 5409 5410
f 5392 5410 5411
f 5392 5411 5412
f 5392 5412 5413
f 5392 5413 5414
f 5392 5414 5415
f 5392 5415 5416
f 5392 5416 5417
f 5392 5417 5418
f 5392 5418 5419
f 5392 5419 5420
f 5392 5420 5421
f 5392 5421 5422
f 5392 5422 5423
f 5392 5423 5424
f 5392 5424 5425
f 5392 5425 5426
f 5392 5426 5427
f 5392 5427 5428
f 5392 5428 5429
f 5392 5429 5430
f 5392 5430 5431
f 5432 5433 5434
f 5432 5434 5435
f 5432 5435 5436
f 5432 5436 5437
f 5432 5437 5438
f 5432 5438 5439
f 5432 5439 5440
f 5432 5440 5441
f 5432 5441 5442
f 5432 5442 5443
f 5432 5443 5444
f 5432 5444 5445
f 5432 5445 5446
f 5432 5446 5447
f 5432 5447 5448
f 5432 5448 5449
f 5432 5449 5450
f 5432 5450 5451
f 5432 5451 5452
f 5432 5452 5453
f 5432 5453 5454
f 5432 5454 5455
f 5456 5457 5458
f 5456 5458 5459
f 5456 5459 5460
f 5456 5460 5461
f 5462 5463 5464
f 5462 5464 5465
f 5462 5465 5466
f 5462 5466 5467
f 5462 5467 5468
f 5462 5468 5469
f 5462 5469 5470
f 5462 5470 5471
f 5462 5471 5472
f 5462 5472 5473
f 5462 5473 5474
f 5462 5474 5475
f 5462 5475 5476
f 5462 5476 5477
f 5462 5477 5478
f 5462 5478 5479
f 5462 5479 5480
f 5462 5480 5481
f 5462 5481 5482
f 5462 5482 5483
f 5462 5483 5484
f 5462 5484 5485
f 5462 5485 5486
f 5462 5486 5487
f 5462 5487 5488
f 5462 5488 5489
f 5462 5489 5490
f 5462 5490 5491
f 5462 5491 5492
f 5462 5492 5493
f 5494 5495 5496
f 5494 5496 5497
f 5494 5497 5498
f 5494 5498 5499
f 5494 5499 5500
f 5494 5500 5501
f 5494 5501 5502
f 5494 5502 5503
f 5494 5503 5504
f 5494 5504 5505
f 5494 5505 5506
f 5494 5506 5507
f 5494 5507 5508
f 5494 5508 5509
f 5494 5509 5510
f 5494 5510 5511
f 5494 5511 5512
f 5494 5512 5513
f 5494 5513 5514
f 5494 5514 5515
f 5494 5515 5516
f 5494 5516 5517
f 5518 5519 5520
f 5518 5520 5521
f 5518 5521 5522
f 5518 5522 5523
f 5524 5525 5526
f 5524 5526 5527
f 5524 5527 5528
f 5524 5528 5529
f 5524 5529 5530
f 5524 5530 5531
f 5524 5531 5532
f 5524 5532 5533
f 5524 5533 5534
f 5524 5534 5535
f 5524 5535 5536
f 5524 5536 5537
f 5524 5537 5538
f 5524 5538 5539
f 5524 5539 5540
f 5524 5540 5541
f 5524 5541 5542
f 5524 5542 5543
f 5524 5543 5544
f 5524 5544 5545
f 5524 5545 5546
f 5524 5546 5547
f 5524 5547 5548
f 5524 5548 5549
f 5524 5549 5550
f 5524 5550 5551
f 5524 5551 5552
f 5524 5552 5553
f 5524 5553 5554
f 5524 5554 5555
f 5556 5557 5558
f 5556 5558 5559
f 5556 5559 5560
f 5556 5560 5561
f 5562 5563 5564
f 5562 5564 5565
f 5562 5565 5566
f 5562 5566 5567
f 5562 5567 5568
f 5562 5568 5569
f 5562 5569 5570
f 5562 5570 5571
f 5562 5571 5572
f 5562 5572 5573
f 5562 5573 5574
f 5562 5574 5575
f 5562 5575 5576
f 5562 5576 5577
f 5562 5577 5578
f 5562 5578 5579
f 5562 5579 5580
f 5562 5580 5581
f 5562 5581 5582
f 5562 5582 5583
f 5562 5583 5584
f 5562 5584 5585
f 5586 5587 5588
f 5586 5588 5589
f 5586 5589 5590
f 5586 5590 5591
f 5586 5591 5592
f 5586 5592 5593
f 5586 5593 5594
f 5586 5594 5595
f 5586 5595 5596
f 5586 5596 5597
f 5586 5597 5598
f 5586 5598 5599
f 5586 5599 5600
f 5586 5600 5601
f 5586 5601 5602
f 5586 5602 5603
f 5586 5603 5604
f 5586 5604 5605
f 5586 5605 5606
f 5586 5606 5607
f 5586 5607 5608
f 5586 5608 5609
f 5586 5609 5610
f 5586 5610 5611
f 5586 5611 5612
f 5586 5612 5613
f 5586 5613 5614
f 5586 5614 5615
f 5586 5615 5616
f 5586 5616 5617
f 5618 5619 5620
f 5618 5620 5621
f 5622 5623 5624
f 5622 5624 5625
f 5622 5625 5626
f 5622 5626 5627
f 5622 5627 5628
f 5622 5628 5629
f 5622 5629 5630
f 5622 5630 5631
f 5622 5631 5632
f 5622 5632 5633
f 5622 5633 5634
f 5622 5634 5635
f 5622 5635 5636
f 5622 5636 5637
f 5622 5637 5638
f 5622 5638 5639
f 5622 5639 5640
f 5622 5640 5641
f 5622 5641 5642
f 5622 5642 5643
f 5622 5643 5644
f 5622 5644 5645
f 5622 5645 5646
f 5647 5648 5649
f 5647 5649 5650
f 5647 5650 5651
f 5647 5651 5652
f 5647 5652 5653
f 5647 5653 5654
f 5647 5654 5655
f 5647 5655 5656
f 5647 5656 5657
f 5647 5657 5658
f 5647 5658 5659
f 5647 5659 5660
f 5647 5660 5661
f 5647 5661 5662
f 5647 5662 5663
f 5647 5663 5664
f 5665 5666 5667
f 5665 5667 5668
f 5665 5668 5669
f 5665 5669 5670
f 5665 5670 5671
f 5665 5671 5672
f 5665 5672 5673
f 5665 5673 5674
f 5665 5674 5675
f 5665 5675 5676
f 5665 5676 5677
f 5665 5677 5678
f 5665 5678 5679
f 5665 5679 5680
f 5665 5680 5681
f 5665 5681 5682
f 5683 5684 5685
f 5683 5685 5686
f 5683 5686 5687
f 5683 5687 5688
f 5683 5688 5689
f 5683 5689 5690
f 5683 5690 5691
f 5683 5691 5692
f 5683 5692 5693
f 5683 5693 5694
f 5683 5694 5695
f 5683 5695 5696
f 5683 5696 5697
f 5683 5697 5698
f 5683 5698 5699
f 5683 5699 5700
f 5683 5700 5701
f 5683 5701 5702
f 5683 5702 5703
f 5683 5703 5704
f 5683 5704 5705
f 5683 5705 5706
f 5683 5706 5707
f 5683 5707 5708
f 5709 5710 5711
f 5709 5711 5712
f 5709 5712 5713
f 5709 5713 5714
f 5709 5714 5715
f 5709 5715 5716
f 5709 5716 5717
f 5709 5717 5718
f 5709 5718 5719
f 5709 5719 5720
f 5709 5720 5721
f 5709 5721 5722
f 5709 5722 5723
f 5709 5723 5724
f 5709 5724 5725
f 5709 5725 5726
f 5709 5726 5727
f 5709 5727 5728
f 5709 5728 5729
f 5709 5729 5730
f 5709 5730 5731
f 5709 5731 5732
f 5709 5732 5733
f 5734 5735 5736
f 5734 5736 5737
f 5738 5739 5740
f 5738 5740 5741
f 5738 5741 5742
f 5738 5742 5743
f 5738 5743 5744
f 5738 5744 5745
f 5738 5745 5746
f 5738 5746 5747
f 5738 5747 5748
f 5738 5748 5749
f 5738 5749 5750
f 5738 5750 5751
f 5752 5753 5754
f 5752 5754 5755
f 5752 5755 5756
f 5752 5756 5757
f 5752 5757 5758
f 5752 5758 5759
f 5752 5759 5760
f 5752 5760 5761
f 5752 5761 5762
f 5752 5762 5763
f 5752 5763 5764
f 5752 5764 5765
f 5766 5767 5768
f 5766 5768 5769
f 5766 5769 5770
f 5766 5770 5771
f 5766 5771 5772
f 5766 5772 5773
f 5766 5773 5774
f 5766 5774 5775
f 5766 5775 5776
f 5766 5776 5777
f 5766 5777 5778
f 5766 5778 5779
f 5766 5779 5780
f 5766 5780 5781
f 5766 5781 5782
f 5766 5782 5783
f 5766 5783 5784
f 5766 5784 5785
f 5766 5785 5786
f 5766 5786 5787
f 5766 5787 5788
f 5766 5788 5789
f 5790 5791 5792
f 5790 5792 5793
f 5790 5793 5794
f 5790 5794 5795
f 5790 5795 5796
f 5790 5796 5797
f 5790 5797 5798
f 5790 5798 5799
f 5790 5799 5800
f 5790 5800 5801
f 5790 5801 5802
f 5790 5802 5803
f 5790 5803 5804
f 5790 5804 5805
f 5790 5805 5806
f 5790 5806 5807
f 5790 5807 5808
f 5790 5808 5809
f 5790 5809 5810
f 5790 5810 5811
f 5790 5811 5812
f 5790 5812 5813
f 5814 5815 5816
f 5814 5816 5817
f 5818 5819 5820
f 5818 5820 5821
f 5818 5821 5822
f 5818 5822 5823
f 5818 5823 5824
f 5818 5824 5825
f 5818 5825 5826
f 5818 5826 5827
f 5818 5827 5828
f 5818 5828 5829
f 5818 5829 5830
f 5818 5830 5831
f 5832 5833 5834
f 5832 5834 5835
f 5832 5835 5836
f 5832 5836 5837
f 5832 5837 5838
f 5832 5838 5839
f 5832 5839 5840
f 5832 5840 5841
f 5832 5841 5842
f 5832 5842 5843
f 5832 5843 5844
f 5832 5844 5845
f 5846 5847 5848
f 5846 5848 5849
f 5846 5849 5850
f 5846 5850 5851
f 5846 5851 5852
f 5846 5852 5853
f 5846 5853 5854
f 5846 5854 5855
f 5846 5855 5856
f 5846 5856 5857
f 5846 5857 5858
f 5846 5858 5859
f 5846 5859 5860
f 5846 5860 5861
f 5846 5861 5862
f 5846 5862 5863
f 5846 5863 5864
f 5846 5864 5865
f 5846 5865 5866
f 5846 5866 5867
f 5846 5867 5868
f 5846 5868 5869
f 5846 5869 5870

